日期,指数代码,指数中文全称,指数中文简称,指数英文全称,指数英文简称,开盘,最高,最低,收盘,涨跌,涨跌幅,成交量,成交金额,样本数量,滚动市盈率
2020-01-01,000510,中证A500指数,中证A500,CSI A500 Index,CSI A500,4524.72,4583.47,4524.72,4571.48,,1.55,22259527924.0,3050.46,,
2020-01-02,000510,中证A500指数,中证A500,CSI A500 Index,CSI A500,4524.72,4583.47,4524.72,4571.48,,1.55,22259527924.0,3050.46,,
2020-01-03,000510,中证A500指数,中证A500,CSI A500 Index,CSI A500,4582.75,4586.8,4552.92,4568.62,,-0.06,19066828946.0,2642.77,,
2020-01-06,000510,中证A500指数,中证A500,CSI A500 Index,CSI A500,4546.28,4603.3,4541.61,4564.16,,-0.1,23780084749.0,3179.27,,
2020-01-07,000510,中证A500指数,中证A500,CSI A500 Index,CSI A500,4572.55,4604.04,4572.55,4604.04,,0.87,20232425413.0,2617.73,,
2020-01-08,000510,中证A500指数,中证A500,CSI A500 Index,CSI A500,4583.53,4594.2,4547.31,4554.89,,-1.07,23183596835.0,2810.37,,
2020-01-09,000510,中证A500指数,中证A500,CSI A500 Index,CSI A500,4589.86,4616.93,4589.86,4616.93,,1.36,19394501614.0,2672.44,,
2020-01-10,000510,中证A500指数,中证A500,CSI A500 Index,CSI A500,4628.44,4628.44,4597.1,4614.16,,-0.06,16201714580.0,2344.25,,
2020-01-13,000510,中证A500指数,中证A500,CSI A500 Index,CSI A500,4620.05,4664.77,4607.92,4664.77,,1.1,17195492827.0,2612.16,,
2020-01-14,000510,中证A500指数,中证A500,CSI A500 Index,CSI A500,4679.01,4685.52,4650.24,4650.24,,-0.31,18724131280.0,2614.5,,
2020-01-15,000510,中证A500指数,中证A500,CSI A500 Index,CSI A500,4644.83,4655.12,4611.19,4631.12,,-0.41,16030293184.0,2258.11,,
2020-01-16,000510,中证A500指数,中证A500,CSI A500 Index,CSI A500,4640.67,4640.67,4612.69,4617.91,,-0.28,15648185699.0,2226.14,,
2020-01-17,000510,中证A500指数,中证A500,CSI A500 Index,CSI A500,4632.14,4642.91,4612.15,4621.53,,0.08,14872400458.0,2227.24,,
2020-01-20,000510,中证A500指数,中证A500,CSI A500 Index,CSI A500,4639.85,4668.43,4627.72,4668.43,,1.02,17431905168.0,2714.63,,
2020-01-21,000510,中证A500指数,中证A500,CSI A500 Index,CSI A500,4648.67,4648.67,4594.17,4594.17,,-1.59,17789397109.0,2681.73,,
2020-01-22,000510,中证A500指数,中证A500,CSI A500 Index,CSI A500,4570.73,4634.26,4519.82,4623.69,,0.64,17896313109.0,2775.49,,
2020-01-23,000510,中证A500指数,中证A500,CSI A500 Index,CSI A500,4580.35,4597.36,4440.1,4478.96,,-3.13,22215130106.0,3333.16,,
2020-02-03,000510,中证A500指数,中证A500,CSI A500 Index,CSI A500,4078.42,4177.56,4078.42,4132.44,,-7.74,18294610057.0,2857.8,,
2020-02-04,000510,中证A500指数,中证A500,CSI A500 Index,CSI A500,4087.76,4252.59,4087.76,4251.51,,2.88,28969897732.0,3817.89,,
2020-02-05,000510,中证A500指数,中证A500,CSI A500 Index,CSI A500,4276.99,4348.35,4276.99,4316.92,,1.54,24464182396.0,3579.54,,
2020-02-06,000510,中证A500指数,中证A500,CSI A500 Index,CSI A500,4327.26,4419.59,4318.58,4414.65,,2.26,25538425287.0,3716.01,,
2020-02-07,000510,中证A500指数,中证A500,CSI A500 Index,CSI A500,4397.57,4423.36,4362.13,4423.36,,0.2,24779925038.0,3601.32,,
2020-02-10,000510,中证A500指数,中证A500,CSI A500 Index,CSI A500,4401.1,4447.77,4392.65,4445.85,,0.51,24347055753.0,3479.25,,
2020-02-11,000510,中证A500指数,中证A500,CSI A500 Index,CSI A500,4455.17,4489.81,4450.97,4470.36,,0.55,21113420540.0,3014.72,,
2020-02-12,000510,中证A500指数,中证A500,CSI A500 Index,CSI A500,4460.8,4523.97,4460.8,4523.97,,1.2,20185825138.0,3032.14,,
2020-02-13,000510,中证A500指数,中证A500,CSI A500 Index,CSI A500,4522.8,4531.22,4480.06,4492.56,,-0.69,21955438960.0,3355.59,,
2020-02-14,000510,中证A500指数,中证A500,CSI A500 Index,CSI A500,4487.37,4531.71,4487.37,4508.89,,0.36,20660752154.0,3165.93,,
2020-02-17,000510,中证A500指数,中证A500,CSI A500 Index,CSI A500,4519.94,4617.7,4519.94,4617.7,,2.41,24595685667.0,3587.23,,
2020-02-18,000510,中证A500指数,中证A500,CSI A500 Index,CSI A500,4615.3,4630.59,4579.1,4619.01,,0.03,24967029583.0,3605.72,,
2020-02-19,000510,中证A500指数,中证A500,CSI A500 Index,CSI A500,4612.18,4641.32,4595.28,4599.99,,-0.41,25788671045.0,3846.6,,
2020-02-20,000510,中证A500指数,中证A500,CSI A500 Index,CSI A500,4615.25,4697.73,4611.19,4697.73,,2.13,27449329308.0,4056.48,,
2020-02-21,000510,中证A500指数,中证A500,CSI A500 Index,CSI A500,4689.73,4742.37,4689.73,4721.95,,0.52,29412989526.0,4391.88,,
2020-02-24,000510,中证A500指数,中证A500,CSI A500 Index,CSI A500,4708.08,4738.24,4679.62,4723.18,,0.03,31286022619.0,4736.61,,
2020-02-25,000510,中证A500指数,中证A500,CSI A500 Index,CSI A500,4641.61,4726.74,4611.51,4722.04,,-0.02,36037977637.0,5430.26,,
2020-02-26,000510,中证A500指数,中证A500,CSI A500 Index,CSI A500,4657.89,4706.26,4634.28,4636.17,,-1.82,36545873742.0,5119.1,,
2020-02-27,000510,中证A500指数,中证A500,CSI A500 Index,CSI A500,4653.29,4684.83,4634.99,4651.52,,0.33,27528815604.0,4102.36,,
2020-02-28,000510,中证A500指数,中证A500,CSI A500 Index,CSI A500,4526.69,4574.48,4461.91,4464.31,,-4.03,32461600430.0,4559.31,,
2020-03-02,000510,中证A500指数,中证A500,CSI A500 Index,CSI A500,4504.15,4634.77,4504.15,4610.67,,3.28,29991183164.0,4225.55,,
2020-03-03,000510,中证A500指数,中证A500,CSI A500 Index,CSI A500,4682.0,4717.3,4614.21,4644.19,,0.73,31781084265.0,4613.94,,
2020-03-04,000510,中证A500指数,中证A500,CSI A500 Index,CSI A500,4625.68,4656.12,4593.01,4655.95,,0.25,25334674604.0,3690.23,,
2020-03-05,000510,中证A500指数,中证A500,CSI A500 Index,CSI A500,4704.87,4754.3,4674.98,4747.11,,1.96,29513226464.0,4337.46,,
2020-03-06,000510,中证A500指数,中证A500,CSI A500 Index,CSI A500,4692.15,4715.48,4681.5,4685.28,,-1.3,23775142025.0,3224.7,,
2020-03-09,000510,中证A500指数,中证A500,CSI A500 Index,CSI A500,4598.39,4598.39,4505.87,4505.87,,-3.83,29141460463.0,3986.04,,
2020-03-10,000510,中证A500指数,中证A500,CSI A500 Index,CSI A500,4476.55,4620.4,4457.95,4615.49,,2.43,27665899449.0,3897.18,,
2020-03-11,000510,中证A500指数,中证A500,CSI A500 Index,CSI A500,4628.82,4628.82,4552.76,4552.76,,-1.36,24371596213.0,3376.69,,
2020-03-12,000510,中证A500指数,中证A500,CSI A500 Index,CSI A500,4490.06,4494.49,4434.29,4464.02,,-1.95,22447424968.0,3073.87,,
2020-03-13,000510,中证A500指数,中证A500,CSI A500 Index,CSI A500,4255.7,4448.53,4255.7,4408.27,,-1.25,27270936028.0,3733.5,,
2020-03-16,000510,中证A500指数,中证A500,CSI A500 Index,CSI A500,4416.45,4416.45,4212.21,4212.21,,-4.45,26413332400.0,3759.16,,
2020-03-17,000510,中证A500指数,中证A500,CSI A500 Index,CSI A500,4232.3,4232.86,4087.45,4201.4,,-0.26,23245123176.0,3273.26,,
2020-03-18,000510,中证A500指数,中证A500,CSI A500 Index,CSI A500,4228.34,4281.11,4124.13,4124.13,,-1.84,22780839502.0,3325.21,,
2020-03-19,000510,中证A500指数,中证A500,CSI A500 Index,CSI A500,4113.76,4138.29,4002.44,4084.85,,-0.95,24004140767.0,3474.4,,
2020-03-20,000510,中证A500指数,中证A500,CSI A500 Index,CSI A500,4133.1,4161.39,4084.3,4153.49,,1.68,19360799789.0,2835.71,,
2020-03-23,000510,中证A500指数,中证A500,CSI A500 Index,CSI A500,4027.35,4073.12,3995.27,4002.32,,-3.64,19316845582.0,2684.78,,
2020-03-24,000510,中证A500指数,中证A500,CSI A500 Index,CSI A500,4081.59,4108.4,4018.33,4104.12,,2.54,20461275187.0,2811.37,,
2020-03-25,000510,中证A500指数,中证A500,CSI A500 Index,CSI A500,4202.52,4220.09,4183.62,4214.95,,2.7,20963999634.0,2983.47,,
2020-03-26,000510,中证A500指数,中证A500,CSI A500 Index,CSI A500,4181.21,4220.77,4180.35,4183.42,,-0.75,16047637265.0,2331.15,,
2020-03-27,000510,中证A500指数,中证A500,CSI A500 Index,CSI A500,4239.83,4242.01,4186.07,4186.07,,0.06,16719168379.0,2423.77,,
2020-03-30,000510,中证A500指数,中证A500,CSI A500 Index,CSI A500,4125.35,4152.08,4087.26,4129.11,,-1.36,17913834766.0,2453.52,,
2020-03-31,000510,中证A500指数,中证A500,CSI A500 Index,CSI A500,4168.22,4171.51,4134.33,4142.13,,0.31,15207092022.0,2062.06,,
2020-04-01,000510,中证A500指数,中证A500,CSI A500 Index,CSI A500,4138.29,4195.74,4128.23,4131.48,,-0.26,16507345174.0,2249.26,,
2020-04-02,000510,中证A500指数,中证A500,CSI A500 Index,CSI A500,4111.37,4213.28,4111.37,4213.28,,1.98,16242552569.0,2315.94,,
2020-04-03,000510,中证A500指数,中证A500,CSI A500 Index,CSI A500,4200.71,4213.01,4172.72,4185.84,,-0.65,14441580496.0,2120.12,,
2020-04-07,000510,中证A500指数,中证A500,CSI A500 Index,CSI A500,4264.62,4294.01,4261.85,4292.3,,2.54,19441897161.0,2750.06,,
2020-04-08,000510,中证A500指数,中证A500,CSI A500 Index,CSI A500,4268.61,4288.61,4265.67,4279.02,,-0.31,16735395576.0,2293.57,,
2020-04-09,000510,中证A500指数,中证A500,CSI A500 Index,CSI A500,4301.23,4307.9,4288.26,4299.62,,0.48,15006322540.0,2184.75,,
2020-04-10,000510,中证A500指数,中证A500,CSI A500 Index,CSI A500,4301.71,4315.76,4250.36,4255.32,,-1.03,15678607977.0,2310.81,,
2020-04-13,000510,中证A500指数,中证A500,CSI A500 Index,CSI A500,4232.65,4251.41,4221.56,4230.63,,-0.58,12233572766.0,1733.63,,
2020-04-14,000510,中证A500指数,中证A500,CSI A500 Index,CSI A500,4259.69,4318.7,4250.11,4318.7,,2.08,15157774432.0,2289.35,,
2020-04-15,000510,中证A500指数,中证A500,CSI A500 Index,CSI A500,4316.73,4323.16,4289.46,4290.35,,-0.66,15740363928.0,2354.21,,
2020-04-16,000510,中证A500指数,中证A500,CSI A500 Index,CSI A500,4267.77,4307.56,4267.77,4307.37,,0.4,14444843198.0,2091.06,,
2020-04-17,000510,中证A500指数,中证A500,CSI A500 Index,CSI A500,4343.7,4373.93,4342.6,4348.1,,0.95,19231331617.0,2893.57,,
2020-04-20,000510,中证A500指数,中证A500,CSI A500 Index,CSI A500,4356.22,4374.79,4347.68,4374.67,,0.61,16189948988.0,2311.32,,
2020-04-21,000510,中证A500指数,中证A500,CSI A500 Index,CSI A500,4357.82,4357.82,4291.43,4326.24,,-1.11,16635922126.0,2359.62,,
2020-04-22,000510,中证A500指数,中证A500,CSI A500 Index,CSI A500,4300.77,4361.69,4300.77,4361.69,,0.82,14318623524.0,2002.96,,
2020-04-23,000510,中证A500指数,中证A500,CSI A500 Index,CSI A500,4377.65,4377.65,4343.39,4346.14,,-0.36,15810408450.0,2185.63,,
2020-04-24,000510,中证A500指数,中证A500,CSI A500 Index,CSI A500,4339.93,4339.93,4292.05,4301.29,,-1.03,14858901566.0,2035.32,,
2020-04-27,000510,中证A500指数,中证A500,CSI A500 Index,CSI A500,4312.41,4343.62,4304.36,4322.08,,0.48,13863362627.0,1943.78,,
2020-04-28,000510,中证A500指数,中证A500,CSI A500 Index,CSI A500,4332.58,4350.81,4246.53,4340.13,,0.42,17703094422.0,2473.0,,
2020-04-29,000510,中证A500指数,中证A500,CSI A500 Index,CSI A500,4324.52,4374.17,4324.52,4354.04,,0.32,13272768326.0,1942.54,,
2020-04-30,000510,中证A500指数,中证A500,CSI A500 Index,CSI A500,4373.92,4426.39,4373.92,4420.99,,1.54,18665119407.0,2765.45,,
2020-05-06,000510,中证A500指数,中证A500,CSI A500 Index,CSI A500,4374.07,4468.59,4374.07,4467.84,,1.06,20011458877.0,2959.66,,
2020-05-07,000510,中证A500指数,中证A500,CSI A500 Index,CSI A500,4470.33,4473.2,4444.96,4455.39,,-0.28,16218981835.0,2374.92,,
2020-05-08,000510,中证A500指数,中证A500,CSI A500 Index,CSI A500,4477.07,4514.52,4477.07,4499.55,,0.99,16678512409.0,2571.33,,
2020-05-11,000510,中证A500指数,中证A500,CSI A500 Index,CSI A500,4517.01,4535.42,4479.45,4496.08,,-0.08,17722693754.0,2636.48,,
2020-05-12,000510,中证A500指数,中证A500,CSI A500 Index,CSI A500,4496.2,4506.72,4469.22,4505.2,,0.2,15235768161.0,2270.12,,
2020-05-13,000510,中证A500指数,中证A500,CSI A500 Index,CSI A500,4489.86,4518.35,4479.18,4517.11,,0.27,13838132268.0,2136.24,,
2020-05-14,000510,中证A500指数,中证A500,CSI A500 Index,CSI A500,4498.65,4499.01,4470.98,4471.89,,-1.0,14667682549.0,2139.17,,
2020-05-15,000510,中证A500指数,中证A500,CSI A500 Index,CSI A500,4490.96,4490.96,4458.8,4464.98,,-0.15,14885358751.0,2357.02,,
2020-05-18,000510,中证A500指数,中证A500,CSI A500 Index,CSI A500,4470.33,4493.4,4449.58,4464.68,,-0.01,17626848531.0,2763.87,,
2020-05-19,000510,中证A500指数,中证A500,CSI A500 Index,CSI A500,4509.59,4515.32,4493.13,4514.59,,1.12,14648453811.0,2377.2,,
2020-05-20,000510,中证A500指数,中证A500,CSI A500 Index,CSI A500,4516.83,4516.83,4480.56,4487.41,,-0.6,16181218919.0,2482.87,,
2020-05-21,000510,中证A500指数,中证A500,CSI A500 Index,CSI A500,4505.82,4505.82,4450.76,4455.34,,-0.72,14732554951.0,2255.32,,
2020-05-22,000510,中证A500指数,中证A500,CSI A500 Index,CSI A500,4448.08,4448.08,4352.63,4352.63,,-2.31,14931363100.0,2195.43,,
2020-05-25,000510,中证A500指数,中证A500,CSI A500 Index,CSI A500,4356.02,4356.39,4330.15,4353.58,,0.02,11518224499.0,1753.3,,
2020-05-26,000510,中证A500指数,中证A500,CSI A500 Index,CSI A500,4378.66,4419.89,4378.66,4417.79,,1.48,12046963871.0,1849.19,,
2020-05-27,000510,中证A500指数,中证A500,CSI A500 Index,CSI A500,4420.37,4420.37,4372.99,4380.41,,-0.85,13321313439.0,1908.6,,
2020-05-28,000510,中证A500指数,中证A500,CSI A500 Index,CSI A500,4382.04,4402.84,4338.6,4383.29,,0.07,13343682414.0,1916.81,,
2020-05-29,000510,中证A500指数,中证A500,CSI A500 Index,CSI A500,4365.14,4413.41,4365.14,4403.38,,0.46,14705300488.0,1973.13,,
2020-06-01,000510,中证A500指数,中证A500,CSI A500 Index,CSI A500,4440.58,4531.97,4440.58,4527.8,,2.83,19605303601.0,2813.51,,
2020-06-02,000510,中证A500指数,中证A500,CSI A500 Index,CSI A500,4531.65,4541.89,4519.92,4536.74,,0.2,20743691374.0,2720.25,,
2020-06-03,000510,中证A500指数,中证A500,CSI A500 Index,CSI A500,4554.79,4568.22,4538.9,4538.9,,0.05,19906031411.0,2802.29,,
2020-06-04,000510,中证A500指数,中证A500,CSI A500 Index,CSI A500,4554.41,4554.41,4526.39,4540.25,,0.03,16084718036.0,2186.08,,
2020-06-05,000510,中证A500指数,中证A500,CSI A500 Index,CSI A500,4546.62,4563.91,4529.91,4563.91,,0.52,15243801048.0,2124.12,,
2020-06-08,000510,中证A500指数,中证A500,CSI A500 Index,CSI A500,4589.96,4613.24,4574.11,4579.0,,0.33,18741851505.0,2590.12,,
2020-06-09,000510,中证A500指数,中证A500,CSI A500 Index,CSI A500,4585.78,4611.42,4585.76,4609.26,,0.66,16058311990.0,2207.23,,
2020-06-10,000510,中证A500指数,中证A500,CSI A500 Index,CSI A500,4610.64,4610.93,4589.04,4608.8,,-0.01,15908884160.0,2241.23,,
2020-06-11,000510,中证A500指数,中证A500,CSI A500 Index,CSI A500,4602.76,4623.06,4560.94,4570.37,,-0.83,18225468818.0,2763.74,,
2020-06-12,000510,中证A500指数,中证A500,CSI A500 Index,CSI A500,4491.56,4580.35,4491.56,4578.72,,0.18,19016263093.0,2732.81,,
2020-06-15,000510,中证A500指数,中证A500,CSI A500 Index,CSI A500,4558.35,4585.55,4528.09,4528.09,,-1.11,19223177739.0,2846.91,,
2020-06-16,000510,中证A500指数,中证A500,CSI A500 Index,CSI A500,4575.89,4607.55,4573.57,4607.55,,1.76,17976805638.0,2645.8,,
2020-06-17,000510,中证A500指数,中证A500,CSI A500 Index,CSI A500,4614.06,4616.21,4584.32,4615.95,,0.18,18414513089.0,2653.8,,
2020-06-18,000510,中证A500指数,中证A500,CSI A500 Index,CSI A500,4607.73,4641.2,4598.35,4637.77,,0.47,21126662430.0,2889.92,,
2020-06-19,000510,中证A500指数,中证A500,CSI A500 Index,CSI A500,4642.03,4703.24,4642.03,4695.52,,1.25,20030550989.0,3086.9,,
2020-06-22,000510,中证A500指数,中证A500,CSI A500 Index,CSI A500,4696.14,4715.86,4684.76,4695.88,,0.01,19404554099.0,3118.3,,
2020-06-23,000510,中证A500指数,中证A500,CSI A500 Index,CSI A500,4694.33,4724.73,4673.65,4722.54,,0.57,17356756044.0,2947.21,,
2020-06-24,000510,中证A500指数,中证A500,CSI A500 Index,CSI A500,4731.11,4743.67,4723.13,4738.67,,0.34,15940246921.0,2792.39,,
2020-06-29,000510,中证A500指数,中证A500,CSI A500 Index,CSI A500,4724.1,4724.1,4690.78,4708.42,,-0.64,17085627321.0,2800.73,,
2020-06-30,000510,中证A500指数,中证A500,CSI A500 Index,CSI A500,4732.79,4780.58,4732.79,4770.21,,1.31,16142094567.0,2791.31,,
2020-07-01,000510,中证A500指数,中证A500,CSI A500 Index,CSI A500,4785.29,4835.92,4782.79,4835.92,,1.38,20435409226.0,3568.59,,
2020-07-02,000510,中证A500指数,中证A500,CSI A500 Index,CSI A500,4828.39,4911.99,4828.39,4911.84,,1.57,28458910869.0,4319.2,,
2020-07-03,000510,中证A500指数,中证A500,CSI A500 Index,CSI A500,4927.67,4987.84,4927.67,4987.84,,1.55,30836042050.0,4662.82,,
2020-07-06,000510,中证A500指数,中证A500,CSI A500 Index,CSI A500,5026.97,5239.98,5026.97,5232.28,,4.9,44649776921.0,6390.15,,
2020-07-07,000510,中证A500指数,中证A500,CSI A500 Index,CSI A500,5305.38,5383.78,5298.14,5298.14,,1.26,45269374261.0,6888.24,,
2020-07-08,000510,中证A500指数,中证A500,CSI A500 Index,CSI A500,5299.34,5400.06,5284.16,5383.17,,1.61,38881236913.0,5884.15,,
2020-07-09,000510,中证A500指数,中证A500,CSI A500 Index,CSI A500,5385.39,5489.23,5385.39,5479.56,,1.79,42093621814.0,6452.87,,
2020-07-10,000510,中证A500指数,中证A500,CSI A500 Index,CSI A500,5439.38,5477.72,5397.0,5406.72,,-1.33,37915598598.0,6011.15,,
2020-07-13,000510,中证A500指数,中证A500,CSI A500 Index,CSI A500,5407.05,5554.95,5407.05,5548.96,,2.63,39058091864.0,6312.91,,
2020-07-14,000510,中证A500指数,中证A500,CSI A500 Index,CSI A500,5530.55,5551.71,5415.56,5488.31,,-1.09,38939503912.0,6408.7,,
2020-07-15,000510,中证A500指数,中证A500,CSI A500 Index,CSI A500,5502.09,5508.1,5383.14,5406.62,,-1.49,34905498716.0,5918.8,,
2020-07-16,000510,中证A500指数,中证A500,CSI A500 Index,CSI A500,5405.9,5429.67,5137.61,5137.61,,-4.98,34474209710.0,5889.02,,
2020-07-17,000510,中证A500指数,中证A500,CSI A500 Index,CSI A500,5147.57,5230.27,5132.02,5180.16,,0.83,25321881433.0,4372.59,,
2020-07-20,000510,中证A500指数,中证A500,CSI A500 Index,CSI A500,5243.72,5333.05,5189.63,5333.05,,2.95,30116153229.0,4840.11,,
2020-07-21,000510,中证A500指数,中证A500,CSI A500 Index,CSI A500,5352.4,5374.28,5320.13,5356.68,,0.44,25860066942.0,4304.05,,
2020-07-22,000510,中证A500指数,中证A500,CSI A500 Index,CSI A500,5348.68,5460.46,5348.68,5389.18,,0.61,27409517725.0,4561.76,,
2020-07-23,000510,中证A500指数,中证A500,CSI A500 Index,CSI A500,5340.8,5394.33,5276.54,5394.06,,0.09,29400001551.0,4931.09,,
2020-07-24,000510,中证A500指数,中证A500,CSI A500 Index,CSI A500,5356.59,5356.59,5119.79,5143.91,,-4.64,30650872110.0,5286.86,,
2020-07-27,000510,中证A500指数,中证A500,CSI A500 Index,CSI A500,5174.41,5196.66,5132.36,5170.21,,0.51,21003735318.0,3677.31,,
2020-07-28,000510,中证A500指数,中证A500,CSI A500 Index,CSI A500,5216.85,5241.14,5181.92,5214.28,,0.85,20335658778.0,3531.21,,
2020-07-29,000510,中证A500指数,中证A500,CSI A500 Index,CSI A500,5204.61,5347.23,5197.75,5347.07,,2.55,22895888330.0,4121.33,,
2020-07-30,000510,中证A500指数,中证A500,CSI A500 Index,CSI A500,5363.29,5369.63,5320.47,5321.45,,-0.48,22291228639.0,4070.96,,
2020-07-31,000510,中证A500指数,中证A500,CSI A500 Index,CSI A500,5318.59,5414.54,5296.09,5372.54,,0.96,23790795075.0,4262.57,,
2020-08-03,000510,中证A500指数,中证A500,CSI A500 Index,CSI A500,5417.01,5473.66,5411.1,5473.66,,1.88,27882437571.0,4912.6,,
2020-08-04,000510,中证A500指数,中证A500,CSI A500 Index,CSI A500,5483.19,5491.82,5442.83,5460.43,,-0.24,29127349161.0,5105.28,,
2020-08-05,000510,中证A500指数,中证A500,CSI A500 Index,CSI A500,5453.89,5488.82,5405.64,5478.6,,0.33,26021199236.0,4367.5,,
2020-08-06,000510,中证A500指数,中证A500,CSI A500 Index,CSI A500,5481.88,5481.88,5386.1,5456.16,,-0.41,30100803677.0,4957.88,,
2020-08-07,000510,中证A500指数,中证A500,CSI A500 Index,CSI A500,5439.43,5448.12,5320.28,5398.3,,-1.06,27386209361.0,4807.08,,
2020-08-10,000510,中证A500指数,中证A500,CSI A500 Index,CSI A500,5370.68,5436.63,5356.71,5408.44,,0.19,25492616406.0,4394.54,,
2020-08-11,000510,中证A500指数,中证A500,CSI A500 Index,CSI A500,5414.42,5466.25,5347.46,5347.46,,-1.13,25568588186.0,4114.53,,
2020-08-12,000510,中证A500指数,中证A500,CSI A500 Index,CSI A500,5333.09,5333.97,5209.24,5299.25,,-0.9,25521242551.0,4159.02,,
2020-08-13,000510,中证A500指数,中证A500,CSI A500 Index,CSI A500,5322.53,5322.53,5284.09,5286.89,,-0.23,20116222859.0,3027.85,,
2020-08-14,000510,中证A500指数,中证A500,CSI A500 Index,CSI A500,5278.64,5358.3,5275.95,5357.81,,1.34,18817254887.0,3002.1,,
2020-08-17,000510,中证A500指数,中证A500,CSI A500 Index,CSI A500,5377.86,5472.46,5377.86,5465.05,,2.0,28665444172.0,4359.15,,
2020-08-18,000510,中证A500指数,中证A500,CSI A500 Index,CSI A500,5468.91,5479.4,5445.69,5470.71,,0.1,23263855157.0,3662.17,,
2020-08-19,000510,中证A500指数,中证A500,CSI A500 Index,CSI A500,5462.87,5462.87,5373.74,5373.74,,-1.77,24549299605.0,3771.39,,
2020-08-20,000510,中证A500指数,中证A500,CSI A500 Index,CSI A500,5337.32,5356.21,5304.78,5312.22,,-1.15,20881056176.0,3137.82,,
2020-08-21,000510,中证A500指数,中证A500,CSI A500 Index,CSI A500,5354.97,5376.82,5324.78,5355.43,,0.81,18906967410.0,3013.14,,
2020-08-24,000510,中证A500指数,中证A500,CSI A500 Index,CSI A500,5388.05,5420.83,5354.69,5408.4,,0.99,20463421012.0,3323.52,,
2020-08-25,000510,中证A500指数,中证A500,CSI A500 Index,CSI A500,5421.99,5443.73,5397.24,5408.28,,0.0,20073874948.0,3202.86,,
2020-08-26,000510,中证A500指数,中证A500,CSI A500 Index,CSI A500,5409.36,5424.57,5319.27,5337.07,,-1.32,20669814338.0,3348.93,,
2020-08-27,000510,中证A500指数,中证A500,CSI A500 Index,CSI A500,5353.66,5377.07,5313.31,5375.69,,0.72,17566680383.0,2893.62,,
2020-08-28,000510,中证A500指数,中证A500,CSI A500 Index,CSI A500,5371.79,5488.82,5366.54,5488.53,,2.1,21168327156.0,3540.4,,
2020-08-31,000510,中证A500指数,中证A500,CSI A500 Index,CSI A500,5520.69,5548.2,5461.87,5461.87,,-0.49,24458160906.0,3938.8,,
2020-09-01,000510,中证A500指数,中证A500,CSI A500 Index,CSI A500,5449.82,5497.32,5449.82,5497.32,,0.65,18783409032.0,3104.36,,
2020-09-02,000510,中证A500指数,中证A500,CSI A500 Index,CSI A500,5516.17,5522.01,5450.51,5505.74,,0.15,23163530464.0,3481.47,,
2020-09-03,000510,中证A500指数,中证A500,CSI A500 Index,CSI A500,5503.94,5530.11,5459.93,5469.79,,-0.65,21057673335.0,3384.19,,
2020-09-04,000510,中证A500指数,中证A500,CSI A500 Index,CSI A500,5376.96,5429.21,5376.96,5421.34,,-0.89,18062070991.0,2986.78,,
2020-09-07,000510,中证A500指数,中证A500,CSI A500 Index,CSI A500,5414.05,5447.77,5294.24,5307.01,,-2.11,22883018469.0,3653.96,,
2020-09-08,000510,中证A500指数,中证A500,CSI A500 Index,CSI A500,5323.44,5345.4,5279.84,5336.6,,0.56,21979389905.0,3138.56,,
2020-09-09,000510,中证A500指数,中证A500,CSI A500 Index,CSI A500,5268.0,5273.05,5178.55,5199.37,,-2.57,27865045933.0,3377.1,,
2020-09-10,000510,中证A500指数,中证A500,CSI A500 Index,CSI A500,5249.68,5257.06,5162.54,5173.56,,-0.5,23930165692.0,2917.28,,
2020-09-11,000510,中证A500指数,中证A500,CSI A500 Index,CSI A500,5160.6,5239.84,5160.6,5237.35,,1.23,16744972260.0,2383.03,,
2020-09-14,000510,中证A500指数,中证A500,CSI A500 Index,CSI A500,5269.29,5298.15,5248.89,5277.35,,0.76,17147790132.0,2682.21,,
2020-09-15,000510,中证A500指数,中证A500,CSI A500 Index,CSI A500,5278.36,5325.81,5262.82,5323.0,,0.86,15752057803.0,2493.39,,
2020-09-16,000510,中证A500指数,中证A500,CSI A500 Index,CSI A500,5316.24,5316.24,5265.37,5282.26,,-0.77,15762130362.0,2381.48,,
2020-09-17,000510,中证A500指数,中证A500,CSI A500 Index,CSI A500,5267.22,5298.92,5231.52,5267.81,,-0.27,15723775645.0,2643.57,,
2020-09-18,000510,中证A500指数,中证A500,CSI A500 Index,CSI A500,5273.4,5367.5,5270.48,5367.5,,1.89,19423867282.0,3067.44,,
2020-09-21,000510,中证A500指数,中证A500,CSI A500 Index,CSI A500,5378.31,5378.31,5318.05,5321.31,,-0.86,16460091555.0,2617.79,,
2020-09-22,000510,中证A500指数,中证A500,CSI A500 Index,CSI A500,5280.08,5318.31,5247.87,5253.9,,-1.27,15020175601.0,2357.49,,
2020-09-23,000510,中证A500指数,中证A500,CSI A500 Index,CSI A500,5261.94,5293.36,5249.77,5281.51,,0.53,12730603573.0,2281.38,,
2020-09-24,000510,中证A500指数,中证A500,CSI A500 Index,CSI A500,5245.57,5245.57,5168.3,5168.3,,-2.14,15155348596.0,2332.27,,
2020-09-25,000510,中证A500指数,中证A500,CSI A500 Index,CSI A500,5191.98,5203.53,5153.19,5168.06,,-0.01,11202177275.0,1864.02,,
2020-09-28,000510,中证A500指数,中证A500,CSI A500 Index,CSI A500,5184.79,5205.85,5159.71,5167.09,,-0.02,10683765456.0,1805.04,,
2020-09-29,000510,中证A500指数,中证A500,CSI A500 Index,CSI A500,5196.23,5215.13,5179.71,5194.42,,0.53,11157309297.0,1910.91,,
2020-09-30,000510,中证A500指数,中证A500,CSI A500 Index,CSI A500,5212.61,5245.11,5171.6,5195.33,,0.02,11369734457.0,1942.87,,
2020-10-09,000510,中证A500指数,中证A500,CSI A500 Index,CSI A500,5290.33,5339.04,5290.33,5324.93,,2.5,14734710246.0,2758.12,,
2020-10-12,000510,中证A500指数,中证A500,CSI A500 Index,CSI A500,5357.82,5486.06,5357.82,5486.06,,3.03,19579964784.0,3567.35,,
2020-10-13,000510,中证A500指数,中证A500,CSI A500 Index,CSI A500,5478.97,5511.03,5458.19,5504.18,,0.33,14698547004.0,2824.11,,
2020-10-14,000510,中证A500指数,中证A500,CSI A500 Index,CSI A500,5495.72,5495.72,5462.49,5471.94,,-0.59,15762064405.0,2837.29,,
2020-10-15,000510,中证A500指数,中证A500,CSI A500 Index,CSI A500,5476.35,5483.75,5453.18,5453.18,,-0.34,14526302744.0,2537.68,,
2020-10-16,000510,中证A500指数,中证A500,CSI A500 Index,CSI A500,5452.89,5469.22,5406.65,5435.46,,-0.32,14623886736.0,2423.87,,
2020-10-19,000510,中证A500指数,中证A500,CSI A500 Index,CSI A500,5473.12,5489.78,5384.24,5394.39,,-0.76,15378214948.0,2565.6,,
2020-10-20,000510,中证A500指数,中证A500,CSI A500 Index,CSI A500,5392.6,5449.03,5385.87,5449.03,,1.01,13318684892.0,2247.73,,
2020-10-21,000510,中证A500指数,中证A500,CSI A500 Index,CSI A500,5457.08,5457.08,5395.42,5424.73,,-0.45,13944126085.0,2392.98,,
2020-10-22,000510,中证A500指数,中证A500,CSI A500 Index,CSI A500,5408.69,5408.69,5346.42,5401.81,,-0.42,12893436420.0,2260.23,,
2020-10-23,000510,中证A500指数,中证A500,CSI A500 Index,CSI A500,5402.2,5425.9,5322.92,5326.09,,-1.4,12986404424.0,2288.66,,
2020-10-26,000510,中证A500指数,中证A500,CSI A500 Index,CSI A500,5292.94,5333.39,5261.13,5321.13,,-0.09,12395018382.0,2242.51,,
2020-10-27,000510,中证A500指数,中证A500,CSI A500 Index,CSI A500,5307.72,5339.68,5300.08,5330.24,,0.17,12146894317.0,2211.36,,
2020-10-28,000510,中证A500指数,中证A500,CSI A500 Index,CSI A500,5331.78,5387.64,5311.31,5374.1,,0.82,14234505603.0,2718.59,,
2020-10-29,000510,中证A500指数,中证A500,CSI A500 Index,CSI A500,5311.06,5435.76,5311.06,5409.42,,0.66,15340123805.0,2949.81,,
2020-10-30,000510,中证A500指数,中证A500,CSI A500 Index,CSI A500,5419.26,5419.26,5322.51,5326.33,,-1.54,17871795771.0,3286.8,,
2020-11-02,000510,中证A500指数,中证A500,CSI A500 Index,CSI A500,5336.6,5379.53,5326.45,5367.02,,0.76,18240240953.0,3219.24,,
2020-11-03,000510,中证A500指数,中证A500,CSI A500 Index,CSI A500,5392.93,5444.91,5392.93,5433.06,,1.23,17228648660.0,2973.52,,
2020-11-04,000510,中证A500指数,中证A500,CSI A500 Index,CSI A500,5438.22,5473.6,5429.02,5471.58,,0.71,15030828293.0,2728.53,,
2020-11-05,000510,中证A500指数,中证A500,CSI A500 Index,CSI A500,5526.66,5557.56,5507.66,5557.56,,1.57,18256993408.0,3309.45,,
2020-11-06,000510,中证A500指数,中证A500,CSI A500 Index,CSI A500,5573.7,5573.7,5507.74,5546.89,,-0.19,19713041253.0,3532.65,,
2020-11-09,000510,中证A500指数,中证A500,CSI A500 Index,CSI A500,5586.27,5675.31,5586.27,5659.17,,2.02,25068389131.0,4328.58,,
2020-11-10,000510,中证A500指数,中证A500,CSI A500 Index,CSI A500,5671.27,5671.27,5603.87,5620.69,,-0.68,22632952570.0,3928.52,,
2020-11-11,000510,中证A500指数,中证A500,CSI A500 Index,CSI A500,5603.28,5612.4,5548.95,5548.95,,-1.28,21498558565.0,3508.13,,
2020-11-12,000510,中证A500指数,中证A500,CSI A500 Index,CSI A500,5568.58,5577.49,5544.26,5562.48,,0.24,16219828863.0,2715.03,,
2020-11-13,000510,中证A500指数,中证A500,CSI A500 Index,CSI A500,5543.72,5543.72,5487.11,5522.1,,-0.73,17500190188.0,3003.0,,
2020-11-16,000510,中证A500指数,中证A500,CSI A500 Index,CSI A500,5547.08,5572.11,5510.61,5572.11,,0.91,20817366373.0,3200.22,,
2020-11-17,000510,中证A500指数,中证A500,CSI A500 Index,CSI A500,5571.38,5571.38,5509.46,5541.17,,-0.56,20813894708.0,3388.63,,
2020-11-18,000510,中证A500指数,中证A500,CSI A500 Index,CSI A500,5535.63,5558.88,5508.65,5532.72,,-0.15,21026719599.0,3316.39,,
2020-11-19,000510,中证A500指数,中证A500,CSI A500 Index,CSI A500,5521.89,5571.54,5513.99,5566.21,,0.61,18074510449.0,2875.47,,
2020-11-20,000510,中证A500指数,中证A500,CSI A500 Index,CSI A500,5567.85,5599.62,5567.85,5598.92,,0.59,18553702374.0,2801.06,,
2020-11-23,000510,中证A500指数,中证A500,CSI A500 Index,CSI A500,5616.15,5679.27,5610.99,5661.67,,1.12,26865262626.0,3823.85,,
2020-11-24,000510,中证A500指数,中证A500,CSI A500 Index,CSI A500,5657.65,5657.65,5626.73,5636.44,,-0.45,21628709485.0,3200.81,,
2020-11-25,000510,中证A500指数,中证A500,CSI A500 Index,CSI A500,5653.44,5656.66,5554.24,5554.24,,-1.46,22562664688.0,3352.6,,
2020-11-26,000510,中证A500指数,中证A500,CSI A500 Index,CSI A500,5552.34,5564.84,5504.2,5554.53,,0.01,17847668476.0,2790.06,,
2020-11-27,000510,中证A500指数,中证A500,CSI A500 Index,CSI A500,5565.68,5603.62,5543.29,5603.62,,0.88,18775260150.0,2741.84,,
2020-11-30,000510,中证A500指数,中证A500,CSI A500 Index,CSI A500,5614.32,5664.37,5582.73,5582.73,,-0.37,27009682911.0,3939.3,,
2020-12-01,000510,中证A500指数,中证A500,CSI A500 Index,CSI A500,5585.51,5699.66,5585.51,5696.53,,2.04,21829291746.0,3425.39,,
2020-12-02,000510,中证A500指数,中证A500,CSI A500 Index,CSI A500,5703.61,5705.14,5672.32,5694.8,,-0.03,21796540359.0,3299.43,,
2020-12-03,000510,中证A500指数,中证A500,CSI A500 Index,CSI A500,5693.86,5693.86,5665.1,5683.71,,-0.2,19913465305.0,3059.29,,
2020-12-04,000510,中证A500指数,中证A500,CSI A500 Index,CSI A500,5677.88,5710.02,5658.86,5709.03,,0.45,16494044234.0,2807.54,,
2020-12-07,000510,中证A500指数,中证A500,CSI A500 Index,CSI A500,5712.26,5712.26,5664.83,5673.18,,-0.63,16818691396.0,2982.7,,
2020-12-08,000510,中证A500指数,中证A500,CSI A500 Index,CSI A500,5681.31,5692.96,5656.41,5665.39,,-0.14,14710592372.0,2694.85,,
2020-12-09,000510,中证A500指数,中证A500,CSI A500 Index,CSI A500,5678.38,5678.38,5585.43,5586.11,,-1.4,16843069531.0,2963.37,,
2020-12-10,000510,中证A500指数,中证A500,CSI A500 Index,CSI A500,5572.77,5611.36,5556.8,5588.71,,0.05,15423713498.0,2594.33,,
2020-12-11,000510,中证A500指数,中证A500,CSI A500 Index,CSI A500,5609.52,5609.52,5479.28,5524.98,,-1.14,19877666928.0,3194.71,,
2020-12-14,000510,中证A500指数,中证A500,CSI A500 Index,CSI A500,5537.91,5580.98,5523.43,5578.26,,0.96,15577812613.0,2799.94,,
2020-12-15,000510,中证A500指数,中证A500,CSI A500 Index,CSI A500,5576.25,5608.67,5558.22,5602.61,,0.44,14958733515.0,2829.26,,
2020-12-16,000510,中证A500指数,中证A500,CSI A500 Index,CSI A500,5615.66,5623.29,5592.99,5610.84,,0.15,14102783056.0,2639.13,,
2020-12-17,000510,中证A500指数,中证A500,CSI A500 Index,CSI A500,5617.39,5680.9,5609.78,5676.68,,1.17,17435921271.0,3031.0,,
2020-12-18,000510,中证A500指数,中证A500,CSI A500 Index,CSI A500,5676.71,5685.18,5646.25,5662.23,,-0.25,17563306700.0,2984.6,,
2020-12-21,000510,中证A500指数,中证A500,CSI A500 Index,CSI A500,5663.71,5741.24,5648.23,5741.24,,1.4,19224959439.0,3537.34,,
2020-12-22,000510,中证A500指数,中证A500,CSI A500 Index,CSI A500,5725.52,5745.48,5641.48,5643.71,,-1.7,21366738832.0,3800.01,,
2020-12-23,000510,中证A500指数,中证A500,CSI A500 Index,CSI A500,5656.34,5719.34,5656.34,5696.6,,0.94,19499362832.0,3644.88,,
2020-12-24,000510,中证A500指数,中证A500,CSI A500 Index,CSI A500,5695.98,5716.69,5655.97,5675.97,,-0.36,16882529660.0,3026.19,,
2020-12-25,000510,中证A500指数,中证A500,CSI A500 Index,CSI A500,5659.74,5728.04,5658.49,5728.04,,0.92,17379284102.0,2987.99,,
2020-12-28,000510,中证A500指数,中证A500,CSI A500 Index,CSI A500,5731.71,5766.83,5716.0,5739.37,,0.2,19632537962.0,3406.47,,
2020-12-29,000510,中证A500指数,中证A500,CSI A500 Index,CSI A500,5745.19,5746.01,5708.6,5710.8,,-0.5,20533123212.0,3361.33,,
2020-12-30,000510,中证A500指数,中证A500,CSI A500 Index,CSI A500,5711.27,5804.12,5711.27,5804.12,,1.63,19974929756.0,3523.9,,
2020-12-31,000510,中证A500指数,中证A500,CSI A500 Index,CSI A500,5814.86,5911.5,5814.86,5910.32,,1.83,20861405517.0,3954.01,,
2021-01-04,000510,中证A500指数,中证A500,CSI A500 Index,CSI A500,5917.31,6020.26,5917.31,6008.25,,1.66,26210238801.0,5078.7,,
2021-01-05,000510,中证A500指数,中证A500,CSI A500 Index,CSI A500,5981.41,6104.18,5981.41,6104.18,,1.6,28157756958.0,5486.8,,
2021-01-06,000510,中证A500指数,中证A500,CSI A500 Index,CSI A500,6125.57,6162.23,6071.77,6152.6,,0.79,25492079431.0,5026.61,,
2021-01-07,000510,中证A500指数,中证A500,CSI A500 Index,CSI A500,6159.41,6250.9,6152.86,6250.9,,1.6,29000224420.0,5394.14,,
2021-01-08,000510,中证A500指数,中证A500,CSI A500 Index,CSI A500,6268.62,6268.62,6192.27,6244.36,,-0.1,27569451672.0,5409.03,,
2021-01-11,000510,中证A500指数,中证A500,CSI A500 Index,CSI A500,6254.27,6297.46,6152.24,6183.55,,-0.97,30026927069.0,5947.74,,
2021-01-12,000510,中证A500指数,中证A500,CSI A500 Index,CSI A500,6160.57,6342.78,6160.57,6342.78,,2.58,26605850310.0,5292.92,,
2021-01-13,000510,中证A500指数,中证A500,CSI A500 Index,CSI A500,6357.15,6387.41,6271.07,6316.86,,-0.41,32704130764.0,6211.53,,
2021-01-14,000510,中证A500指数,中证A500,CSI A500 Index,CSI A500,6288.34,6288.34,6195.79,6200.97,,-1.83,29995574548.0,5683.05,,
2021-01-15,000510,中证A500指数,中证A500,CSI A500 Index,CSI A500,6199.84,6225.13,6115.34,6193.47,,-0.12,27022531088.0,5142.46,,
2021-01-18,000510,中证A500指数,中证A500,CSI A500 Index,CSI A500,6171.17,6286.0,6168.19,6271.03,,1.25,24923523224.0,4739.33,,
2021-01-19,000510,中证A500指数,中证A500,CSI A500 Index,CSI A500,6276.29,6277.79,6149.33,6172.69,,-1.57,25424128980.0,4823.73,,
2021-01-20,000510,中证A500指数,中证A500,CSI A500 Index,CSI A500,6180.97,6251.57,6180.97,6236.96,,1.04,21598730565.0,4243.78,,
2021-01-21,000510,中证A500指数,中证A500,CSI A500 Index,CSI A500,6256.51,6367.66,6256.51,6338.65,,1.63,26285899996.0,5116.02,,
2021-01-22,000510,中证A500指数,中证A500,CSI A500 Index,CSI A500,6335.68,6371.67,6293.24,6367.4,,0.45,25339945901.0,5288.22,,
2021-01-25,000510,中证A500指数,中证A500,CSI A500 Index,CSI A500,6363.06,6465.69,6343.54,6417.91,,0.79,25860221706.0,5934.47,,
2021-01-26,000510,中证A500指数,中证A500,CSI A500 Index,CSI A500,6386.64,6386.64,6277.77,6279.3,,-2.16,22239267569.0,4814.47,,
2021-01-27,000510,中证A500指数,中证A500,CSI A500 Index,CSI A500,6277.3,6308.9,6217.62,6300.5,,0.34,21550145914.0,4375.4,,
2021-01-28,000510,中证A500指数,中证A500,CSI A500 Index,CSI A500,6207.39,6227.22,6105.63,6118.35,,-2.89,22877237717.0,4413.36,,
2021-01-29,000510,中证A500指数,中证A500,CSI A500 Index,CSI A500,6163.02,6173.85,6007.74,6078.87,,-0.65,23543547612.0,4507.01,,
2021-02-01,000510,中证A500指数,中证A500,CSI A500 Index,CSI A500,6083.29,6158.16,6083.29,6155.65,,1.26,21072258656.0,3944.81,,
2021-02-02,000510,中证A500指数,中证A500,CSI A500 Index,CSI A500,6170.53,6253.18,6141.74,6250.85,,1.55,21516659890.0,4387.56,,
2021-02-03,000510,中证A500指数,中证A500,CSI A500 Index,CSI A500,6255.77,6288.96,6227.38,6228.09,,-0.36,24763826187.0,4779.17,,
2021-02-04,000510,中证A500指数,中证A500,CSI A500 Index,CSI A500,6198.16,6252.02,6144.96,6213.22,,-0.24,23371815732.0,4586.02,,
2021-02-05,000510,中证A500指数,中证A500,CSI A500 Index,CSI A500,6238.31,6274.4,6189.45,6192.76,,-0.33,22142231215.0,4408.63,,
2021-02-08,000510,中证A500指数,中证A500,CSI A500 Index,CSI A500,6218.28,6309.19,6201.81,6305.53,,1.82,19721962692.0,4090.65,,
2021-02-09,000510,中证A500指数,中证A500,CSI A500 Index,CSI A500,6330.98,6444.83,6317.16,6444.83,,2.21,20389412465.0,4219.72,,
2021-02-10,000510,中证A500指数,中证A500,CSI A500 Index,CSI A500,6473.68,6590.55,6473.68,6577.13,,2.05,20722771631.0,4528.45,,
2021-02-18,000510,中证A500指数,中证A500,CSI A500 Index,CSI A500,6712.15,6712.15,6527.5,6545.17,,-0.49,28643526366.0,5763.19,,
2021-02-19,000510,中证A500指数,中证A500,CSI A500 Index,CSI A500,6506.6,6564.02,6433.26,6558.11,,0.2,29101461492.0,5282.6,,
2021-02-22,000510,中证A500指数,中证A500,CSI A500 Index,CSI A500,6570.9,6570.9,6373.41,6373.41,,-2.82,38330859731.0,6402.01,,
2021-02-23,000510,中证A500指数,中证A500,CSI A500 Index,CSI A500,6314.29,6416.42,6314.29,6350.44,,-0.36,32059514255.0,5017.92,,
2021-02-24,000510,中证A500指数,中证A500,CSI A500 Index,CSI A500,6364.36,6364.36,6146.36,6188.31,,-2.55,30530684442.0,5501.56,,
2021-02-25,000510,中证A500指数,中证A500,CSI A500 Index,CSI A500,6259.28,6271.53,6191.3,6208.01,,0.32,28712972718.0,4652.69,,
2021-02-26,000510,中证A500指数,中证A500,CSI A500 Index,CSI A500,6062.05,6139.32,6045.66,6059.9,,-2.39,26505692884.0,4525.86,,
2021-03-01,000510,中证A500指数,中证A500,CSI A500 Index,CSI A500,6122.91,6178.88,6092.48,6175.4,,1.91,24877199074.0,4208.94,,
2021-03-02,000510,中证A500指数,中证A500,CSI A500 Index,CSI A500,6216.91,6216.91,6047.78,6100.19,,-1.22,27208376898.0,4444.75,,
2021-03-03,000510,中证A500指数,中证A500,CSI A500 Index,CSI A500,6077.24,6208.99,6075.13,6208.99,,1.78,26370575581.0,3928.58,,
2021-03-04,000510,中证A500指数,中证A500,CSI A500 Index,CSI A500,6138.32,6138.32,5999.26,6015.65,,-3.11,30517475747.0,4625.73,,
2021-03-05,000510,中证A500指数,中证A500,CSI A500 Index,CSI A500,5912.72,6026.47,5907.97,5988.56,,-0.45,26567593823.0,3945.55,,
2021-03-08,000510,中证A500指数,中证A500,CSI A500 Index,CSI A500,6032.27,6046.73,5780.11,5780.11,,-3.48,28846953485.0,4534.73,,
2021-03-09,000510,中证A500指数,中证A500,CSI A500 Index,CSI A500,5761.83,5790.85,5585.07,5655.17,,-2.16,31639492471.0,4785.26,,
2021-03-10,000510,中证A500指数,中证A500,CSI A500 Index,CSI A500,5747.46,5747.46,5673.22,5688.28,,0.59,23299802793.0,3578.87,,
2021-03-11,000510,中证A500指数,中证A500,CSI A500 Index,CSI A500,5711.23,5841.69,5707.13,5833.9,,2.56,25895658480.0,3858.48,,
2021-03-12,000510,中证A500指数,中证A500,CSI A500 Index,CSI A500,5866.63,5866.63,5791.53,5852.4,,0.32,26399573946.0,3750.2,,
2021-03-15,000510,中证A500指数,中证A500,CSI A500 Index,CSI A500,5819.98,5819.98,5682.24,5728.33,,-2.12,26893699169.0,3802.44,,
2021-03-16,000510,中证A500指数,中证A500,CSI A500 Index,CSI A500,5749.22,5778.9,5706.06,5775.38,,0.82,21943548486.0,3197.93,,
2021-03-17,000510,中证A500指数,中证A500,CSI A500 Index,CSI A500,5755.79,5817.21,5707.78,5803.25,,0.48,20221798211.0,3071.42,,
2021-03-18,000510,中证A500指数,中证A500,CSI A500 Index,CSI A500,5819.61,5860.09,5819.61,5852.63,,0.85,20416880195.0,3142.13,,
2021-03-19,000510,中证A500指数,中证A500,CSI A500 Index,CSI A500,5763.52,5787.67,5670.68,5699.52,,-2.62,21985330148.0,3354.37,,
2021-03-22,000510,中证A500指数,中证A500,CSI A500 Index,CSI A500,5703.01,5771.17,5697.5,5754.95,,0.97,21857241499.0,3135.71,,
2021-03-23,000510,中证A500指数,中证A500,CSI A500 Index,CSI A500,5754.82,5754.82,5646.62,5686.2,,-1.2,21480890284.0,3071.03,,
2021-03-24,000510,中证A500指数,中证A500,CSI A500 Index,CSI A500,5657.76,5697.26,5580.05,5586.29,,-1.76,20636756704.0,3046.16,,
2021-03-25,000510,中证A500指数,中证A500,CSI A500 Index,CSI A500,5558.1,5613.19,5547.42,5592.3,,0.11,17722667590.0,2590.73,,
2021-03-26,000510,中证A500指数,中证A500,CSI A500 Index,CSI A500,5621.77,5740.02,5621.77,5725.55,,2.38,19472270308.0,3209.56,,
2021-03-29,000510,中证A500指数,中证A500,CSI A500 Index,CSI A500,5744.18,5770.83,5705.24,5734.19,,0.15,19818999574.0,3135.44,,
2021-03-30,000510,中证A500指数,中证A500,CSI A500 Index,CSI A500,5728.72,5799.3,5728.72,5791.66,,1.0,19204347144.0,3016.02,,
2021-03-31,000510,中证A500指数,中证A500,CSI A500 Index,CSI A500,5784.17,5784.17,5711.99,5747.41,,-0.76,18605973461.0,2824.76,,
2021-04-01,000510,中证A500指数,中证A500,CSI A500 Index,CSI A500,5760.86,5826.97,5760.86,5823.45,,1.32,17231041410.0,2587.09,,
2021-04-02,000510,中证A500指数,中证A500,CSI A500 Index,CSI A500,5842.03,5885.72,5829.75,5874.1,,0.87,17381434989.0,2928.7,,
2021-04-06,000510,中证A500指数,中证A500,CSI A500 Index,CSI A500,5893.14,5893.14,5835.41,5852.78,,-0.36,15368831433.0,2581.05,,
2021-04-07,000510,中证A500指数,中证A500,CSI A500 Index,CSI A500,5859.58,5859.58,5768.15,5819.23,,-0.57,21244252251.0,2989.71,,
2021-04-08,000510,中证A500指数,中证A500,CSI A500 Index,CSI A500,5792.94,5847.74,5792.94,5828.24,,0.16,21852203452.0,2829.81,,
2021-04-09,000510,中证A500指数,中证A500,CSI A500 Index,CSI A500,5818.46,5818.46,5735.26,5747.94,,-1.38,19278105313.0,2715.63,,
2021-04-12,000510,中证A500指数,中证A500,CSI A500 Index,CSI A500,5740.91,5755.0,5631.33,5644.62,,-1.8,22091437360.0,3227.95,,
2021-04-13,000510,中证A500指数,中证A500,CSI A500 Index,CSI A500,5645.59,5695.9,5621.09,5637.59,,-0.13,18820504538.0,2670.39,,
2021-04-14,000510,中证A500指数,中证A500,CSI A500 Index,CSI A500,5648.99,5707.19,5648.99,5701.81,,1.14,17426142652.0,2639.52,,
2021-04-15,000510,中证A500指数,中证A500,CSI A500 Index,CSI A500,5687.16,5687.16,5613.63,5666.88,,-0.61,16193739682.0,2546.78,,
2021-04-16,000510,中证A500指数,中证A500,CSI A500 Index,CSI A500,5685.85,5700.64,5636.18,5689.23,,0.4,17015330421.0,2619.07,,
2021-04-19,000510,中证A500指数,中证A500,CSI A500 Index,CSI A500,5689.35,5833.29,5689.35,5832.82,,2.52,21124796427.0,3632.53,,
2021-04-20,000510,中证A500指数,中证A500,CSI A500 Index,CSI A500,5808.78,5862.51,5808.78,5825.43,,-0.13,19243564427.0,3287.3,,
2021-04-21,000510,中证A500指数,中证A500,CSI A500 Index,CSI A500,5789.27,5838.01,5781.29,5832.46,,0.12,17016473031.0,2807.04,,
2021-04-22,000510,中证A500指数,中证A500,CSI A500 Index,CSI A500,5853.3,5853.3,5808.7,5830.75,,-0.03,17438393332.0,2915.83,,
2021-04-23,000510,中证A500指数,中证A500,CSI A500 Index,CSI A500,5830.25,5898.71,5830.25,5889.83,,1.01,18307220858.0,3224.93,,
2021-04-26,000510,中证A500指数,中证A500,CSI A500 Index,CSI A500,5916.36,5949.9,5827.99,5830.56,,-1.01,21625743845.0,3988.71,,
2021-04-27,000510,中证A500指数,中证A500,CSI A500 Index,CSI A500,5827.71,5843.93,5789.05,5842.14,,0.2,17684641082.0,3070.29,,
2021-04-28,000510,中证A500指数,中证A500,CSI A500 Index,CSI A500,5824.66,5879.91,5813.5,5879.91,,0.65,17230866753.0,3268.31,,
2021-04-29,000510,中证A500指数,中证A500,CSI A500 Index,CSI A500,5891.77,5926.85,5873.04,5922.54,,0.73,18214015835.0,3377.29,,
2021-04-30,000510,中证A500指数,中证A500,CSI A500 Index,CSI A500,5915.74,5937.87,5871.12,5897.59,,-0.42,20540612692.0,3699.24,,
2021-05-06,000510,中证A500指数,中证A500,CSI A500 Index,CSI A500,5875.18,5895.95,5798.49,5833.79,,-1.08,21953552429.0,3843.84,,
2021-05-07,000510,中证A500指数,中证A500,CSI A500 Index,CSI A500,5851.46,5863.97,5755.95,5755.95,,-1.33,25569713478.0,3793.98,,
2021-05-10,000510,中证A500指数,中证A500,CSI A500 Index,CSI A500,5768.02,5791.21,5721.41,5764.59,,0.15,25922426031.0,3533.64,,
2021-05-11,000510,中证A500指数,中证A500,CSI A500 Index,CSI A500,5720.75,5792.46,5678.21,5779.37,,0.26,23966509378.0,3361.95,,
2021-05-12,000510,中证A500指数,中证A500,CSI A500 Index,CSI A500,5758.76,5812.12,5758.76,5807.62,,0.49,19438996667.0,2846.52,,
2021-05-13,000510,中证A500指数,中证A500,CSI A500 Index,CSI A500,5744.8,5775.98,5721.04,5736.59,,-1.22,21012177634.0,3045.12,,
2021-05-14,000510,中证A500指数,中证A500,CSI A500 Index,CSI A500,5754.04,5853.67,5728.46,5853.31,,2.04,20752144854.0,3555.61,,
2021-05-17,000510,中证A500指数,中证A500,CSI A500 Index,CSI A500,5864.05,5965.24,5864.05,5947.21,,1.6,20805279982.0,3863.23,,
2021-05-18,000510,中证A500指数,中证A500,CSI A500 Index,CSI A500,5953.46,5953.46,5921.09,5950.54,,0.06,16480933407.0,2826.59,,
2021-05-19,000510,中证A500指数,中证A500,CSI A500 Index,CSI A500,5933.6,5955.09,5921.41,5941.54,,-0.15,17263957896.0,3043.27,,
2021-05-20,000510,中证A500指数,中证A500,CSI A500 Index,CSI A500,5930.14,5956.71,5920.19,5941.72,,0.0,20197590159.0,3326.84,,
2021-05-21,000510,中证A500指数,中证A500,CSI A500 Index,CSI A500,5959.89,5974.97,5888.53,5895.27,,-0.78,17645085578.0,3177.48,,
2021-05-24,000510,中证A500指数,中证A500,CSI A500 Index,CSI A500,5898.2,5919.95,5858.47,5919.95,,0.42,17706141818.0,3263.05,,
2021-05-25,000510,中证A500指数,中证A500,CSI A500 Index,CSI A500,5931.89,6089.63,5931.89,6087.65,,2.83,21375737194.0,4293.81,,
2021-05-26,000510,中证A500指数,中证A500,CSI A500 Index,CSI A500,6095.66,6104.88,6074.27,6088.82,,0.02,20721229960.0,3765.48,,
2021-05-27,000510,中证A500指数,中证A500,CSI A500 Index,CSI A500,6082.58,6135.03,6067.77,6120.46,,0.52,19918507937.0,3602.45,,
2021-05-28,000510,中证A500指数,中证A500,CSI A500 Index,CSI A500,6125.56,6154.15,6085.68,6109.53,,-0.18,21435899231.0,3888.15,,
2021-05-31,000510,中证A500指数,中证A500,CSI A500 Index,CSI A500,6113.09,6139.47,6084.78,6139.47,,0.49,20096804696.0,3899.85,,
2021-06-01,000510,中证A500指数,中证A500,CSI A500 Index,CSI A500,6125.62,6156.17,6086.95,6154.66,,0.25,21019781358.0,3948.05,,
2021-06-02,000510,中证A500指数,中证A500,CSI A500 Index,CSI A500,6164.42,6164.42,6083.13,6094.16,,-0.98,20209283397.0,3625.71,,
2021-06-03,000510,中证A500指数,中证A500,CSI A500 Index,CSI A500,6092.05,6118.03,6053.73,6053.73,,-0.66,20634174277.0,3439.93,,
2021-06-04,000510,中证A500指数,中证A500,CSI A500 Index,CSI A500,6025.42,6132.13,6025.42,6089.26,,0.59,19208623837.0,3506.01,,
2021-06-07,000510,中证A500指数,中证A500,CSI A500 Index,CSI A500,6093.32,6093.32,6043.33,6081.27,,-0.13,18470591441.0,3499.52,,
2021-06-08,000510,中证A500指数,中证A500,CSI A500 Index,CSI A500,6081.44,6116.59,6013.38,6041.09,,-0.66,19255250375.0,3681.89,,
2021-06-09,000510,中证A500指数,中证A500,CSI A500 Index,CSI A500,6034.83,6064.76,6034.83,6056.56,,0.26,18323197747.0,3185.4,,
2021-06-10,000510,中证A500指数,中证A500,CSI A500 Index,CSI A500,6056.99,6144.11,6056.99,6119.88,,1.05,21592866136.0,3928.22,,
2021-06-11,000510,中证A500指数,中证A500,CSI A500 Index,CSI A500,6129.86,6129.86,6064.19,6083.1,,-0.6,25635867273.0,4601.57,,
2021-06-15,000510,中证A500指数,中证A500,CSI A500 Index,CSI A500,6080.3,6080.3,5990.48,6013.55,,-1.14,21699799851.0,4217.61,,
2021-06-16,000510,中证A500指数,中证A500,CSI A500 Index,CSI A500,6008.23,6008.23,5885.13,5889.21,,-2.07,19511417942.0,3898.29,,
2021-06-17,000510,中证A500指数,中证A500,CSI A500 Index,CSI A500,5882.81,5942.38,5882.81,5929.28,,0.68,18237442859.0,3648.08,,
2021-06-18,000510,中证A500指数,中证A500,CSI A500 Index,CSI A500,5935.17,5968.82,5903.97,5945.65,,0.28,21481681034.0,4377.11,,
2021-06-21,000510,中证A500指数,中证A500,CSI A500 Index,CSI A500,5931.03,5971.91,5926.03,5949.45,,0.06,20274964300.0,4207.19,,
2021-06-22,000510,中证A500指数,中证A500,CSI A500 Index,CSI A500,5966.66,5984.76,5944.12,5982.76,,0.56,20312499341.0,4029.14,,
2021-06-23,000510,中证A500指数,中证A500,CSI A500 Index,CSI A500,5990.12,6053.28,5990.12,6029.77,,0.79,20978546868.0,4497.55,,
2021-06-24,000510,中证A500指数,中证A500,CSI A500 Index,CSI A500,6041.46,6041.46,5995.31,6024.87,,-0.08,19102772789.0,3897.36,,
2021-06-25,000510,中证A500指数,中证A500,CSI A500 Index,CSI A500,6029.13,6125.86,6029.13,6114.66,,1.49,21470115391.0,4446.26,,
2021-06-28,000510,中证A500指数,中证A500,CSI A500 Index,CSI A500,6129.55,6147.26,6119.97,6144.37,,0.49,19582052964.0,4277.94,,
2021-06-29,000510,中证A500指数,中证A500,CSI A500 Index,CSI A500,6149.94,6149.94,6079.67,6084.5,,-0.97,18929527840.0,4132.39,,
2021-06-30,000510,中证A500指数,中证A500,CSI A500 Index,CSI A500,6084.55,6138.18,6084.55,6135.48,,0.84,16239889452.0,3690.37,,
2021-07-01,000510,中证A500指数,中证A500,CSI A500 Index,CSI A500,6153.55,6156.75,6093.91,6125.53,,-0.16,18071656080.0,4103.41,,
2021-07-02,000510,中证A500指数,中证A500,CSI A500 Index,CSI A500,6076.84,6076.84,5956.0,5961.76,,-2.67,18862061858.0,4336.12,,
2021-07-05,000510,中证A500指数,中证A500,CSI A500 Index,CSI A500,5958.12,5987.91,5933.02,5977.81,,0.27,19912104387.0,4354.72,,
2021-07-06,000510,中证A500指数,中证A500,CSI A500 Index,CSI A500,5986.28,5994.04,5905.08,5968.6,,-0.15,21102943506.0,4782.96,,
2021-07-07,000510,中证A500指数,中证A500,CSI A500 Index,CSI A500,5932.23,6059.5,5932.23,6053.03,,1.41,21998133738.0,4473.02,,
2021-07-08,000510,中证A500指数,中证A500,CSI A500 Index,CSI A500,6065.11,6065.11,6006.14,6013.08,,-0.66,24863464250.0,5170.1,,
2021-07-09,000510,中证A500指数,中证A500,CSI A500 Index,CSI A500,5983.81,6019.46,5928.84,6005.15,,-0.13,24716011814.0,4797.23,,
2021-07-12,000510,中证A500指数,中证A500,CSI A500 Index,CSI A500,6053.68,6128.21,6038.64,6108.0,,1.71,30171467677.0,5831.18,,
2021-07-13,000510,中证A500指数,中证A500,CSI A500 Index,CSI A500,6098.83,6128.1,6080.5,6113.5,,0.09,26815365986.0,5114.23,,
2021-07-14,000510,中证A500指数,中证A500,CSI A500 Index,CSI A500,6097.6,6097.6,6033.48,6039.68,,-1.21,27900882955.0,5031.26,,
2021-07-15,000510,中证A500指数,中证A500,CSI A500 Index,CSI A500,6025.16,6113.21,6020.1,6113.21,,1.22,26598338813.0,4868.85,,
2021-07-16,000510,中证A500指数,中证A500,CSI A500 Index,CSI A500,6100.54,6100.54,6034.51,6037.06,,-1.25,26637017235.0,5001.98,,
2021-07-19,000510,中证A500指数,中证A500,CSI A500 Index,CSI A500,6029.99,6055.53,5989.99,6054.57,,0.29,23968152424.0,4672.98,,
2021-07-20,000510,中证A500指数,中证A500,CSI A500 Index,CSI A500,6010.4,6058.47,6000.39,6055.58,,0.02,20581829868.0,3866.99,,
2021-07-21,000510,中证A500指数,中证A500,CSI A500 Index,CSI A500,6076.54,6137.02,6076.54,6120.05,,1.07,25785664331.0,5201.93,,
2021-07-22,000510,中证A500指数,中证A500,CSI A500 Index,CSI A500,6131.62,6138.82,6116.33,6136.11,,0.26,28709444654.0,5488.27,,
2021-07-23,000510,中证A500指数,中证A500,CSI A500 Index,CSI A500,6132.6,6132.6,6044.99,6059.25,,-1.25,33266034856.0,5815.77,,
2021-07-26,000510,中证A500指数,中证A500,CSI A500 Index,CSI A500,6035.1,6035.1,5805.52,5887.64,,-2.83,32234179465.0,6257.43,,
2021-07-27,000510,中证A500指数,中证A500,CSI A500 Index,CSI A500,5890.34,5909.36,5680.9,5680.9,,-3.51,35356212954.0,6869.83,,
2021-07-28,000510,中证A500指数,中证A500,CSI A500 Index,CSI A500,5633.31,5723.47,5600.71,5690.38,,0.17,29070601563.0,5529.69,,
2021-07-29,000510,中证A500指数,中证A500,CSI A500 Index,CSI A500,5802.13,5836.4,5769.43,5832.18,,2.49,25669799407.0,5478.57,,
2021-07-30,000510,中证A500指数,中证A500,CSI A500 Index,CSI A500,5810.88,5815.03,5745.66,5800.26,,-0.55,28208466356.0,5735.73,,
2021-08-02,000510,中证A500指数,中证A500,CSI A500 Index,CSI A500,5785.91,5927.99,5752.31,5927.99,,2.2,32190050074.0,6700.45,,
2021-08-03,000510,中证A500指数,中证A500,CSI A500 Index,CSI A500,5903.61,5940.89,5886.65,5910.1,,-0.3,29720200914.0,6098.55,,
2021-08-04,000510,中证A500指数,中证A500,CSI A500 Index,CSI A500,5900.55,5991.38,5900.55,5991.38,,1.38,26440365925.0,5674.77,,
2021-08-05,000510,中证A500指数,中证A500,CSI A500 Index,CSI A500,5955.53,5994.21,5936.62,5955.47,,-0.6,26524044056.0,5413.37,,
2021-08-06,000510,中证A500指数,中证A500,CSI A500 Index,CSI A500,5957.11,5957.11,5895.07,5928.87,,-0.45,25100323907.0,5140.77,,
2021-08-09,000510,中证A500指数,中证A500,CSI A500 Index,CSI A500,5887.81,5981.39,5887.81,5968.36,,0.67,25778173289.0,5246.48,,
2021-08-10,000510,中证A500指数,中证A500,CSI A500 Index,CSI A500,5959.26,6020.19,5930.33,6020.19,,0.87,24407405820.0,5343.5,,
2021-08-11,000510,中证A500指数,中证A500,CSI A500 Index,CSI A500,6015.23,6035.66,5998.46,5998.51,,-0.36,26334502745.0,4925.25,,
2021-08-12,000510,中证A500指数,中证A500,CSI A500 Index,CSI A500,5976.91,5997.58,5951.0,5958.76,,-0.66,27018077044.0,5065.61,,
2021-08-13,000510,中证A500指数,中证A500,CSI A500 Index,CSI A500,5932.88,5985.76,5900.87,5926.74,,-0.54,26402884016.0,5028.51,,
2021-08-16,000510,中证A500指数,中证A500,CSI A500 Index,CSI A500,5911.72,5937.5,5894.07,5899.81,,-0.45,25327166639.0,4681.85,,
2021-08-17,000510,中证A500指数,中证A500,CSI A500 Index,CSI A500,5897.38,5913.48,5750.3,5766.36,,-2.26,27160577454.0,5043.92,,
2021-08-18,000510,中证A500指数,中证A500,CSI A500 Index,CSI A500,5771.4,5820.87,5754.7,5814.07,,0.83,24574380424.0,4597.98,,
2021-08-19,000510,中证A500指数,中证A500,CSI A500 Index,CSI A500,5806.35,5827.09,5766.98,5799.53,,-0.25,24693647676.0,4562.54,,
2021-08-20,000510,中证A500指数,中证A500,CSI A500 Index,CSI A500,5747.22,5753.38,5638.86,5695.0,,-1.8,24287347346.0,5004.58,,
2021-08-23,000510,中证A500指数,中证A500,CSI A500 Index,CSI A500,5710.48,5799.31,5701.41,5796.37,,1.78,25110288910.0,5005.27,,
2021-08-24,000510,中证A500指数,中证A500,CSI A500 Index,CSI A500,5805.53,5872.11,5799.1,5856.87,,1.04,28160590975.0,5337.52,,
2021-08-25,000510,中证A500指数,中证A500,CSI A500 Index,CSI A500,5864.97,5886.59,5838.61,5886.59,,0.51,27685617264.0,4861.01,,
2021-08-26,000510,中证A500指数,中证A500,CSI A500 Index,CSI A500,5886.63,5886.63,5782.72,5782.72,,-1.77,31455062653.0,5137.42,,
2021-08-27,000510,中证A500指数,中证A500,CSI A500 Index,CSI A500,5772.15,5841.18,5772.15,5818.03,,0.61,30148773856.0,5160.32,,
2021-08-30,000510,中证A500指数,中证A500,CSI A500 Index,CSI A500,5845.13,5849.11,5789.15,5820.95,,0.05,34911645236.0,6524.42,,
2021-08-31,000510,中证A500指数,中证A500,CSI A500 Index,CSI A500,5811.12,5813.16,5733.14,5802.57,,-0.32,35030549746.0,6127.8,,
2021-09-01,000510,中证A500指数,中证A500,CSI A500 Index,CSI A500,5805.26,5855.83,5754.69,5832.35,,0.51,44610446147.0,7136.94,,
2021-09-02,000510,中证A500指数,中证A500,CSI A500 Index,CSI A500,5827.38,5852.95,5818.7,5838.75,,0.11,36713786820.0,5698.86,,
2021-09-03,000510,中证A500指数,中证A500,CSI A500 Index,CSI A500,5837.91,5843.38,5787.67,5802.26,,-0.63,37160246923.0,5901.48,,
2021-09-06,000510,中证A500指数,中证A500,CSI A500 Index,CSI A500,5805.26,5923.25,5805.26,5915.32,,1.95,33869655413.0,5697.63,,
2021-09-07,000510,中证A500指数,中证A500,CSI A500 Index,CSI A500,5915.45,5995.73,5913.27,5984.95,,1.18,34653745187.0,5343.83,,
2021-09-08,000510,中证A500指数,中证A500,CSI A500 Index,CSI A500,5980.93,5995.74,5948.05,5964.34,,-0.34,37755693676.0,5559.95,,
2021-09-09,000510,中证A500指数,中证A500,CSI A500 Index,CSI A500,5948.16,5973.65,5926.8,5973.65,,0.16,39515082224.0,5516.34,,
2021-09-10,000510,中证A500指数,中证A500,CSI A500 Index,CSI A500,5964.58,6024.61,5964.58,6012.27,,0.65,41133814978.0,6177.3,,
2021-09-13,000510,中证A500指数,中证A500,CSI A500 Index,CSI A500,6007.28,6025.53,5967.17,5993.7,,-0.31,37918214313.0,5888.98,,
2021-09-14,000510,中证A500指数,中证A500,CSI A500 Index,CSI A500,5988.56,6019.2,5926.21,5931.63,,-1.04,37805419542.0,5839.37,,
2021-09-15,000510,中证A500指数,中证A500,CSI A500 Index,CSI A500,5914.64,5917.58,5855.25,5883.49,,-0.81,29893803301.0,5053.46,,
2021-09-16,000510,中证A500指数,中证A500,CSI A500 Index,CSI A500,5885.92,5893.74,5792.72,5792.72,,-1.54,33862335396.0,5418.31,,
2021-09-17,000510,中证A500指数,中证A500,CSI A500 Index,CSI A500,5775.86,5832.48,5761.7,5827.77,,0.61,31371345516.0,4855.17,,
2021-09-22,000510,中证A500指数,中证A500,CSI A500 Index,CSI A500,5732.6,5813.8,5732.6,5806.3,,-0.37,27954613622.0,4122.95,,
2021-09-23,000510,中证A500指数,中证A500,CSI A500 Index,CSI A500,5845.35,5858.41,5827.97,5839.59,,0.57,34040344805.0,4902.21,,
2021-09-24,000510,中证A500指数,中证A500,CSI A500 Index,CSI A500,5829.5,5878.9,5817.17,5822.87,,-0.29,32452214968.0,4892.12,,
2021-09-27,000510,中证A500指数,中证A500,CSI A500 Index,CSI A500,5852.03,5880.5,5795.89,5828.92,,0.1,33066358961.0,5420.19,,
2021-09-28,000510,中证A500指数,中证A500,CSI A500 Index,CSI A500,5815.32,5846.96,5801.02,5826.69,,-0.04,24896905040.0,3952.5,,
2021-09-29,000510,中证A500指数,中证A500,CSI A500 Index,CSI A500,5778.85,5785.29,5720.05,5746.27,,-1.38,27728524566.0,4198.47,,
2021-09-30,000510,中证A500指数,中证A500,CSI A500 Index,CSI A500,5761.69,5821.9,5761.69,5812.6,,1.15,22280985382.0,3662.6,,
2021-10-08,000510,中证A500指数,中证A500,CSI A500 Index,CSI A500,5878.44,5884.37,5838.59,5869.22,,0.97,25581072357.0,4368.65,,
2021-10-11,000510,中证A500指数,中证A500,CSI A500 Index,CSI A500,5881.09,5904.65,5862.94,5866.91,,-0.04,24392154890.0,4013.89,,
2021-10-12,000510,中证A500指数,中证A500,CSI A500 Index,CSI A500,5851.08,5851.08,5741.53,5788.12,,-1.34,24705503496.0,3814.09,,
2021-10-13,000510,中证A500指数,中证A500,CSI A500 Index,CSI A500,5786.17,5866.57,5778.05,5860.55,,1.25,19976219460.0,3513.14,,
2021-10-14,000510,中证A500指数,中证A500,CSI A500 Index,CSI A500,5855.22,5866.68,5833.55,5846.66,,-0.24,18692296555.0,3212.39,,
2021-10-15,000510,中证A500指数,中证A500,CSI A500 Index,CSI A500,5829.95,5890.54,5829.95,5886.57,,0.68,22068198154.0,4033.46,,
2021-10-18,000510,中证A500指数,中证A500,CSI A500 Index,CSI A500,5882.07,5882.07,5810.16,5846.77,,-0.68,22286962467.0,4052.8,,
2021-10-19,000510,中证A500指数,中证A500,CSI A500 Index,CSI A500,5845.57,5896.53,5845.57,5892.99,,0.79,20594092429.0,3687.09,,
2021-10-20,000510,中证A500指数,中证A500,CSI A500 Index,CSI A500,5893.13,5906.83,5871.6,5883.56,,-0.16,21616257084.0,3793.18,,
2021-10-21,000510,中证A500指数,中证A500,CSI A500 Index,CSI A500,5887.73,5912.11,5868.42,5898.22,,0.25,22050404787.0,3677.41,,
2021-10-22,000510,中证A500指数,中证A500,CSI A500 Index,CSI A500,5907.79,5955.29,5907.79,5920.21,,0.37,22368101998.0,3894.56,,
2021-10-25,000510,中证A500指数,中证A500,CSI A500 Index,CSI A500,5904.15,5954.55,5903.78,5952.66,,0.55,20431456092.0,3867.92,,
2021-10-26,000510,中证A500指数,中证A500,CSI A500 Index,CSI A500,5970.57,5985.63,5926.38,5932.27,,-0.34,21938282328.0,4077.58,,
2021-10-27,000510,中证A500指数,中证A500,CSI A500 Index,CSI A500,5916.79,5916.79,5853.59,5870.53,,-1.04,22358886154.0,4005.29,,
2021-10-28,000510,中证A500指数,中证A500,CSI A500 Index,CSI A500,5855.25,5855.83,5807.61,5819.06,,-0.88,23909779527.0,4255.68,,
2021-10-29,000510,中证A500指数,中证A500,CSI A500 Index,CSI A500,5820.97,5894.05,5815.48,5894.05,,1.29,22717714987.0,4676.43,,
2021-11-01,000510,中证A500指数,中证A500,CSI A500 Index,CSI A500,5860.23,5904.35,5855.43,5877.44,,-0.28,24325908880.0,4824.76,,
2021-11-02,000510,中证A500指数,中证A500,CSI A500 Index,CSI A500,5874.14,5903.21,5781.96,5824.05,,-0.91,26638014441.0,4906.2,,
2021-11-03,000510,中证A500指数,中证A500,CSI A500 Index,CSI A500,5817.27,5835.32,5775.75,5800.75,,-0.4,20782111557.0,3908.72,,
2021-11-04,000510,中证A500指数,中证A500,CSI A500 Index,CSI A500,5826.11,5862.78,5826.11,5861.45,,1.05,20124610486.0,4023.7,,
2021-11-05,000510,中证A500指数,中证A500,CSI A500 Index,CSI A500,5849.52,5882.69,5823.74,5823.74,,-0.64,23685409587.0,4201.94,,
2021-11-08,000510,中证A500指数,中证A500,CSI A500 Index,CSI A500,5824.62,5856.85,5814.98,5839.17,,0.27,21151445891.0,3957.04,,
2021-11-09,000510,中证A500指数,中证A500,CSI A500 Index,CSI A500,5854.73,5856.18,5824.17,5852.7,,0.23,18758146337.0,3637.1,,
2021-11-10,000510,中证A500指数,中证A500,CSI A500 Index,CSI A500,5830.95,5830.95,5742.96,5813.94,,-0.66,21909457877.0,4124.4,,
2021-11-11,000510,中证A500指数,中证A500,CSI A500 Index,CSI A500,5807.85,5896.63,5807.85,5896.63,,1.42,23325204256.0,4193.88,,
2021-11-12,000510,中证A500指数,中证A500,CSI A500 Index,CSI A500,5902.56,5903.62,5874.28,5888.68,,-0.14,21532551163.0,3813.49,,
2021-11-15,000510,中证A500指数,中证A500,CSI A500 Index,CSI A500,5897.14,5897.14,5846.86,5866.55,,-0.38,19956973223.0,3856.06,,
2021-11-16,000510,中证A500指数,中证A500,CSI A500 Index,CSI A500,5864.01,5894.12,5852.69,5855.15,,-0.19,21180060450.0,3902.14,,
2021-11-17,000510,中证A500指数,中证A500,CSI A500 Index,CSI A500,5860.48,5877.41,5847.64,5877.41,,0.38,18157479843.0,3429.8,,
2021-11-18,000510,中证A500指数,中证A500,CSI A500 Index,CSI A500,5862.93,5862.93,5815.99,5825.67,,-0.88,20540179125.0,3538.57,,
2021-11-19,000510,中证A500指数,中证A500,CSI A500 Index,CSI A500,5821.31,5890.79,5821.31,5890.79,,1.12,21581725301.0,3650.42,,
2021-11-22,000510,中证A500指数,中证A500,CSI A500 Index,CSI A500,5901.92,5947.79,5901.92,5946.76,,0.95,22591521454.0,4387.86,,
2021-11-23,000510,中证A500指数,中证A500,CSI A500 Index,CSI A500,5938.26,5955.4,5932.59,5939.5,,-0.12,24543737191.0,4112.7,,
2021-11-24,000510,中证A500指数,中证A500,CSI A500 Index,CSI A500,5941.17,5955.04,5922.09,5937.12,,-0.04,22996363079.0,4033.23,,
2021-11-25,000510,中证A500指数,中证A500,CSI A500 Index,CSI A500,5935.78,5938.89,5912.8,5917.67,,-0.33,20581808762.0,3706.43,,
2021-11-26,000510,中证A500指数,中证A500,CSI A500 Index,CSI A500,5904.64,5909.58,5876.12,5881.7,,-0.61,20629562342.0,3522.62,,
2021-11-29,000510,中证A500指数,中证A500,CSI A500 Index,CSI A500,5829.89,5887.94,5829.89,5887.94,,0.11,21944780878.0,3972.07,,
2021-11-30,000510,中证A500指数,中证A500,CSI A500 Index,CSI A500,5900.18,5907.81,5852.29,5873.97,,-0.24,22100463615.0,4001.65,,
2021-12-01,000510,中证A500指数,中证A500,CSI A500 Index,CSI A500,5871.14,5878.75,5855.09,5878.75,,0.08,20686640356.0,3657.51,,
2021-12-02,000510,中证A500指数,中证A500,CSI A500 Index,CSI A500,5871.64,5896.17,5870.73,5882.73,,0.07,22575334198.0,3823.86,,
2021-12-03,000510,中证A500指数,中证A500,CSI A500 Index,CSI A500,5885.51,5934.43,5883.45,5934.43,,0.88,22420897588.0,3986.96,,
2021-12-06,000510,中证A500指数,中证A500,CSI A500 Index,CSI A500,5935.09,5956.89,5898.1,5901.36,,-0.56,25279204136.0,4209.3,,
2021-12-07,000510,中证A500指数,中证A500,CSI A500 Index,CSI A500,5943.72,5943.72,5875.31,5908.07,,0.11,25506651327.0,4388.13,,
2021-12-08,000510,中证A500指数,中证A500,CSI A500 Index,CSI A500,5925.56,6000.39,5912.51,6000.39,,1.56,22679762875.0,4116.96,,
2021-12-09,000510,中证A500指数,中证A500,CSI A500 Index,CSI A500,6005.08,6100.78,6005.08,6076.18,,1.26,27343144860.0,4892.84,,
2021-12-10,000510,中证A500指数,中证A500,CSI A500 Index,CSI A500,6037.99,6063.85,6037.99,6059.84,,-0.27,25671128683.0,4470.34,,
2021-12-13,000510,中证A500指数,中证A500,CSI A500 Index,CSI A500,6096.29,6144.55,6095.92,6100.57,,0.67,29476558582.0,5164.22,,
2021-12-14,000510,中证A500指数,中证A500,CSI A500 Index,CSI A500,6082.31,6082.31,6056.8,6061.81,,-0.64,24473542967.0,4159.95,,
2021-12-15,000510,中证A500指数,中证A500,CSI A500 Index,CSI A500,6047.19,6070.48,6015.09,6015.09,,-0.77,23189731556.0,3833.68,,
2021-12-16,000510,中证A500指数,中证A500,CSI A500 Index,CSI A500,6018.48,6056.57,6010.28,6056.57,,0.69,23867994329.0,3860.33,,
2021-12-17,000510,中证A500指数,中证A500,CSI A500 Index,CSI A500,6042.29,6042.29,5963.42,5963.42,,-1.54,25184296003.0,4062.16,,
2021-12-20,000510,中证A500指数,中证A500,CSI A500 Index,CSI A500,5940.97,5976.5,5862.01,5866.87,,-1.62,25509336744.0,4065.13,,
2021-12-21,000510,中证A500指数,中证A500,CSI A500 Index,CSI A500,5862.1,5916.22,5862.1,5913.35,,0.79,21263443663.0,3296.11,,
2021-12-22,000510,中证A500指数,中证A500,CSI A500 Index,CSI A500,5928.25,5942.15,5918.23,5927.96,,0.25,21665032267.0,3388.69,,
2021-12-23,000510,中证A500指数,中证A500,CSI A500 Index,CSI A500,5938.49,5964.54,5926.89,5964.54,,0.62,22018525636.0,3541.31,,
2021-12-24,000510,中证A500指数,中证A500,CSI A500 Index,CSI A500,5970.81,5973.15,5906.91,5921.26,,-0.73,21701999871.0,3728.43,,
2021-12-27,000510,中证A500指数,中证A500,CSI A500 Index,CSI A500,5914.68,5940.69,5888.88,5911.33,,-0.17,18881274438.0,3252.38,,
2021-12-28,000510,中证A500指数,中证A500,CSI A500 Index,CSI A500,5917.78,5950.96,5906.33,5950.72,,0.67,19392683238.0,3461.44,,
2021-12-29,000510,中证A500指数,中证A500,CSI A500 Index,CSI A500,5951.22,5951.22,5873.8,5873.8,,-1.29,17362556932.0,3425.34,,
2021-12-30,000510,中证A500指数,中证A500,CSI A500 Index,CSI A500,5872.6,5941.86,5872.6,5921.15,,0.81,18627083249.0,3410.28,,
2021-12-31,000510,中证A500指数,中证A500,CSI A500 Index,CSI A500,5937.72,5950.43,5929.0,5946.59,,0.43,18882680760.0,3406.49,,
2022-01-04,000510,中证A500指数,中证A500,CSI A500 Index,CSI A500,5969.93,5969.93,5874.24,5918.18,,-0.48,24950120576.0,4398.91,,
2022-01-05,000510,中证A500指数,中证A500,CSI A500 Index,CSI A500,5905.27,5905.27,5826.33,5843.02,,-1.27,27102059921.0,4609.65,,
2022-01-06,000510,中证A500指数,中证A500,CSI A500 Index,CSI A500,5812.24,5825.32,5758.46,5793.98,,-0.84,24845505717.0,4048.99,,
2022-01-07,000510,中证A500指数,中证A500,CSI A500 Index,CSI A500,5801.03,5835.58,5785.07,5789.44,,-0.08,28289974193.0,4251.7,,
2022-01-10,000510,中证A500指数,中证A500,CSI A500 Index,CSI A500,5778.05,5815.86,5754.79,5815.68,,0.45,22876350650.0,3765.05,,
2022-01-11,000510,中证A500指数,中证A500,CSI A500 Index,CSI A500,5812.12,5815.9,5751.11,5756.27,,-1.02,22305185184.0,3668.56,,
2022-01-12,000510,中证A500指数,中证A500,CSI A500 Index,CSI A500,5784.31,5820.8,5780.29,5819.56,,1.1,21856941080.0,3762.1,,
2022-01-13,000510,中证A500指数,中证A500,CSI A500 Index,CSI A500,5830.48,5830.48,5721.89,5721.89,,-1.68,22376906762.0,3682.65,,
2022-01-14,000510,中证A500指数,中证A500,CSI A500 Index,CSI A500,5694.65,5727.19,5686.41,5688.78,,-0.58,22982574288.0,3646.34,,
2022-01-17,000510,中证A500指数,中证A500,CSI A500 Index,CSI A500,5692.6,5753.32,5692.6,5748.23,,1.05,20705383123.0,3655.03,,
2022-01-18,000510,中证A500指数,中证A500,CSI A500 Index,CSI A500,5748.63,5807.45,5748.63,5795.1,,0.82,24170938651.0,3815.66,,
2022-01-19,000510,中证A500指数,中证A500,CSI A500 Index,CSI A500,5796.07,5796.07,5722.28,5750.42,,-0.77,22556973160.0,3698.69,,
2022-01-20,000510,中证A500指数,中证A500,CSI A500 Index,CSI A500,5748.88,5796.81,5748.88,5775.12,,0.43,23761567800.0,3762.06,,
2022-01-21,000510,中证A500指数,中证A500,CSI A500 Index,CSI A500,5757.41,5757.41,5697.97,5717.54,,-1.0,20836637934.0,3450.76,,
2022-01-24,000510,中证A500指数,中证A500,CSI A500 Index,CSI A500,5687.41,5743.14,5687.41,5727.52,,0.18,17280180779.0,3076.34,,
2022-01-25,000510,中证A500指数,中证A500,CSI A500 Index,CSI A500,5698.13,5704.52,5584.99,5584.99,,-2.49,20541129096.0,3237.68,,
2022-01-26,000510,中证A500指数,中证A500,CSI A500 Index,CSI A500,5607.95,5629.01,5564.72,5620.96,,0.64,16124767531.0,2792.79,,
2022-01-27,000510,中证A500指数,中证A500,CSI A500 Index,CSI A500,5616.28,5616.28,5495.51,5497.25,,-2.2,17783654380.0,3045.08,,
2022-01-28,000510,中证A500指数,中证A500,CSI A500 Index,CSI A500,5530.45,5530.45,5429.71,5435.23,,-1.13,18647440441.0,3181.21,,
2022-02-07,000510,中证A500指数,中证A500,CSI A500 Index,CSI A500,5527.46,5554.9,5506.09,5523.91,,1.63,21343234984.0,3248.96,,
2022-02-08,000510,中证A500指数,中证A500,CSI A500 Index,CSI A500,5516.39,5516.39,5404.05,5504.02,,-0.36,22578326477.0,3441.48,,
2022-02-09,000510,中证A500指数,中证A500,CSI A500 Index,CSI A500,5503.98,5573.48,5493.88,5565.43,,1.12,22429992743.0,3438.28,,
2022-02-10,000510,中证A500指数,中证A500,CSI A500 Index,CSI A500,5571.57,5571.57,5518.94,5552.24,,-0.24,22844792552.0,3528.78,,
2022-02-11,000510,中证A500指数,中证A500,CSI A500 Index,CSI A500,5525.45,5567.24,5489.59,5495.93,,-1.01,22728061696.0,3722.44,,
2022-02-14,000510,中证A500指数,中证A500,CSI A500 Index,CSI A500,5467.99,5493.0,5421.24,5443.93,,-0.95,20075401215.0,3268.34,,
2022-02-15,000510,中证A500指数,中证A500,CSI A500 Index,CSI A500,5447.48,5507.57,5447.48,5506.28,,1.15,16628112289.0,3029.35,,
2022-02-16,000510,中证A500指数,中证A500,CSI A500 Index,CSI A500,5529.99,5553.8,5513.79,5527.48,,0.39,16210696443.0,2653.84,,
2022-02-17,000510,中证A500指数,中证A500,CSI A500 Index,CSI A500,5525.26,5564.71,5517.39,5541.82,,0.26,17594702260.0,2947.44,,
2022-02-18,000510,中证A500指数,中证A500,CSI A500 Index,CSI A500,5511.49,5573.07,5511.49,5573.07,,0.56,18140253623.0,2668.38,,
2022-02-21,000510,中证A500指数,中证A500,CSI A500 Index,CSI A500,5569.58,5569.58,5536.52,5559.14,,-0.25,18746465292.0,2921.84,,
2022-02-22,000510,中证A500指数,中证A500,CSI A500 Index,CSI A500,5521.66,5521.66,5461.67,5490.21,,-1.24,19875168665.0,3261.7,,
2022-02-23,000510,中证A500指数,中证A500,CSI A500 Index,CSI A500,5498.93,5565.05,5498.93,5563.02,,1.33,19490067916.0,3514.25,,
2022-02-24,000510,中证A500指数,中证A500,CSI A500 Index,CSI A500,5527.33,5551.13,5404.77,5453.18,,-1.97,29108685112.0,4645.36,,
2022-02-25,000510,中证A500指数,中证A500,CSI A500 Index,CSI A500,5496.6,5554.25,5494.65,5505.8,,0.97,22694871428.0,3602.52,,
2022-02-28,000510,中证A500指数,中证A500,CSI A500 Index,CSI A500,5497.66,5523.09,5470.99,5523.09,,0.31,20510990234.0,3301.17,,
2022-03-01,000510,中证A500指数,中证A500,CSI A500 Index,CSI A500,5541.15,5561.88,5521.09,5559.84,,0.67,18943871860.0,3354.57,,
2022-03-02,000510,中证A500指数,中证A500,CSI A500 Index,CSI A500,5530.76,5530.76,5494.73,5512.81,,-0.85,18488082172.0,2920.49,,
2022-03-03,000510,中证A500指数,中证A500,CSI A500 Index,CSI A500,5533.75,5533.75,5474.83,5477.91,,-0.63,24010616235.0,3391.76,,
2022-03-04,000510,中证A500指数,中证A500,CSI A500 Index,CSI A500,5430.68,5458.57,5387.91,5405.51,,-1.32,22190976655.0,3390.14,,
2022-03-07,000510,中证A500指数,中证A500,CSI A500 Index,CSI A500,5370.14,5370.14,5224.41,5236.45,,-3.13,24792712942.0,3901.25,,
2022-03-08,000510,中证A500指数,中证A500,CSI A500 Index,CSI A500,5245.12,5249.03,5110.56,5122.25,,-2.18,26109490815.0,4067.68,,
2022-03-09,000510,中证A500指数,中证A500,CSI A500 Index,CSI A500,5139.48,5154.46,4891.57,5074.85,,-0.93,28190452636.0,4291.32,,
2022-03-10,000510,中证A500指数,中证A500,CSI A500 Index,CSI A500,5193.89,5211.3,5156.61,5160.58,,1.69,21857153588.0,3828.16,,
2022-03-11,000510,中证A500指数,中证A500,CSI A500 Index,CSI A500,5086.66,5179.77,5021.86,5175.83,,0.3,21528723508.0,3629.29,,
2022-03-14,000510,中证A500指数,中证A500,CSI A500 Index,CSI A500,5108.13,5139.8,5019.8,5019.8,,-3.02,18862334894.0,3259.22,,
2022-03-15,000510,中证A500指数,中证A500,CSI A500 Index,CSI A500,4963.5,5002.8,4778.88,4778.88,,-4.8,28132996538.0,4184.71,,
2022-03-16,000510,中证A500指数,中证A500,CSI A500 Index,CSI A500,4866.6,4990.61,4731.58,4980.24,,4.21,26512636057.0,4481.16,,
2022-03-17,000510,中证A500指数,中证A500,CSI A500 Index,CSI A500,5078.06,5153.4,5066.65,5084.8,,2.1,24626772356.0,4591.35,,
2022-03-18,000510,中证A500指数,中证A500,CSI A500 Index,CSI A500,5062.86,5137.89,5042.61,5121.25,,0.72,19988122077.0,3308.0,,
2022-03-21,000510,中证A500指数,中证A500,CSI A500 Index,CSI A500,5139.5,5150.17,5082.58,5119.37,,-0.04,18976176634.0,3186.1,,
2022-03-22,000510,中证A500指数,中证A500,CSI A500 Index,CSI A500,5112.81,5139.83,5098.59,5116.69,,-0.05,18419136478.0,2821.41,,
2022-03-23,000510,中证A500指数,中证A500,CSI A500 Index,CSI A500,5134.11,5152.32,5101.19,5143.95,,0.53,17219785734.0,2847.16,,
2022-03-24,000510,中证A500指数,中证A500,CSI A500 Index,CSI A500,5113.69,5138.96,5073.23,5110.49,,-0.65,16191132722.0,2778.04,,
2022-03-25,000510,中证A500指数,中证A500,CSI A500 Index,CSI A500,5108.51,5112.06,5019.0,5019.0,,-1.79,15672954135.0,2664.69,,
2022-03-28,000510,中证A500指数,中证A500,CSI A500 Index,CSI A500,4966.65,5012.12,4929.23,4992.3,,-0.53,16791848252.0,2639.01,,
2022-03-29,000510,中证A500指数,中证A500,CSI A500 Index,CSI A500,5001.66,5024.01,4965.01,4970.51,,-0.44,14677130965.0,2504.25,,
2022-03-30,000510,中证A500指数,中证A500,CSI A500 Index,CSI A500,5002.25,5107.48,5001.01,5107.48,,2.76,18710804712.0,3188.53,,
2022-03-31,000510,中证A500指数,中证A500,CSI A500 Index,CSI A500,5086.47,5086.47,5054.72,5061.53,,-0.9,18905975688.0,2934.66,,
2022-04-01,000510,中证A500指数,中证A500,CSI A500 Index,CSI A500,5032.63,5128.83,5032.63,5117.28,,1.1,18501543824.0,2893.13,,
2022-04-06,000510,中证A500指数,中证A500,CSI A500 Index,CSI A500,5099.62,5105.62,5069.46,5099.74,,-0.34,22603251085.0,3155.65,,
2022-04-07,000510,中证A500指数,中证A500,CSI A500 Index,CSI A500,5070.96,5103.57,5031.06,5031.06,,-1.35,20511954675.0,2775.33,,
2022-04-08,000510,中证A500指数,中证A500,CSI A500 Index,CSI A500,5034.97,5058.81,4983.64,5052.46,,0.43,21401643028.0,2910.43,,
2022-04-11,000510,中证A500指数,中证A500,CSI A500 Index,CSI A500,5021.66,5021.66,4878.16,4887.54,,-3.26,21991671517.0,3281.4,,
2022-04-12,000510,中证A500指数,中证A500,CSI A500 Index,CSI A500,4890.1,4975.75,4859.38,4975.75,,1.8,20393884813.0,2998.51,,
2022-04-13,000510,中证A500指数,中证A500,CSI A500 Index,CSI A500,4945.91,4987.1,4923.65,4923.65,,-1.05,19058901284.0,2734.53,,
2022-04-14,000510,中证A500指数,中证A500,CSI A500 Index,CSI A500,4961.16,5015.05,4945.01,4985.5,,1.26,18001916219.0,2907.91,,
2022-04-15,000510,中证A500指数,中证A500,CSI A500 Index,CSI A500,4951.67,4999.21,4946.72,4968.77,,-0.34,19395475184.0,2846.28,,
2022-04-18,000510,中证A500指数,中证A500,CSI A500 Index,CSI A500,4929.16,4957.58,4913.05,4953.2,,-0.31,16369090322.0,2556.74,,
2022-04-19,000510,中证A500指数,中证A500,CSI A500 Index,CSI A500,4949.86,4965.39,4906.6,4925.82,,-0.55,16009584288.0,2530.58,,
2022-04-20,000510,中证A500指数,中证A500,CSI A500 Index,CSI A500,4921.81,4921.81,4835.12,4838.8,,-1.77,17611989454.0,2653.4,,
2022-04-21,000510,中证A500指数,中证A500,CSI A500 Index,CSI A500,4813.57,4855.27,4709.31,4729.12,,-2.27,19133476902.0,2738.4,,
2022-04-22,000510,中证A500指数,中证A500,CSI A500 Index,CSI A500,4696.38,4772.52,4690.69,4741.82,,0.27,17146552515.0,2465.46,,
2022-04-25,000510,中证A500指数,中证A500,CSI A500 Index,CSI A500,4649.61,4651.92,4484.45,4484.45,,-5.43,23774761037.0,3235.35,,
2022-04-26,000510,中证A500指数,中证A500,CSI A500 Index,CSI A500,4492.28,4547.0,4430.28,4436.91,,-1.06,22066885195.0,3056.25,,
2022-04-27,000510,中证A500指数,中证A500,CSI A500 Index,CSI A500,4406.44,4591.57,4406.44,4591.57,,3.49,24462260438.0,3520.41,,
2022-04-28,000510,中证A500指数,中证A500,CSI A500 Index,CSI A500,4575.23,4633.93,4567.72,4615.85,,0.53,21054672445.0,3144.2,,
2022-04-29,000510,中证A500指数,中证A500,CSI A500 Index,CSI A500,4639.16,4746.24,4605.88,4745.73,,2.81,24293091382.0,3718.18,,
2022-05-05,000510,中证A500指数,中证A500,CSI A500 Index,CSI A500,4723.36,4783.91,4722.68,4749.48,,0.08,20991357640.0,3404.74,,
2022-05-06,000510,中证A500指数,中证A500,CSI A500 Index,CSI A500,4646.23,4668.09,4626.03,4630.76,,-2.5,17825196798.0,2572.96,,
2022-05-09,000510,中证A500指数,中证A500,CSI A500 Index,CSI A500,4602.98,4636.98,4579.2,4603.14,,-0.6,14440260112.0,2110.99,,
2022-05-10,000510,中证A500指数,中证A500,CSI A500 Index,CSI A500,4533.55,4657.03,4533.55,4655.1,,1.13,19917727046.0,2885.35,,
2022-05-11,000510,中证A500指数,中证A500,CSI A500 Index,CSI A500,4654.35,4793.5,4654.35,4724.33,,1.49,23806784115.0,3718.43,,
2022-05-12,000510,中证A500指数,中证A500,CSI A500 Index,CSI A500,4692.56,4728.37,4676.45,4706.89,,-0.37,16754769373.0,2464.78,,
2022-05-13,000510,中证A500指数,中证A500,CSI A500 Index,CSI A500,4736.42,4747.83,4705.45,4743.89,,0.79,15711779553.0,2352.84,,
2022-05-16,000510,中证A500指数,中证A500,CSI A500 Index,CSI A500,4778.44,4778.44,4708.18,4715.22,,-0.6,16718201320.0,2473.83,,
2022-05-17,000510,中证A500指数,中证A500,CSI A500 Index,CSI A500,4721.16,4774.9,4709.5,4774.9,,1.27,16131884498.0,2589.85,,
2022-05-18,000510,中证A500指数,中证A500,CSI A500 Index,CSI A500,4783.86,4783.86,4736.19,4758.58,,-0.34,16248936170.0,2487.98,,
2022-05-19,000510,中证A500指数,中证A500,CSI A500 Index,CSI A500,4691.62,4775.09,4691.62,4775.09,,0.35,17406338933.0,2632.18,,
2022-05-20,000510,中证A500指数,中证A500,CSI A500 Index,CSI A500,4799.69,4866.11,4799.69,4866.11,,1.91,21797709643.0,3271.74,,
2022-05-23,000510,中证A500指数,中证A500,CSI A500 Index,CSI A500,4872.32,4872.32,4815.3,4846.71,,-0.4,19812147599.0,2863.13,,
2022-05-24,000510,中证A500指数,中证A500,CSI A500 Index,CSI A500,4844.53,4844.53,4718.35,4718.35,,-2.65,22086275422.0,3199.24,,
2022-05-25,000510,中证A500指数,中证A500,CSI A500 Index,CSI A500,4718.8,4752.82,4709.53,4752.59,,0.73,16811189012.0,2412.74,,
2022-05-26,000510,中证A500指数,中证A500,CSI A500 Index,CSI A500,4759.17,4792.71,4705.83,4773.4,,0.44,18616703470.0,2703.44,,
2022-05-27,000510,中证A500指数,中证A500,CSI A500 Index,CSI A500,4807.95,4827.23,4760.92,4781.58,,0.17,17252171657.0,2585.41,,
2022-05-30,000510,中证A500指数,中证A500,CSI A500 Index,CSI A500,4805.6,4828.3,4786.82,4821.24,,0.83,16478863786.0,2571.56,,
2022-05-31,000510,中证A500指数,中证A500,CSI A500 Index,CSI A500,4824.48,4896.41,4809.91,4895.1,,1.53,19440620539.0,3213.14,,
2022-06-01,000510,中证A500指数,中证A500,CSI A500 Index,CSI A500,4888.08,4900.66,4864.66,4892.27,,-0.06,17688646427.0,2860.79,,
2022-06-02,000510,中证A500指数,中证A500,CSI A500 Index,CSI A500,4870.31,4912.34,4870.31,4910.26,,0.37,18207071139.0,2925.12,,
2022-06-06,000510,中证A500指数,中证A500,CSI A500 Index,CSI A500,4913.78,5008.67,4902.38,5007.95,,1.99,24283632090.0,4017.34,,
2022-06-07,000510,中证A500指数,中证A500,CSI A500 Index,CSI A500,5008.01,5028.79,4990.12,5014.86,,0.14,20445800695.0,3476.71,,
2022-06-08,000510,中证A500指数,中证A500,CSI A500 Index,CSI A500,5023.95,5062.67,4980.3,5059.96,,0.9,22528455877.0,3851.61,,
2022-06-09,000510,中证A500指数,中证A500,CSI A500 Index,CSI A500,5049.38,5051.27,4982.45,4997.56,,-1.23,22285088352.0,3388.63,,
2022-06-10,000510,中证A500指数,中证A500,CSI A500 Index,CSI A500,4960.53,5078.69,4960.53,5077.12,,1.59,24149539729.0,3837.21,,
2022-06-13,000510,中证A500指数,中证A500,CSI A500 Index,CSI A500,5026.63,5058.32,4996.75,5032.02,,-0.89,25257183815.0,4418.7,,
2022-06-14,000510,中证A500指数,中证A500,CSI A500 Index,CSI A500,4975.18,5057.46,4917.86,5057.46,,0.51,24625645724.0,4257.4,,
2022-06-15,000510,中证A500指数,中证A500,CSI A500 Index,CSI A500,5062.54,5184.68,5062.54,5103.63,,0.91,32159421992.0,5410.45,,
2022-06-16,000510,中证A500指数,中证A500,CSI A500 Index,CSI A500,5108.53,5136.43,5070.75,5085.32,,-0.36,24865916077.0,4102.79,,
2022-06-17,000510,中证A500指数,中证A500,CSI A500 Index,CSI A500,5049.24,5164.4,5049.24,5158.75,,1.44,22486951957.0,4342.46,,
2022-06-20,000510,中证A500指数,中证A500,CSI A500 Index,CSI A500,5175.68,5222.84,5152.09,5183.93,,0.49,24639041402.0,4679.71,,
2022-06-21,000510,中证A500指数,中证A500,CSI A500 Index,CSI A500,5180.12,5199.66,5128.74,5167.81,,-0.31,23784348364.0,4112.41,,
2022-06-22,000510,中证A500指数,中证A500,CSI A500 Index,CSI A500,5175.26,5175.26,5096.67,5096.67,,-1.38,22481489075.0,3776.56,,
2022-06-23,000510,中证A500指数,中证A500,CSI A500 Index,CSI A500,5106.84,5191.96,5083.44,5191.96,,1.87,23993949773.0,4158.65,,
2022-06-24,000510,中证A500指数,中证A500,CSI A500 Index,CSI A500,5205.14,5258.79,5205.14,5258.23,,1.28,24039570866.0,4513.18,,
2022-06-27,000510,中证A500指数,中证A500,CSI A500 Index,CSI A500,5283.26,5346.37,5283.26,5315.96,,1.1,26013966596.0,4947.58,,
2022-06-28,000510,中证A500指数,中证A500,CSI A500 Index,CSI A500,5316.09,5381.16,5285.17,5381.16,,1.23,25481426015.0,4707.16,,
2022-06-29,000510,中证A500指数,中证A500,CSI A500 Index,CSI A500,5362.12,5390.86,5280.41,5288.53,,-1.72,26968630390.0,5074.83,,
2022-06-30,000510,中证A500指数,中证A500,CSI A500 Index,CSI A500,5287.62,5396.39,5287.62,5364.32,,1.43,22813750981.0,4468.22,,
2022-07-01,000510,中证A500指数,中证A500,CSI A500 Index,CSI A500,5367.45,5369.68,5331.0,5348.78,,-0.29,21374367061.0,4107.92,,
2022-07-04,000510,中证A500指数,中证A500,CSI A500 Index,CSI A500,5329.06,5391.5,5329.06,5391.5,,0.8,21787868422.0,4632.73,,
2022-07-05,000510,中证A500指数,中证A500,CSI A500 Index,CSI A500,5403.37,5410.67,5326.73,5388.13,,-0.06,24555327472.0,4795.92,,
2022-07-06,000510,中证A500指数,中证A500,CSI A500 Index,CSI A500,5370.88,5370.88,5271.09,5308.38,,-1.48,23697264596.0,4480.73,,
2022-07-07,000510,中证A500指数,中证A500,CSI A500 Index,CSI A500,5309.13,5350.73,5271.47,5337.58,,0.55,20683365676.0,4255.57,,
2022-07-08,000510,中证A500指数,中证A500,CSI A500 Index,CSI A500,5369.23,5369.23,5312.32,5312.67,,-0.47,19410690009.0,3974.74,,
2022-07-11,000510,中证A500指数,中证A500,CSI A500 Index,CSI A500,5286.26,5286.26,5185.29,5215.34,,-1.83,20683258745.0,3924.65,,
2022-07-12,000510,中证A500指数,中证A500,CSI A500 Index,CSI A500,5212.01,5228.53,5146.16,5159.01,,-1.08,19128653235.0,3691.17,,
2022-07-13,000510,中证A500指数,中证A500,CSI A500 Index,CSI A500,5160.16,5193.15,5124.63,5173.34,,0.28,20133205413.0,3628.91,,
2022-07-14,000510,中证A500指数,中证A500,CSI A500 Index,CSI A500,5160.56,5212.75,5157.09,5186.02,,0.25,21326602384.0,3919.65,,
2022-07-15,000510,中证A500指数,中证A500,CSI A500 Index,CSI A500,5161.16,5209.35,5101.8,5101.8,,-1.62,22447601442.0,4106.07,,
2022-07-18,000510,中证A500指数,中证A500,CSI A500 Index,CSI A500,5117.63,5163.43,5077.11,5160.73,,1.16,19941635394.0,3768.77,,
2022-07-19,000510,中证A500指数,中证A500,CSI A500 Index,CSI A500,5157.83,5157.83,5106.25,5140.25,,-0.4,18136987810.0,3324.11,,
2022-07-20,000510,中证A500指数,中证A500,CSI A500 Index,CSI A500,5166.61,5177.62,5152.29,5164.83,,0.48,17613156177.0,3137.72,,
2022-07-21,000510,中证A500指数,中证A500,CSI A500 Index,CSI A500,5150.01,5155.17,5107.79,5107.79,,-1.11,20714313106.0,3504.16,,
2022-07-22,000510,中证A500指数,中证A500,CSI A500 Index,CSI A500,5125.06,5134.66,5066.34,5101.26,,-0.13,17756084389.0,3119.69,,
2022-07-25,000510,中证A500指数,中证A500,CSI A500 Index,CSI A500,5098.29,5101.4,5054.52,5065.65,,-0.7,15389648884.0,2765.92,,
2022-07-26,000510,中证A500指数,中证A500,CSI A500 Index,CSI A500,5073.89,5122.16,5071.9,5109.57,,0.87,14192039552.0,2735.71,,
2022-07-27,000510,中证A500指数,中证A500,CSI A500 Index,CSI A500,5098.63,5105.07,5083.04,5093.77,,-0.31,13653149556.0,2692.48,,
2022-07-28,000510,中证A500指数,中证A500,CSI A500 Index,CSI A500,5116.25,5142.97,5094.27,5097.12,,0.07,17576242438.0,3328.52,,
2022-07-29,000510,中证A500指数,中证A500,CSI A500 Index,CSI A500,5099.91,5112.5,5029.86,5034.18,,-1.24,18462575275.0,3404.89,,
2022-08-01,000510,中证A500指数,中证A500,CSI A500 Index,CSI A500,5023.36,5067.18,4991.38,5064.4,,0.6,17433095294.0,3410.5,,
2022-08-02,000510,中证A500指数,中证A500,CSI A500 Index,CSI A500,5010.6,5010.6,4926.23,4958.26,,-2.1,23438695972.0,3923.35,,
2022-08-03,000510,中证A500指数,中证A500,CSI A500 Index,CSI A500,4967.06,4995.22,4908.82,4912.54,,-0.92,19790129250.0,3815.29,,
2022-08-04,000510,中证A500指数,中证A500,CSI A500 Index,CSI A500,4940.6,4957.07,4913.02,4951.83,,0.8,14966663441.0,3023.99,,
2022-08-05,000510,中证A500指数,中证A500,CSI A500 Index,CSI A500,4962.58,5028.51,4956.34,5026.27,,1.5,17073993884.0,3473.02,,
2022-08-08,000510,中证A500指数,中证A500,CSI A500 Index,CSI A500,5011.28,5027.44,5010.17,5026.75,,0.01,15347978351.0,3217.05,,
2022-08-09,000510,中证A500指数,中证A500,CSI A500 Index,CSI A500,5021.26,5042.88,5010.9,5040.32,,0.27,14718212610.0,3125.18,,
2022-08-10,000510,中证A500指数,中证A500,CSI A500 Index,CSI A500,5032.03,5044.2,4977.67,4990.32,,-0.99,15117704375.0,3236.82,,
2022-08-11,000510,中证A500指数,中证A500,CSI A500 Index,CSI A500,5014.71,5084.1,4999.35,5084.1,,1.88,18351335402.0,3646.74,,
2022-08-12,000510,中证A500指数,中证A500,CSI A500 Index,CSI A500,5074.45,5091.75,5068.72,5076.57,,-0.15,16804677412.0,3088.38,,
2022-08-15,000510,中证A500指数,中证A500,CSI A500 Index,CSI A500,5064.05,5111.31,5064.05,5079.98,,0.07,16673911856.0,3350.94,,
2022-08-16,000510,中证A500指数,中证A500,CSI A500 Index,CSI A500,5084.6,5104.61,5065.08,5074.68,,-0.1,15884765675.0,3242.94,,
2022-08-17,000510,中证A500指数,中证A500,CSI A500 Index,CSI A500,5080.44,5114.44,5048.42,5112.8,,0.75,18009804928.0,3490.65,,
2022-08-18,000510,中证A500指数,中证A500,CSI A500 Index,CSI A500,5099.7,5099.7,5069.03,5073.07,,-0.78,16649575600.0,3216.2,,
2022-08-19,000510,中证A500指数,中证A500,CSI A500 Index,CSI A500,5068.19,5076.82,5029.82,5029.82,,-0.85,18794752558.0,3538.48,,
2022-08-22,000510,中证A500指数,中证A500,CSI A500 Index,CSI A500,5012.72,5080.28,5010.54,5080.28,,1.0,18321772321.0,3591.74,,
2022-08-23,000510,中证A500指数,中证A500,CSI A500 Index,CSI A500,5072.8,5074.61,5042.75,5057.93,,-0.44,16516224585.0,3273.08,,
2022-08-24,000510,中证A500指数,中证A500,CSI A500 Index,CSI A500,5067.01,5067.01,4944.17,4944.17,,-2.25,19421652633.0,3613.76,,
2022-08-25,000510,中证A500指数,中证A500,CSI A500 Index,CSI A500,4957.87,4978.94,4911.16,4978.94,,0.7,17200332334.0,3208.7,,
2022-08-26,000510,中证A500指数,中证A500,CSI A500 Index,CSI A500,4991.6,5007.73,4957.58,4962.93,,-0.32,15823752396.0,3056.23,,
2022-08-29,000510,中证A500指数,中证A500,CSI A500 Index,CSI A500,4904.6,4946.04,4904.6,4944.53,,-0.37,14893151793.0,2733.66,,
2022-08-30,000510,中证A500指数,中证A500,CSI A500 Index,CSI A500,4942.83,4945.73,4900.23,4922.82,,-0.44,15275882077.0,2616.14,,
2022-08-31,000510,中证A500指数,中证A500,CSI A500 Index,CSI A500,4899.39,4932.93,4869.37,4900.1,,-0.46,19348179898.0,3615.15,,
2022-09-01,000510,中证A500指数,中证A500,CSI A500 Index,CSI A500,4886.61,4915.22,4858.92,4858.92,,-0.84,14545184199.0,2674.4,,
2022-09-02,000510,中证A500指数,中证A500,CSI A500 Index,CSI A500,4871.84,4871.84,4824.36,4843.38,,-0.32,13093011219.0,2384.03,,
2022-09-05,000510,中证A500指数,中证A500,CSI A500 Index,CSI A500,4829.25,4836.13,4808.28,4836.13,,-0.15,13850990153.0,2531.72,,
2022-09-06,000510,中证A500指数,中证A500,CSI A500 Index,CSI A500,4847.78,4891.3,4835.82,4890.41,,1.12,16508127114.0,3012.04,,
2022-09-07,000510,中证A500指数,中证A500,CSI A500 Index,CSI A500,4866.14,4912.4,4866.14,4900.86,,0.21,16509223369.0,2830.74,,
2022-09-08,000510,中证A500指数,中证A500,CSI A500 Index,CSI A500,4904.29,4906.97,4874.05,4875.09,,-0.53,15224703886.0,2465.27,,
2022-09-09,000510,中证A500指数,中证A500,CSI A500 Index,CSI A500,4889.58,4942.41,4889.58,4939.15,,1.31,16461080547.0,2789.75,,
2022-09-13,000510,中证A500指数,中证A500,CSI A500 Index,CSI A500,4961.67,4971.72,4945.08,4955.98,,0.34,15589633371.0,2751.95,,
2022-09-14,000510,中证A500指数,中证A500,CSI A500 Index,CSI A500,4889.87,4926.22,4887.53,4902.15,,-1.09,13741955814.0,2466.26,,
2022-09-15,000510,中证A500指数,中证A500,CSI A500 Index,CSI A500,4921.19,4921.19,4803.83,4837.22,,-1.33,18512937362.0,3313.08,,
2022-09-16,000510,中证A500指数,中证A500,CSI A500 Index,CSI A500,4819.89,4819.89,4727.19,4727.19,,-2.28,18606324337.0,3006.77,,
2022-09-19,000510,中证A500指数,中证A500,CSI A500 Index,CSI A500,4721.28,4747.33,4697.64,4715.27,,-0.25,13879967823.0,2319.96,,
2022-09-20,000510,中证A500指数,中证A500,CSI A500 Index,CSI A500,4738.52,4756.04,4715.06,4728.67,,0.28,12256588425.0,2315.53,,
2022-09-21,000510,中证A500指数,中证A500,CSI A500 Index,CSI A500,4713.99,4718.94,4676.45,4699.39,,-0.62,13003408105.0,2194.5,,
2022-09-22,000510,中证A500指数,中证A500,CSI A500 Index,CSI A500,4664.27,4693.74,4657.9,4662.82,,-0.78,12603073968.0,2185.37,,
2022-09-23,000510,中证A500指数,中证A500,CSI A500 Index,CSI A500,4657.36,4681.43,4606.91,4634.59,,-0.61,13752287739.0,2276.55,,
2022-09-26,000510,中证A500指数,中证A500,CSI A500 Index,CSI A500,4600.74,4672.4,4600.74,4604.36,,-0.65,14658839146.0,2422.04,,
2022-09-27,000510,中证A500指数,中证A500,CSI A500 Index,CSI A500,4614.11,4673.07,4596.73,4673.07,,1.49,13134344111.0,2350.31,,
2022-09-28,000510,中证A500指数,中证A500,CSI A500 Index,CSI A500,4658.35,4658.35,4579.13,4579.78,,-2.0,12584421904.0,2197.19,,
2022-09-29,000510,中证A500指数,中证A500,CSI A500 Index,CSI A500,4624.93,4634.71,4565.79,4583.42,,0.08,12270687485.0,2175.42,,
2022-09-30,000510,中证A500指数,中证A500,CSI A500 Index,CSI A500,4588.31,4605.72,4546.88,4547.41,,-0.79,11287302428.0,2010.45,,
2022-10-10,000510,中证A500指数,中证A500,CSI A500 Index,CSI A500,4549.98,4549.98,4441.14,4445.62,,-2.24,13922896158.0,2351.62,,
2022-10-11,000510,中证A500指数,中证A500,CSI A500 Index,CSI A500,4458.75,4472.63,4432.95,4460.14,,0.33,11667970401.0,2043.67,,
2022-10-12,000510,中证A500指数,中证A500,CSI A500 Index,CSI A500,4454.85,4536.16,4382.59,4536.16,,1.7,15237133456.0,2635.32,,
2022-10-13,000510,中证A500指数,中证A500,CSI A500 Index,CSI A500,4502.04,4533.61,4501.69,4505.74,,-0.67,14227105663.0,2519.1,,
2022-10-14,000510,中证A500指数,中证A500,CSI A500 Index,CSI A500,4541.85,4637.43,4541.85,4616.75,,2.46,16482575281.0,3193.26,,
2022-10-17,000510,中证A500指数,中证A500,CSI A500 Index,CSI A500,4593.29,4632.47,4587.87,4629.34,,0.27,14901877381.0,2794.7,,
2022-10-18,000510,中证A500指数,中证A500,CSI A500 Index,CSI A500,4651.97,4651.97,4615.38,4623.59,,-0.12,13041404091.0,2444.07,,
2022-10-19,000510,中证A500指数,中证A500,CSI A500 Index,CSI A500,4611.2,4620.74,4555.65,4555.65,,-1.47,12491751358.0,2416.76,,
2022-10-20,000510,中证A500指数,中证A500,CSI A500 Index,CSI A500,4520.22,4573.17,4495.21,4524.66,,-0.68,13705278808.0,2634.11,,
2022-10-21,000510,中证A500指数,中证A500,CSI A500 Index,CSI A500,4520.07,4537.9,4491.24,4507.88,,-0.37,13293775926.0,2278.34,,
2022-10-24,000510,中证A500指数,中证A500,CSI A500 Index,CSI A500,4494.27,4542.5,4390.08,4393.9,,-2.53,17291543900.0,3210.7,,
2022-10-25,000510,中证A500指数,中证A500,CSI A500 Index,CSI A500,4377.99,4431.47,4342.8,4385.73,,-0.19,15327056376.0,2775.25,,
2022-10-26,000510,中证A500指数,中证A500,CSI A500 Index,CSI A500,4391.37,4468.57,4391.37,4431.15,,1.04,17237491278.0,3133.63,,
2022-10-27,000510,中证A500指数,中证A500,CSI A500 Index,CSI A500,4443.88,4465.21,4403.55,4403.55,,-0.62,17070280616.0,3276.83,,
2022-10-28,000510,中证A500指数,中证A500,CSI A500 Index,CSI A500,4371.76,4375.9,4275.72,4282.57,,-2.75,17719452280.0,3157.07,,
2022-10-31,000510,中证A500指数,中证A500,CSI A500 Index,CSI A500,4239.22,4296.44,4239.22,4254.26,,-0.66,19138133353.0,3270.69,,
2022-11-01,000510,中证A500指数,中证A500,CSI A500 Index,CSI A500,4266.0,4398.88,4266.0,4398.88,,3.4,20387546575.0,3685.91,,
2022-11-02,000510,中证A500指数,中证A500,CSI A500 Index,CSI A500,4384.73,4477.32,4384.73,4452.05,,1.21,20521872683.0,3720.41,,
2022-11-03,000510,中证A500指数,中证A500,CSI A500 Index,CSI A500,4412.14,4445.59,4405.57,4424.78,,-0.61,16110119336.0,2879.74,,
2022-11-04,000510,中证A500指数,中证A500,CSI A500 Index,CSI A500,4424.46,4576.08,4424.46,4565.41,,3.18,21336667099.0,3962.66,,
2022-11-07,000510,中证A500指数,中证A500,CSI A500 Index,CSI A500,4556.13,4593.19,4551.85,4575.78,,0.23,19767850468.0,3399.14,,
2022-11-08,000510,中证A500指数,中证A500,CSI A500 Index,CSI A500,4574.42,4574.42,4522.78,4550.81,,-0.55,15067301125.0,2625.92,,
2022-11-09,000510,中证A500指数,中证A500,CSI A500 Index,CSI A500,4554.6,4560.04,4510.61,4512.03,,-0.85,13826024349.0,2349.91,,
2022-11-10,000510,中证A500指数,中证A500,CSI A500 Index,CSI A500,4476.82,4486.78,4447.95,4471.7,,-0.89,15649181503.0,2464.35,,
2022-11-11,000510,中证A500指数,中证A500,CSI A500 Index,CSI A500,4594.2,4625.09,4548.13,4582.53,,2.48,25317684926.0,4240.18,,
2022-11-14,000510,中证A500指数,中证A500,CSI A500 Index,CSI A500,4613.33,4635.21,4567.59,4580.57,,-0.04,22076679264.0,3831.27,,
2022-11-15,000510,中证A500指数,中证A500,CSI A500 Index,CSI A500,4574.11,4667.11,4574.11,4667.11,,1.89,19557316008.0,3590.94,,
2022-11-16,000510,中证A500指数,中证A500,CSI A500 Index,CSI A500,4663.92,4684.05,4626.32,4631.86,,-0.76,16797957528.0,2982.33,,
2022-11-17,000510,中证A500指数,中证A500,CSI A500 Index,CSI A500,4616.67,4616.67,4561.95,4614.68,,-0.37,16021985338.0,2918.37,,
2022-11-18,000510,中证A500指数,中证A500,CSI A500 Index,CSI A500,4619.31,4633.72,4593.21,4593.21,,-0.47,17411115492.0,2989.32,,
2022-11-21,000510,中证A500指数,中证A500,CSI A500 Index,CSI A500,4555.35,4565.35,4524.07,4565.35,,-0.61,14430154673.0,2484.29,,
2022-11-22,000510,中证A500指数,中证A500,CSI A500 Index,CSI A500,4560.92,4594.27,4541.32,4555.25,,-0.22,18843658158.0,2623.17,,
2022-11-23,000510,中证A500指数,中证A500,CSI A500 Index,CSI A500,4544.37,4571.17,4526.79,4559.08,,0.08,18332349409.0,2519.37,,
2022-11-24,000510,中证A500指数,中证A500,CSI A500 Index,CSI A500,4578.11,4578.11,4539.89,4542.31,,-0.37,13938973254.0,2129.23,,
2022-11-25,000510,中证A500指数,中证A500,CSI A500 Index,CSI A500,4534.28,4565.44,4531.76,4551.89,,0.21,17414503115.0,2353.56,,
2022-11-28,000510,中证A500指数,中证A500,CSI A500 Index,CSI A500,4466.11,4506.96,4444.82,4506.96,,-0.99,16873337240.0,2465.68,,
2022-11-29,000510,中证A500指数,中证A500,CSI A500 Index,CSI A500,4543.76,4633.89,4543.76,4631.24,,2.76,22080253640.0,3444.95,,
2022-11-30,000510,中证A500指数,中证A500,CSI A500 Index,CSI A500,4618.41,4646.88,4614.87,4638.82,,0.16,20491317432.0,3119.77,,
2022-12-01,000510,中证A500指数,中证A500,CSI A500 Index,CSI A500,4713.03,4720.18,4687.99,4688.25,,1.07,22000713041.0,3676.85,,
2022-12-02,000510,中证A500指数,中证A500,CSI A500 Index,CSI A500,4677.99,4691.91,4657.46,4660.69,,-0.59,16187754660.0,2608.5,,
2022-12-05,000510,中证A500指数,中证A500,CSI A500 Index,CSI A500,4700.26,4738.31,4696.16,4737.68,,1.65,25950596273.0,3632.6,,
2022-12-06,000510,中证A500指数,中证A500,CSI A500 Index,CSI A500,4717.96,4777.93,4717.96,4759.91,,0.47,20953826552.0,3405.11,,
2022-12-07,000510,中证A500指数,中证A500,CSI A500 Index,CSI A500,4746.14,4783.97,4737.43,4750.2,,-0.2,19681295061.0,3223.4,,
2022-12-08,000510,中证A500指数,中证A500,CSI A500 Index,CSI A500,4743.75,4756.16,4734.62,4745.62,,-0.1,16909840076.0,2607.24,,
2022-12-09,000510,中证A500指数,中证A500,CSI A500 Index,CSI A500,4748.94,4792.61,4732.91,4788.88,,0.91,22026343012.0,3458.68,,
2022-12-12,000510,中证A500指数,中证A500,CSI A500 Index,CSI A500,4765.61,4768.54,4741.46,4742.43,,-0.97,18086802138.0,3101.78,,
2022-12-13,000510,中证A500指数,中证A500,CSI A500 Index,CSI A500,4741.8,4741.8,4717.79,4722.22,,-0.43,14855493995.0,2542.8,,
2022-12-14,000510,中证A500指数,中证A500,CSI A500 Index,CSI A500,4730.21,4741.67,4715.99,4724.62,,0.05,14283377967.0,2616.88,,
2022-12-15,000510,中证A500指数,中证A500,CSI A500 Index,CSI A500,4723.43,4731.11,4697.51,4729.55,,0.1,12973052396.0,2435.79,,
2022-12-16,000510,中证A500指数,中证A500,CSI A500 Index,CSI A500,4702.94,4722.23,4691.53,4719.39,,-0.21,13302817901.0,2287.92,,
2022-12-19,000510,中证A500指数,中证A500,CSI A500 Index,CSI A500,4714.98,4724.47,4630.99,4645.73,,-1.56,14428359050.0,2364.16,,
2022-12-20,000510,中证A500指数,中证A500,CSI A500 Index,CSI A500,4630.68,4630.68,4555.08,4573.33,,-1.56,11269220155.0,2087.93,,
2022-12-21,000510,中证A500指数,中证A500,CSI A500 Index,CSI A500,4583.33,4594.32,4554.16,4566.63,,-0.15,9419315190.0,1667.63,,
2022-12-22,000510,中证A500指数,中证A500,CSI A500 Index,CSI A500,4598.51,4610.33,4542.53,4558.78,,-0.17,12214632571.0,2150.88,,
2022-12-23,000510,中证A500指数,中证A500,CSI A500 Index,CSI A500,4530.77,4567.45,4526.68,4547.99,,-0.24,9991444436.0,1757.38,,
2022-12-26,000510,中证A500指数,中证A500,CSI A500 Index,CSI A500,4549.63,4593.15,4549.63,4582.58,,0.76,10934875919.0,1991.34,,
2022-12-27,000510,中证A500指数,中证A500,CSI A500 Index,CSI A500,4600.48,4633.28,4599.55,4629.31,,1.02,11389148768.0,2017.24,,
2022-12-28,000510,中证A500指数,中证A500,CSI A500 Index,CSI A500,4614.0,4624.02,4590.64,4607.09,,-0.48,12877012724.0,2156.64,,
2022-12-29,000510,中证A500指数,中证A500,CSI A500 Index,CSI A500,4587.68,4607.41,4575.95,4592.26,,-0.32,11572428059.0,1970.56,,
2022-12-30,000510,中证A500指数,中证A500,CSI A500 Index,CSI A500,4612.46,4627.46,4605.18,4605.18,,0.28,11422671304.0,1928.9,,
2023-01-03,000510,中证A500指数,中证A500,CSI A500 Index,CSI A500,4599.46,4647.68,4571.31,4642.81,,0.82,15640303996.0,2618.97,,
2023-01-04,000510,中证A500指数,中证A500,CSI A500 Index,CSI A500,4640.34,4658.55,4621.06,4642.45,,-0.01,15247956230.0,2590.58,,
2023-01-05,000510,中证A500指数,中证A500,CSI A500 Index,CSI A500,4663.47,4731.66,4663.47,4728.51,,1.85,15881659236.0,3125.86,,
2023-01-06,000510,中证A500指数,中证A500,CSI A500 Index,CSI A500,4728.53,4765.44,4728.53,4746.14,,0.37,15805880416.0,3005.14,,
2023-01-09,000510,中证A500指数,中证A500,CSI A500 Index,CSI A500,4766.44,4791.48,4766.42,4779.08,,0.69,15552283785.0,2892.99,,
2023-01-10,000510,中证A500指数,中证A500,CSI A500 Index,CSI A500,4781.82,4798.25,4769.12,4787.71,,0.18,14262516542.0,2698.04,,
2023-01-11,000510,中证A500指数,中证A500,CSI A500 Index,CSI A500,4790.0,4818.4,4775.57,4776.91,,-0.23,14422120754.0,2614.97,,
2023-01-12,000510,中证A500指数,中证A500,CSI A500 Index,CSI A500,4790.81,4804.89,4770.36,4785.03,,0.17,13877653911.0,2389.17,,
2023-01-13,000510,中证A500指数,中证A500,CSI A500 Index,CSI A500,4801.99,4840.45,4799.94,4840.45,,1.16,13092234581.0,2531.3,,
2023-01-16,000510,中证A500指数,中证A500,CSI A500 Index,CSI A500,4844.41,4953.64,4844.41,4912.45,,1.49,18879269535.0,3670.26,,
2023-01-17,000510,中证A500指数,中证A500,CSI A500 Index,CSI A500,4914.69,4918.52,4895.78,4913.72,,0.03,12926945916.0,2494.38,,
2023-01-18,000510,中证A500指数,中证A500,CSI A500 Index,CSI A500,4919.29,4927.13,4906.9,4912.39,,-0.03,12422411604.0,2197.97,,
2023-01-19,000510,中证A500指数,中证A500,CSI A500 Index,CSI A500,4907.59,4945.76,4886.98,4945.76,,0.68,12973544809.0,2428.1,,
2023-01-20,000510,中证A500指数,中证A500,CSI A500 Index,CSI A500,4958.06,4985.0,4958.06,4982.74,,0.75,17001547062.0,2851.71,,
2023-01-30,000510,中证A500指数,中证A500,CSI A500 Index,CSI A500,5083.97,5083.97,5009.21,5011.25,,0.57,22621354366.0,4201.23,,
2023-01-31,000510,中证A500指数,中证A500,CSI A500 Index,CSI A500,5007.47,5014.88,4966.73,4969.58,,-0.83,18496278536.0,3232.21,,
2023-02-01,000510,中证A500指数,中证A500,CSI A500 Index,CSI A500,4984.93,5018.3,4953.05,5018.3,,0.98,20889105038.0,3520.69,,
2023-02-02,000510,中证A500指数,中证A500,CSI A500 Index,CSI A500,5029.54,5029.54,4998.17,5006.98,,-0.22,19101894197.0,3400.89,,
2023-02-03,000510,中证A500指数,中证A500,CSI A500 Index,CSI A500,4985.82,4985.82,4919.13,4966.35,,-0.81,17286917602.0,3032.79,,
2023-02-06,000510,中证A500指数,中证A500,CSI A500 Index,CSI A500,4924.18,4924.73,4882.76,4906.49,,-1.21,16219429619.0,2988.09,,
2023-02-07,000510,中证A500指数,中证A500,CSI A500 Index,CSI A500,4917.9,4924.5,4897.4,4916.94,,0.21,15369566099.0,2637.58,,
2023-02-08,000510,中证A500指数,中证A500,CSI A500 Index,CSI A500,4923.08,4928.12,4890.43,4892.09,,-0.51,14674121772.0,2465.44,,
2023-02-09,000510,中证A500指数,中证A500,CSI A500 Index,CSI A500,4880.74,4960.12,4880.74,4960.12,,1.39,15922682096.0,2882.05,,
2023-02-10,000510,中证A500指数,中证A500,CSI A500 Index,CSI A500,4952.85,4953.19,4914.79,4931.58,,-0.58,16606139100.0,2839.84,,
2023-02-13,000510,中证A500指数,中证A500,CSI A500 Index,CSI A500,4923.82,4977.57,4923.82,4977.02,,0.92,20024223543.0,3395.37,,
2023-02-14,000510,中证A500指数,中证A500,CSI A500 Index,CSI A500,4985.94,4985.94,4955.63,4978.38,,0.03,16338078789.0,2886.19,,
2023-02-15,000510,中证A500指数,中证A500,CSI A500 Index,CSI A500,4980.18,4980.18,4951.18,4956.92,,-0.43,18577195207.0,3118.94,,
2023-02-16,000510,中证A500指数,中证A500,CSI A500 Index,CSI A500,4957.31,5001.81,4892.01,4909.83,,-0.95,24582110415.0,3880.05,,
2023-02-17,000510,中证A500指数,中证A500,CSI A500 Index,CSI A500,4902.73,4922.32,4840.36,4840.36,,-1.42,18063903678.0,3088.91,,
2023-02-20,000510,中证A500指数,中证A500,CSI A500 Index,CSI A500,4844.23,4955.19,4842.92,4953.71,,2.34,22658077953.0,3628.28,,
2023-02-21,000510,中证A500指数,中证A500,CSI A500 Index,CSI A500,4951.78,4978.18,4938.05,4970.09,,0.33,21676523634.0,3347.29,,
2023-02-22,000510,中证A500指数,中证A500,CSI A500 Index,CSI A500,4939.76,4952.65,4922.9,4929.67,,-0.81,15908964648.0,2606.08,,
2023-02-23,000510,中证A500指数,中证A500,CSI A500 Index,CSI A500,4929.24,4949.91,4905.55,4922.76,,-0.14,15819513914.0,2662.95,,
2023-02-24,000510,中证A500指数,中证A500,CSI A500 Index,CSI A500,4921.26,4921.26,4864.17,4878.25,,-0.9,14838252741.0,2574.98,,
2023-02-27,000510,中证A500指数,中证A500,CSI A500 Index,CSI A500,4853.89,4884.56,4849.73,4856.07,,-0.46,14404834669.0,2585.0,,
2023-02-28,000510,中证A500指数,中证A500,CSI A500 Index,CSI A500,4873.08,4890.49,4837.13,4886.28,,0.62,15577282962.0,2621.66,,
2023-03-01,000510,中证A500指数,中证A500,CSI A500 Index,CSI A500,4885.19,4955.05,4884.05,4952.18,,1.35,21620305547.0,3347.4,,
2023-03-02,000510,中证A500指数,中证A500,CSI A500 Index,CSI A500,4944.55,4960.53,4935.85,4940.32,,-0.24,21947526600.0,3277.25,,
2023-03-03,000510,中证A500指数,中证A500,CSI A500 Index,CSI A500,4947.84,4956.49,4917.02,4951.67,,0.23,22106014010.0,3076.82,,
2023-03-06,000510,中证A500指数,中证A500,CSI A500 Index,CSI A500,4952.57,4952.57,4907.34,4932.75,,-0.38,21998075352.0,3655.77,,
2023-03-07,000510,中证A500指数,中证A500,CSI A500 Index,CSI A500,4925.8,4942.51,4853.43,4855.38,,-1.57,24690725171.0,3422.25,,
2023-03-08,000510,中证A500指数,中证A500,CSI A500 Index,CSI A500,4834.63,4849.46,4819.93,4845.87,,-0.2,16284650298.0,2568.9,,
2023-03-09,000510,中证A500指数,中证A500,CSI A500 Index,CSI A500,4848.78,4854.28,4811.76,4830.83,,-0.31,16161330036.0,2632.02,,
2023-03-10,000510,中证A500指数,中证A500,CSI A500 Index,CSI A500,4797.47,4807.77,4766.49,4766.49,,-1.33,17282506024.0,2855.81,,
2023-03-13,000510,中证A500指数,中证A500,CSI A500 Index,CSI A500,4759.19,4810.08,4759.19,4810.08,,0.91,20075339849.0,3179.09,,
2023-03-14,000510,中证A500指数,中证A500,CSI A500 Index,CSI A500,4800.38,4800.38,4731.74,4776.44,,-0.7,21553823079.0,3502.62,,
2023-03-15,000510,中证A500指数,中证A500,CSI A500 Index,CSI A500,4806.66,4816.47,4779.1,4779.42,,0.06,19871709553.0,3002.89,,
2023-03-16,000510,中证A500指数,中证A500,CSI A500 Index,CSI A500,4744.21,4764.31,4714.79,4716.27,,-1.32,21971563473.0,3258.25,,
2023-03-17,000510,中证A500指数,中证A500,CSI A500 Index,CSI A500,4752.77,4791.78,4734.52,4743.62,,0.58,25400276173.0,3969.34,,
2023-03-20,000510,中证A500指数,中证A500,CSI A500 Index,CSI A500,4749.04,4768.49,4717.84,4722.61,,-0.44,28177413901.0,4169.98,,
2023-03-21,000510,中证A500指数,中证A500,CSI A500 Index,CSI A500,4732.63,4781.3,4732.63,4781.26,,1.24,21018835015.0,3330.21,,
2023-03-22,000510,中证A500指数,中证A500,CSI A500 Index,CSI A500,4794.51,4817.33,4789.4,4806.47,,0.53,22647177603.0,3622.58,,
2023-03-23,000510,中证A500指数,中证A500,CSI A500 Index,CSI A500,4788.99,4850.07,4788.99,4850.07,,0.91,22956731441.0,3989.71,,
2023-03-24,000510,中证A500指数,中证A500,CSI A500 Index,CSI A500,4847.52,4849.28,4830.23,4841.55,,-0.18,23927687307.0,4110.72,,
2023-03-27,000510,中证A500指数,中证A500,CSI A500 Index,CSI A500,4838.01,4838.01,4800.33,4830.88,,-0.22,25366819880.0,4414.77,,
2023-03-28,000510,中证A500指数,中证A500,CSI A500 Index,CSI A500,4833.26,4833.26,4799.55,4805.37,,-0.53,21448896960.0,3678.36,,
2023-03-29,000510,中证A500指数,中证A500,CSI A500 Index,CSI A500,4819.84,4825.83,4801.96,4811.51,,0.13,20872350316.0,3749.5,,
2023-03-30,000510,中证A500指数,中证A500,CSI A500 Index,CSI A500,4813.51,4846.89,4783.02,4845.72,,0.71,21267760807.0,3741.11,,
2023-03-31,000510,中证A500指数,中证A500,CSI A500 Index,CSI A500,4851.86,4869.83,4851.86,4868.38,,0.47,20638570333.0,3755.5,,
2023-04-03,000510,中证A500指数,中证A500,CSI A500 Index,CSI A500,4878.99,4927.82,4878.99,4924.86,,1.16,26969683873.0,5228.4,,
2023-04-04,000510,中证A500指数,中证A500,CSI A500 Index,CSI A500,4923.06,4930.73,4908.2,4930.73,,0.12,28366593515.0,5393.83,,
2023-04-06,000510,中证A500指数,中证A500,CSI A500 Index,CSI A500,4905.27,4930.46,4905.27,4928.78,,-0.04,23151631085.0,4681.11,,
2023-04-07,000510,中证A500指数,中证A500,CSI A500 Index,CSI A500,4929.52,4965.11,4929.52,4963.72,,0.71,20046264071.0,4016.38,,
2023-04-10,000510,中证A500指数,中证A500,CSI A500 Index,CSI A500,4973.04,4973.04,4932.26,4935.5,,-0.57,22959220412.0,4729.09,,
2023-04-11,000510,中证A500指数,中证A500,CSI A500 Index,CSI A500,4936.48,4941.91,4911.85,4933.52,,-0.04,22469643153.0,4388.61,,
2023-04-12,000510,中证A500指数,中证A500,CSI A500 Index,CSI A500,4935.3,4948.47,4929.24,4939.48,,0.12,24923914268.0,4535.76,,
2023-04-13,000510,中证A500指数,中证A500,CSI A500 Index,CSI A500,4923.15,4928.87,4893.76,4900.55,,-0.79,25077390938.0,4443.76,,
2023-04-14,000510,中证A500指数,中证A500,CSI A500 Index,CSI A500,4912.95,4936.06,4910.31,4933.36,,0.67,23964975103.0,4472.53,,
2023-04-17,000510,中证A500指数,中证A500,CSI A500 Index,CSI A500,4927.11,4984.76,4927.11,4984.76,,1.04,25607421393.0,4516.8,,
2023-04-18,000510,中证A500指数,中证A500,CSI A500 Index,CSI A500,4972.55,4998.45,4972.55,4995.86,,0.22,23057123652.0,4451.94,,
2023-04-19,000510,中证A500指数,中证A500,CSI A500 Index,CSI A500,4991.87,4991.87,4952.02,4955.11,,-0.82,23392252322.0,4334.72,,
2023-04-20,000510,中证A500指数,中证A500,CSI A500 Index,CSI A500,4951.22,4951.22,4920.32,4943.7,,-0.23,24252663563.0,4618.84,,
2023-04-21,000510,中证A500指数,中证A500,CSI A500 Index,CSI A500,4943.39,4943.39,4836.78,4836.78,,-2.16,26131865798.0,4814.14,,
2023-04-24,000510,中证A500指数,中证A500,CSI A500 Index,CSI A500,4835.36,4835.36,4767.61,4782.88,,-1.11,24901227329.0,4548.94,,
2023-04-25,000510,中证A500指数,中证A500,CSI A500 Index,CSI A500,4782.18,4782.18,4699.05,4737.78,,-0.94,26175361892.0,4658.49,,
2023-04-26,000510,中证A500指数,中证A500,CSI A500 Index,CSI A500,4721.05,4765.16,4713.35,4741.32,,0.08,24958725369.0,4608.23,,
2023-04-27,000510,中证A500指数,中证A500,CSI A500 Index,CSI A500,4726.09,4776.7,4726.09,4763.83,,0.48,22953600444.0,4186.72,,
2023-04-28,000510,中证A500指数,中证A500,CSI A500 Index,CSI A500,4764.54,4819.53,4764.54,4819.14,,1.16,25184688107.0,4396.97,,
2023-05-04,000510,中证A500指数,中证A500,CSI A500 Index,CSI A500,4799.37,4811.37,4793.02,4808.14,,-0.23,31511297899.0,4664.34,,
2023-05-05,000510,中证A500指数,中证A500,CSI A500 Index,CSI A500,4806.19,4807.96,4763.22,4777.25,,-0.64,27272071140.0,4072.32,,
2023-05-08,000510,中证A500指数,中证A500,CSI A500 Index,CSI A500,4790.29,4826.97,4788.14,4825.64,,1.01,31452155076.0,4459.48,,
2023-05-09,000510,中证A500指数,中证A500,CSI A500 Index,CSI A500,4825.8,4843.23,4776.09,4776.09,,-1.03,32967064153.0,4676.47,,
2023-05-10,000510,中证A500指数,中证A500,CSI A500 Index,CSI A500,4765.19,4768.19,4737.14,4756.12,,-0.42,26072147560.0,3914.7,,
2023-05-11,000510,中证A500指数,中证A500,CSI A500 Index,CSI A500,4766.34,4771.37,4747.25,4747.68,,-0.18,20904242462.0,3270.05,,
2023-05-12,000510,中证A500指数,中证A500,CSI A500 Index,CSI A500,4741.75,4748.94,4681.51,4681.51,,-1.39,21257826758.0,3146.89,,
2023-05-15,000510,中证A500指数,中证A500,CSI A500 Index,CSI A500,4683.5,4753.98,4674.98,4753.98,,1.55,23376357575.0,3611.41,,
2023-05-16,000510,中证A500指数,中证A500,CSI A500 Index,CSI A500,4758.34,4758.34,4714.03,4724.9,,-0.61,18964666072.0,3151.06,,
2023-05-17,000510,中证A500指数,中证A500,CSI A500 Index,CSI A500,4716.79,4729.97,4694.11,4711.7,,-0.28,16533033048.0,2742.91,,
2023-05-18,000510,中证A500指数,中证A500,CSI A500 Index,CSI A500,4718.68,4730.96,4692.75,4710.22,,-0.03,18817882183.0,3148.49,,
2023-05-19,000510,中证A500指数,中证A500,CSI A500 Index,CSI A500,4698.65,4722.59,4685.56,4699.29,,-0.23,17120161962.0,2960.15,,
2023-05-22,000510,中证A500指数,中证A500,CSI A500 Index,CSI A500,4697.34,4732.57,4691.39,4723.37,,0.51,15406442592.0,2675.54,,
2023-05-23,000510,中证A500指数,中证A500,CSI A500 Index,CSI A500,4722.13,4722.13,4661.3,4661.3,,-1.31,16588399953.0,2548.31,,
2023-05-24,000510,中证A500指数,中证A500,CSI A500 Index,CSI A500,4649.15,4654.51,4607.17,4607.17,,-1.16,17594107276.0,2761.56,,
2023-05-25,000510,中证A500指数,中证A500,CSI A500 Index,CSI A500,4599.77,4610.89,4554.59,4595.79,,-0.25,17612531962.0,2941.32,,
2023-05-26,000510,中证A500指数,中证A500,CSI A500 Index,CSI A500,4592.29,4607.5,4558.95,4599.61,,0.08,15995313744.0,2704.25,,
2023-05-29,000510,中证A500指数,中证A500,CSI A500 Index,CSI A500,4614.42,4614.42,4568.58,4579.03,,-0.45,20314144205.0,3306.27,,
2023-05-30,000510,中证A500指数,中证A500,CSI A500 Index,CSI A500,4570.26,4592.77,4533.93,4592.77,,0.3,21163673874.0,3481.67,,
2023-05-31,000510,中证A500指数,中证A500,CSI A500 Index,CSI A500,4579.49,4579.49,4528.34,4548.86,,-0.96,18897571799.0,3293.26,,
2023-06-01,000510,中证A500指数,中证A500,CSI A500 Index,CSI A500,4535.46,4591.82,4535.46,4562.89,,0.31,20298431640.0,3406.28,,
2023-06-02,000510,中证A500指数,中证A500,CSI A500 Index,CSI A500,4579.73,4632.91,4579.73,4629.38,,1.46,19485580248.0,3282.9,,
2023-06-05,000510,中证A500指数,中证A500,CSI A500 Index,CSI A500,4627.55,4627.55,4601.97,4612.11,,-0.37,18325245115.0,3025.53,,
2023-06-06,000510,中证A500指数,中证A500,CSI A500 Index,CSI A500,4607.37,4622.72,4557.33,4559.01,,-1.15,19319804316.0,3109.89,,
2023-06-07,000510,中证A500指数,中证A500,CSI A500 Index,CSI A500,4565.42,4565.6,4526.76,4537.26,,-0.48,14722214323.0,2634.91,,
2023-06-08,000510,中证A500指数,中证A500,CSI A500 Index,CSI A500,4536.78,4569.93,4526.52,4558.22,,0.46,16514068683.0,2739.26,,
2023-06-09,000510,中证A500指数,中证A500,CSI A500 Index,CSI A500,4561.61,4587.19,4551.85,4587.19,,0.64,19794749654.0,3472.89,,
2023-06-12,000510,中证A500指数,中证A500,CSI A500 Index,CSI A500,4575.89,4614.32,4567.84,4599.42,,0.27,19046518250.0,3365.33,,
2023-06-13,000510,中证A500指数,中证A500,CSI A500 Index,CSI A500,4590.9,4625.0,4590.9,4624.15,,0.54,17736994753.0,3200.39,,
2023-06-14,000510,中证A500指数,中证A500,CSI A500 Index,CSI A500,4631.82,4647.39,4624.96,4625.96,,0.04,19216733600.0,3446.98,,
2023-06-15,000510,中证A500指数,中证A500,CSI A500 Index,CSI A500,4635.26,4696.73,4635.26,4696.73,,1.53,19697569192.0,3904.5,,
2023-06-16,000510,中证A500指数,中证A500,CSI A500 Index,CSI A500,4703.02,4750.33,4703.02,4746.53,,1.06,20444560495.0,3913.18,,
2023-06-19,000510,中证A500指数,中证A500,CSI A500 Index,CSI A500,4740.66,4740.66,4708.76,4716.63,,-0.63,20534004051.0,3869.06,,
2023-06-20,000510,中证A500指数,中证A500,CSI A500 Index,CSI A500,4709.8,4729.16,4702.99,4714.91,,-0.04,19146784306.0,3875.0,,
2023-06-21,000510,中证A500指数,中证A500,CSI A500 Index,CSI A500,4696.26,4697.38,4630.25,4630.25,,-1.8,19073728540.0,3626.56,,
2023-06-26,000510,中证A500指数,中证A500,CSI A500 Index,CSI A500,4593.15,4601.28,4555.22,4561.29,,-1.49,20341293558.0,3463.05,,
2023-06-27,000510,中证A500指数,中证A500,CSI A500 Index,CSI A500,4564.15,4611.08,4564.15,4606.02,,0.98,17424534503.0,2880.41,,
2023-06-28,000510,中证A500指数,中证A500,CSI A500 Index,CSI A500,4595.88,4598.43,4557.99,4595.32,,-0.23,16868625388.0,2949.67,,
2023-06-29,000510,中证A500指数,中证A500,CSI A500 Index,CSI A500,4589.98,4597.09,4570.77,4578.56,,-0.36,15350253931.0,2870.19,,
2023-06-30,000510,中证A500指数,中证A500,CSI A500 Index,CSI A500,4570.0,4624.18,4570.0,4608.5,,0.65,16048825508.0,3018.52,,
2023-07-03,000510,中证A500指数,中证A500,CSI A500 Index,CSI A500,4621.21,4664.28,4621.21,4656.92,,1.05,19642969193.0,3553.47,,
2023-07-04,000510,中证A500指数,中证A500,CSI A500 Index,CSI A500,4653.52,4667.76,4643.5,4666.45,,0.21,18121518135.0,3121.34,,
2023-07-05,000510,中证A500指数,中证A500,CSI A500 Index,CSI A500,4661.67,4663.5,4629.67,4631.48,,-0.75,16894364552.0,2861.8,,
2023-07-06,000510,中证A500指数,中证A500,CSI A500 Index,CSI A500,4619.7,4643.05,4596.85,4602.78,,-0.62,16533615906.0,2774.15,,
2023-07-07,000510,中证A500指数,中证A500,CSI A500 Index,CSI A500,4589.94,4595.6,4570.94,4575.24,,-0.6,16618056903.0,2559.21,,
2023-07-10,000510,中证A500指数,中证A500,CSI A500 Index,CSI A500,4593.41,4616.41,4585.06,4599.23,,0.52,14872000335.0,2614.07,,
2023-07-11,000510,中证A500指数,中证A500,CSI A500 Index,CSI A500,4609.53,4630.24,4601.13,4630.23,,0.67,14143712748.0,2558.78,,
2023-07-12,000510,中证A500指数,中证A500,CSI A500 Index,CSI A500,4624.99,4629.15,4587.59,4592.52,,-0.81,18388948721.0,3127.5,,
2023-07-13,000510,中证A500指数,中证A500,CSI A500 Index,CSI A500,4607.48,4659.04,4607.48,4656.57,,1.4,18141755687.0,3262.13,,
2023-07-14,000510,中证A500指数,中证A500,CSI A500 Index,CSI A500,4664.82,4667.03,4652.29,4655.08,,-0.03,18817478391.0,3185.76,,
2023-07-17,000510,中证A500指数,中证A500,CSI A500 Index,CSI A500,4635.74,4635.74,4602.6,4620.03,,-0.75,15616839237.0,2627.14,,
2023-07-18,000510,中证A500指数,中证A500,CSI A500 Index,CSI A500,4624.83,4624.83,4594.47,4605.96,,-0.3,14371791267.0,2483.39,,
2023-07-19,000510,中证A500指数,中证A500,CSI A500 Index,CSI A500,4600.2,4610.04,4579.43,4598.64,,-0.16,12418532594.0,2172.25,,
2023-07-20,000510,中证A500指数,中证A500,CSI A500 Index,CSI A500,4605.35,4621.0,4558.64,4560.56,,-0.83,14973163003.0,2605.77,,
2023-07-21,000510,中证A500指数,中证A500,CSI A500 Index,CSI A500,4552.15,4582.73,4542.22,4555.17,,-0.12,13400207869.0,2271.64,,
2023-07-24,000510,中证A500指数,中证A500,CSI A500 Index,CSI A500,4535.35,4563.31,4530.73,4536.15,,-0.42,12965869944.0,2160.49,,
2023-07-25,000510,中证A500指数,中证A500,CSI A500 Index,CSI A500,4601.83,4654.94,4601.83,4654.94,,2.62,21236403757.0,3605.67,,
2023-07-26,000510,中证A500指数,中证A500,CSI A500 Index,CSI A500,4649.2,4649.2,4628.19,4641.92,,-0.28,15582629631.0,2500.36,,
2023-07-27,000510,中证A500指数,中证A500,CSI A500 Index,CSI A500,4649.05,4668.76,4625.37,4629.15,,-0.28,17136037745.0,2520.55,,
2023-07-28,000510,中证A500指数,中证A500,CSI A500 Index,CSI A500,4614.6,4724.49,4614.6,4716.89,,1.9,22480526367.0,3431.2,,
2023-07-31,000510,中证A500指数,中证A500,CSI A500 Index,CSI A500,4743.75,4787.95,4741.2,4748.8,,0.68,25189371053.0,4183.51,,
2023-08-01,000510,中证A500指数,中证A500,CSI A500 Index,CSI A500,4745.61,4764.91,4720.19,4737.65,,-0.24,20711058541.0,3193.82,,
2023-08-02,000510,中证A500指数,中证A500,CSI A500 Index,CSI A500,4725.28,4741.62,4696.57,4707.98,,-0.63,17715306652.0,2605.06,,
2023-08-03,000510,中证A500指数,中证A500,CSI A500 Index,CSI A500,4694.17,4736.3,4694.17,4736.3,,0.6,16329093586.0,2611.35,,
2023-08-04,000510,中证A500指数,中证A500,CSI A500 Index,CSI A500,4764.37,4788.01,4746.19,4756.87,,0.43,21015916925.0,3537.57,,
2023-08-07,000510,中证A500指数,中证A500,CSI A500 Index,CSI A500,4741.5,4741.5,4711.28,4723.63,,-0.7,16901719127.0,2871.11,,
2023-08-08,000510,中证A500指数,中证A500,CSI A500 Index,CSI A500,4714.08,4726.62,4701.44,4708.65,,-0.32,14470752829.0,2439.61,,
2023-08-09,000510,中证A500指数,中证A500,CSI A500 Index,CSI A500,4694.7,4708.1,4685.01,4687.99,,-0.44,13232869643.0,2241.95,,
2023-08-10,000510,中证A500指数,中证A500,CSI A500 Index,CSI A500,4682.23,4697.52,4666.55,4694.57,,0.14,12428764551.0,2064.6,,
2023-08-11,000510,中证A500指数,中证A500,CSI A500 Index,CSI A500,4698.84,4698.84,4592.6,4592.6,,-2.17,16075884087.0,2395.19,,
2023-08-14,000510,中证A500指数,中证A500,CSI A500 Index,CSI A500,4544.53,4571.7,4518.12,4568.65,,-0.52,15427639071.0,2468.82,,
2023-08-15,000510,中证A500指数,中证A500,CSI A500 Index,CSI A500,4572.4,4572.4,4509.13,4545.51,,-0.51,13430004529.0,2226.57,,
2023-08-16,000510,中证A500指数,中证A500,CSI A500 Index,CSI A500,4528.24,4542.74,4504.92,4504.92,,-0.89,12653546429.0,2089.08,,
2023-08-17,000510,中证A500指数,中证A500,CSI A500 Index,CSI A500,4484.56,4530.04,4473.0,4525.9,,0.47,12821619310.0,2157.54,,
2023-08-18,000510,中证A500指数,中证A500,CSI A500 Index,CSI A500,4525.97,4529.23,4461.03,4461.03,,-1.43,13145798784.0,2140.23,,
2023-08-21,000510,中证A500指数,中证A500,CSI A500 Index,CSI A500,4449.2,4462.78,4403.24,4403.24,,-1.3,12840318114.0,2086.96,,
2023-08-22,000510,中证A500指数,中证A500,CSI A500 Index,CSI A500,4424.68,4446.72,4368.57,4435.35,,0.73,16394621818.0,2601.01,,
2023-08-23,000510,中证A500指数,中证A500,CSI A500 Index,CSI A500,4427.82,4427.82,4356.41,4356.41,,-1.78,13571335141.0,2094.25,,
2023-08-24,000510,中证A500指数,中证A500,CSI A500 Index,CSI A500,4374.38,4412.25,4359.35,4387.0,,0.7,16661765674.0,2540.04,,
2023-08-25,000510,中证A500指数,中证A500,CSI A500 Index,CSI A500,4362.41,4382.56,4341.46,4355.35,,-0.72,15454058200.0,2330.59,,
2023-08-28,000510,中证A500指数,中证A500,CSI A500 Index,CSI A500,4587.18,4587.18,4399.83,4404.9,,1.14,24300951245.0,3845.24,,
2023-08-29,000510,中证A500指数,中证A500,CSI A500 Index,CSI A500,4394.74,4484.31,4394.74,4468.55,,1.45,21017295796.0,3288.23,,
2023-08-30,000510,中证A500指数,中证A500,CSI A500 Index,CSI A500,4485.42,4502.93,4466.36,4475.71,,0.16,19949554138.0,3032.16,,
2023-08-31,000510,中证A500指数,中证A500,CSI A500 Index,CSI A500,4473.88,4475.02,4446.46,4450.74,,-0.56,17276818542.0,2514.55,,
2023-09-01,000510,中证A500指数,中证A500,CSI A500 Index,CSI A500,4464.1,4489.88,4463.72,4475.65,,0.56,15535798360.0,2230.0,,
2023-09-04,000510,中证A500指数,中证A500,CSI A500 Index,CSI A500,4501.14,4545.56,4495.83,4545.56,,1.56,20223855205.0,3020.9,,
2023-09-05,000510,中证A500指数,中证A500,CSI A500 Index,CSI A500,4535.26,4535.26,4509.44,4513.36,,-0.71,15234564438.0,2434.06,,
2023-09-06,000510,中证A500指数,中证A500,CSI A500 Index,CSI A500,4498.18,4507.73,4481.59,4505.96,,-0.16,14478914608.0,2273.15,,
2023-09-07,000510,中证A500指数,中证A500,CSI A500 Index,CSI A500,4495.13,4495.13,4436.19,4436.19,,-1.55,14804651780.0,2211.22,,
2023-09-08,000510,中证A500指数,中证A500,CSI A500 Index,CSI A500,4422.37,4430.96,4402.03,4416.74,,-0.44,12059960258.0,1883.97,,
2023-09-11,000510,中证A500指数,中证A500,CSI A500 Index,CSI A500,4419.2,4472.44,4419.2,4452.49,,0.81,15991232179.0,2572.21,,
2023-09-12,000510,中证A500指数,中证A500,CSI A500 Index,CSI A500,4449.41,4462.06,4445.03,4445.43,,-0.16,12613920039.0,2020.58,,
2023-09-13,000510,中证A500指数,中证A500,CSI A500 Index,CSI A500,4442.3,4446.9,4390.05,4411.32,,-0.77,12674490849.0,1936.46,,
2023-09-14,000510,中证A500指数,中证A500,CSI A500 Index,CSI A500,4410.58,4417.72,4386.23,4403.42,,-0.18,14076079858.0,2008.11,,
2023-09-15,000510,中证A500指数,中证A500,CSI A500 Index,CSI A500,4412.74,4417.5,4365.04,4377.13,,-0.6,14739048186.0,2314.38,,
2023-09-18,000510,中证A500指数,中证A500,CSI A500 Index,CSI A500,4365.42,4411.48,4365.42,4398.78,,0.5,12899586534.0,2143.33,,
2023-09-19,000510,中证A500指数,中证A500,CSI A500 Index,CSI A500,4393.58,4393.58,4366.51,4383.56,,-0.35,12091693033.0,1815.27,,
2023-09-20,000510,中证A500指数,中证A500,CSI A500 Index,CSI A500,4377.07,4377.33,4362.47,4362.47,,-0.48,10963690037.0,1606.8,,
2023-09-21,000510,中证A500指数,中证A500,CSI A500 Index,CSI A500,4352.98,4363.49,4325.59,4325.59,,-0.85,11861731651.0,1778.05,,
2023-09-22,000510,中证A500指数,中证A500,CSI A500 Index,CSI A500,4325.04,4406.91,4319.15,4406.91,,1.88,15593381067.0,2584.97,,
2023-09-25,000510,中证A500指数,中证A500,CSI A500 Index,CSI A500,4406.69,4406.69,4375.12,4378.57,,-0.64,13264745633.0,2212.51,,
2023-09-26,000510,中证A500指数,中证A500,CSI A500 Index,CSI A500,4375.12,4385.7,4353.02,4353.02,,-0.58,11771942775.0,2032.0,,
2023-09-27,000510,中证A500指数,中证A500,CSI A500 Index,CSI A500,4353.42,4390.21,4353.42,4367.35,,0.33,13389662062.0,2273.94,,
2023-09-28,000510,中证A500指数,中证A500,CSI A500 Index,CSI A500,4380.41,4380.41,4357.95,4362.85,,-0.1,12942263376.0,2147.27,,
2023-10-09,000510,中证A500指数,中证A500,CSI A500 Index,CSI A500,4351.95,4359.59,4318.34,4355.8,,-0.16,14647884685.0,2420.07,,
2023-10-10,000510,中证A500指数,中证A500,CSI A500 Index,CSI A500,4368.35,4368.35,4327.41,4327.52,,-0.65,14327338679.0,2283.37,,
2023-10-11,000510,中证A500指数,中证A500,CSI A500 Index,CSI A500,4346.23,4360.89,4331.1,4340.32,,0.3,15135089483.0,2605.75,,
2023-10-12,000510,中证A500指数,中证A500,CSI A500 Index,CSI A500,4371.5,4378.92,4357.47,4378.92,,0.89,17148203778.0,2737.3,,
2023-10-13,000510,中证A500指数,中证A500,CSI A500 Index,CSI A500,4351.6,4351.6,4322.46,4335.21,,-1.0,14987516113.0,2454.92,,
2023-10-16,000510,中证A500指数,中证A500,CSI A500 Index,CSI A500,4336.64,4336.64,4280.35,4289.1,,-1.06,14753134800.0,2387.38,,
2023-10-17,000510,中证A500指数,中证A500,CSI A500 Index,CSI A500,4297.04,4303.1,4278.32,4299.81,,0.25,13229129479.0,2075.61,,
2023-10-18,000510,中证A500指数,中证A500,CSI A500 Index,CSI A500,4289.45,4289.45,4256.42,4257.6,,-0.98,14605614255.0,2295.13,,
2023-10-19,000510,中证A500指数,中证A500,CSI A500 Index,CSI A500,4231.27,4231.27,4173.82,4173.82,,-1.97,15803638848.0,2537.93,,
2023-10-20,000510,中证A500指数,中证A500,CSI A500 Index,CSI A500,4156.19,4174.78,4135.99,4142.97,,-0.74,14539105081.0,2315.67,,
2023-10-23,000510,中证A500指数,中证A500,CSI A500 Index,CSI A500,4132.38,4132.38,4065.89,4089.34,,-1.29,15514536772.0,2231.82,,
2023-10-24,000510,中证A500指数,中证A500,CSI A500 Index,CSI A500,4101.11,4113.63,4074.58,4108.2,,0.46,16783030507.0,2575.28,,
2023-10-25,000510,中证A500指数,中证A500,CSI A500 Index,CSI A500,4147.92,4161.12,4125.99,4126.73,,0.45,18565873792.0,2777.76,,
2023-10-26,000510,中证A500指数,中证A500,CSI A500 Index,CSI A500,4103.56,4139.31,4094.25,4138.42,,0.28,15984112660.0,2494.25,,
2023-10-27,000510,中证A500指数,中证A500,CSI A500 Index,CSI A500,4123.35,4218.04,4123.35,4202.45,,1.55,17778389281.0,3028.54,,
2023-10-30,000510,中证A500指数,中证A500,CSI A500 Index,CSI A500,4193.1,4247.21,4193.1,4237.01,,0.82,20860648290.0,3281.92,,
2023-10-31,000510,中证A500指数,中证A500,CSI A500 Index,CSI A500,4234.42,4234.42,4200.7,4219.44,,-0.42,17197365136.0,2687.51,,
2023-11-01,000510,中证A500指数,中证A500,CSI A500 Index,CSI A500,4251.37,4251.37,4209.84,4215.81,,-0.09,14413494672.0,2417.73,,
2023-11-02,000510,中证A500指数,中证A500,CSI A500 Index,CSI A500,4225.52,4239.97,4192.18,4192.18,,-0.56,14213828698.0,2137.03,,
2023-11-03,000510,中证A500指数,中证A500,CSI A500 Index,CSI A500,4197.22,4245.94,4197.22,4232.31,,0.96,15185194341.0,2373.08,,
2023-11-06,000510,中证A500指数,中证A500,CSI A500 Index,CSI A500,4257.82,4295.48,4257.82,4294.11,,1.46,21647781926.0,3382.8,,
2023-11-07,000510,中证A500指数,中证A500,CSI A500 Index,CSI A500,4283.43,4293.66,4265.82,4283.8,,-0.24,16993934791.0,2744.38,,
2023-11-08,000510,中证A500指数,中证A500,CSI A500 Index,CSI A500,4272.59,4295.99,4257.1,4277.98,,-0.14,17414198934.0,2801.87,,
2023-11-09,000510,中证A500指数,中证A500,CSI A500 Index,CSI A500,4269.1,4293.17,4266.22,4276.23,,-0.04,16346244014.0,2603.01,,
2023-11-10,000510,中证A500指数,中证A500,CSI A500 Index,CSI A500,4257.35,4257.35,4236.26,4247.06,,-0.68,14018429559.0,2226.69,,
2023-11-13,000510,中证A500指数,中证A500,CSI A500 Index,CSI A500,4258.44,4258.44,4229.31,4250.08,,0.07,14556447686.0,2378.41,,
2023-11-14,000510,中证A500指数,中证A500,CSI A500 Index,CSI A500,4251.33,4269.48,4240.74,4253.3,,0.08,14035183864.0,2219.32,,
2023-11-15,000510,中证A500指数,中证A500,CSI A500 Index,CSI A500,4295.45,4295.45,4273.86,4283.7,,0.72,15890733460.0,2623.69,,
2023-11-16,000510,中证A500指数,中证A500,CSI A500 Index,CSI A500,4274.51,4276.58,4239.67,4239.67,,-1.03,13272350016.0,2053.66,,
2023-11-17,000510,中证A500指数,中证A500,CSI A500 Index,CSI A500,4227.29,4242.78,4216.35,4241.08,,0.03,13072899893.0,1988.67,,
2023-11-20,000510,中证A500指数,中证A500,CSI A500 Index,CSI A500,4243.8,4263.57,4219.99,4254.29,,0.31,14667757039.0,2287.13,,
2023-11-21,000510,中证A500指数,中证A500,CSI A500 Index,CSI A500,4267.37,4290.39,4248.1,4253.42,,-0.02,17539063516.0,2504.84,,
2023-11-22,000510,中证A500指数,中证A500,CSI A500 Index,CSI A500,4238.76,4238.76,4203.63,4203.63,,-1.17,15442927092.0,2078.32,,
2023-11-23,000510,中证A500指数,中证A500,CSI A500 Index,CSI A500,4198.95,4229.35,4189.21,4228.8,,0.6,14555325884.0,2030.9,,
2023-11-24,000510,中证A500指数,中证A500,CSI A500 Index,CSI A500,4228.01,4228.01,4191.4,4194.91,,-0.8,15026670819.0,2011.34,,
2023-11-27,000510,中证A500指数,中证A500,CSI A500 Index,CSI A500,4189.97,4189.97,4149.87,4170.41,,-0.58,14953946823.0,2124.38,,
2023-11-28,000510,中证A500指数,中证A500,CSI A500 Index,CSI A500,4168.27,4182.82,4159.09,4181.67,,0.27,13696756063.0,1995.71,,
2023-11-29,000510,中证A500指数,中证A500,CSI A500 Index,CSI A500,4181.08,4181.08,4141.66,4148.03,,-0.8,14400974685.0,2048.72,,
2023-11-30,000510,中证A500指数,中证A500,CSI A500 Index,CSI A500,4143.88,4159.42,4136.49,4150.27,,0.05,14158304415.0,2011.08,,
2023-12-01,000510,中证A500指数,中证A500,CSI A500 Index,CSI A500,4147.75,4151.74,4108.31,4144.43,,-0.14,16642459053.0,2476.22,,
2023-12-04,000510,中证A500指数,中证A500,CSI A500 Index,CSI A500,4143.87,4150.32,4120.82,4121.32,,-0.56,15936729880.0,2444.19,,
2023-12-05,000510,中证A500指数,中证A500,CSI A500 Index,CSI A500,4108.8,4108.8,4040.31,4040.31,,-1.97,15301196827.0,2320.6,,
2023-12-06,000510,中证A500指数,中证A500,CSI A500 Index,CSI A500,4032.08,4067.48,4032.08,4051.59,,0.28,16189638316.0,2430.27,,
2023-12-07,000510,中证A500指数,中证A500,CSI A500 Index,CSI A500,4045.23,4053.01,4019.82,4041.1,,-0.26,15364484530.0,2299.01,,
2023-12-08,000510,中证A500指数,中证A500,CSI A500 Index,CSI A500,4043.04,4064.09,4036.68,4054.91,,0.34,19219914900.0,2908.9,,
2023-12-11,000510,中证A500指数,中证A500,CSI A500 Index,CSI A500,4029.16,4088.85,4002.47,4082.77,,0.69,19969821925.0,2892.16,,
2023-12-12,000510,中证A500指数,中证A500,CSI A500 Index,CSI A500,4073.11,4090.16,4072.57,4089.46,,0.16,15391432441.0,2290.52,,
2023-12-13,000510,中证A500指数,中证A500,CSI A500 Index,CSI A500,4079.68,4079.68,4023.5,4023.5,,-1.61,13837099758.0,2165.0,,
2023-12-14,000510,中证A500指数,中证A500,CSI A500 Index,CSI A500,4045.2,4056.67,4003.95,4003.95,,-0.49,13032723091.0,2016.77,,
2023-12-15,000510,中证A500指数,中证A500,CSI A500 Index,CSI A500,4019.57,4039.22,3989.93,3990.26,,-0.34,14633764029.0,2212.59,,
2023-12-18,000510,中证A500指数,中证A500,CSI A500 Index,CSI A500,3975.82,3992.51,3957.68,3965.11,,-0.63,13720445875.0,1937.98,,
2023-12-19,000510,中证A500指数,中证A500,CSI A500 Index,CSI A500,3960.74,3986.37,3948.46,3970.67,,0.14,12151749643.0,1787.23,,
2023-12-20,000510,中证A500指数,中证A500,CSI A500 Index,CSI A500,3972.17,3972.17,3925.36,3925.36,,-1.14,12913852274.0,1853.72,,
2023-12-21,000510,中证A500指数,中证A500,CSI A500 Index,CSI A500,3909.94,3972.66,3909.94,3965.9,,1.03,14509722624.0,2236.07,,
2023-12-22,000510,中证A500指数,中证A500,CSI A500 Index,CSI A500,3964.16,3997.05,3949.2,3965.49,,-0.01,16961307610.0,2405.35,,
2023-12-25,000510,中证A500指数,中证A500,CSI A500 Index,CSI A500,3957.86,3979.15,3957.86,3977.71,,0.31,11975875589.0,1718.37,,
2023-12-26,000510,中证A500指数,中证A500,CSI A500 Index,CSI A500,3975.82,3975.82,3936.5,3948.56,,-0.73,11558102573.0,1689.33,,
2023-12-27,000510,中证A500指数,中证A500,CSI A500 Index,CSI A500,3951.31,3962.62,3932.59,3959.05,,0.27,13445907737.0,1850.98,,
2023-12-28,000510,中证A500指数,中证A500,CSI A500 Index,CSI A500,3956.9,4058.89,3956.9,4054.18,,2.4,20327390429.0,3138.79,,
2023-12-29,000510,中证A500指数,中证A500,CSI A500 Index,CSI A500,4049.43,4079.4,4049.43,4079.4,,0.62,16794273850.0,2584.34,,
2024-01-02,000510,中证A500指数,中证A500,CSI A500 Index,CSI A500,4075.19,4075.19,4030.38,4030.38,,-1.2,16713652455.0,2405.86,,
2024-01-03,000510,中证A500指数,中证A500,CSI A500 Index,CSI A500,4021.54,4031.18,4000.55,4018.73,,-0.29,15523772041.0,2221.87,,
2024-01-04,000510,中证A500指数,中证A500,CSI A500 Index,CSI A500,4014.23,4014.23,3962.03,3979.08,,-0.99,14807729322.0,2142.43,,
2024-01-05,000510,中证A500指数,中证A500,CSI A500 Index,CSI A500,3972.12,3994.27,3933.66,3946.39,,-0.82,16211963534.0,2324.78,,
2024-01-08,000510,中证A500指数,中证A500,CSI A500 Index,CSI A500,3938.92,3938.92,3888.18,3888.8,,-1.46,15351319846.0,2161.07,,
2024-01-09,000510,中证A500指数,中证A500,CSI A500 Index,CSI A500,3891.36,3910.34,3876.3,3898.32,,0.25,14719281162.0,2184.93,,
2024-01-10,000510,中证A500指数,中证A500,CSI A500 Index,CSI A500,3885.82,3921.82,3865.56,3878.46,,-0.51,13066990154.0,2040.97,,
2024-01-11,000510,中证A500指数,中证A500,CSI A500 Index,CSI A500,3876.11,3923.73,3868.54,3910.39,,0.82,15328400068.0,2418.39,,
2024-01-12,000510,中证A500指数,中证A500,CSI A500 Index,CSI A500,3897.71,3926.55,3894.86,3894.86,,-0.4,13605107465.0,2074.67,,
2024-01-15,000510,中证A500指数,中证A500,CSI A500 Index,CSI A500,3878.4,3910.19,3873.87,3889.0,,-0.15,12124091272.0,1867.37,,
2024-01-16,000510,中证A500指数,中证A500,CSI A500 Index,CSI A500,3880.05,3904.44,3856.08,3902.64,,0.35,14606648244.0,2178.23,,
2024-01-17,000510,中证A500指数,中证A500,CSI A500 Index,CSI A500,3891.44,3891.44,3810.06,3810.06,,-2.37,14040500476.0,2135.62,,
2024-01-18,000510,中证A500指数,中证A500,CSI A500 Index,CSI A500,3790.75,3858.23,3743.2,3858.23,,1.26,21893346549.0,3086.35,,
2024-01-19,000510,中证A500指数,中证A500,CSI A500 Index,CSI A500,3843.96,3869.02,3835.38,3846.48,,-0.3,15473468069.0,2370.0,,
2024-01-22,000510,中证A500指数,中证A500,CSI A500 Index,CSI A500,3837.82,3837.82,3757.89,3758.49,,-2.29,19244018195.0,2763.5,,
2024-01-23,000510,中证A500指数,中证A500,CSI A500 Index,CSI A500,3747.46,3801.96,3738.45,3784.04,,0.68,16668651613.0,2446.28,,
2024-01-24,000510,中证A500指数,中证A500,CSI A500 Index,CSI A500,3800.6,3831.3,3726.42,3831.15,,1.25,19245771098.0,2606.13,,
2024-01-25,000510,中证A500指数,中证A500,CSI A500 Index,CSI A500,3828.64,3916.82,3827.29,3916.82,,2.24,24394461105.0,3172.95,,
2024-01-26,000510,中证A500指数,中证A500,CSI A500 Index,CSI A500,3898.31,3916.23,3886.86,3895.91,,-0.53,22212048440.0,2856.06,,
2024-01-29,000510,中证A500指数,中证A500,CSI A500 Index,CSI A500,3897.04,3898.87,3846.1,3846.1,,-1.28,21991359837.0,2881.93,,
2024-01-30,000510,中证A500指数,中证A500,CSI A500 Index,CSI A500,3823.13,3832.52,3772.67,3772.67,,-1.91,17846039102.0,2356.44,,
2024-01-31,000510,中证A500指数,中证A500,CSI A500 Index,CSI A500,3755.19,3779.88,3713.67,3720.82,,-1.37,20504557170.0,2679.82,,
2024-02-01,000510,中证A500指数,中证A500,CSI A500 Index,CSI A500,3704.23,3764.76,3690.98,3721.23,,0.01,18995294390.0,2474.74,,
2024-02-02,000510,中证A500指数,中证A500,CSI A500 Index,CSI A500,3724.34,3736.23,3616.9,3663.77,,-1.54,22643745414.0,2831.26,,
2024-02-05,000510,中证A500指数,中证A500,CSI A500 Index,CSI A500,3643.05,3718.34,3573.37,3663.41,,-0.01,27044668933.0,3373.03,,
2024-02-06,000510,中证A500指数,中证A500,CSI A500 Index,CSI A500,3641.68,3826.15,3641.68,3825.41,,4.42,27388860415.0,3488.87,,
2024-02-07,000510,中证A500指数,中证A500,CSI A500 Index,CSI A500,3829.72,3902.19,3829.72,3902.19,,2.01,30634714421.0,3893.09,,
2024-02-08,000510,中证A500指数,中证A500,CSI A500 Index,CSI A500,3913.36,3960.96,3908.79,3934.25,,0.82,27928105835.0,3656.6,,
2024-02-19,000510,中证A500指数,中证A500,CSI A500 Index,CSI A500,3977.84,3977.84,3939.47,3976.73,,1.08,25796034328.0,3508.28,,
2024-02-20,000510,中证A500指数,中证A500,CSI A500 Index,CSI A500,3962.66,3982.01,3944.53,3978.07,,0.03,19165577287.0,2774.38,,
2024-02-21,000510,中证A500指数,中证A500,CSI A500 Index,CSI A500,3952.44,4077.72,3952.44,4021.93,,1.1,24890755721.0,3549.95,,
2024-02-22,000510,中证A500指数,中证A500,CSI A500 Index,CSI A500,4015.26,4056.43,4015.26,4056.43,,0.86,19152280845.0,2789.25,,
2024-02-23,000510,中证A500指数,中证A500,CSI A500 Index,CSI A500,4063.41,4067.08,4041.82,4064.84,,0.21,21052261005.0,3024.93,,
2024-02-26,000510,中证A500指数,中证A500,CSI A500 Index,CSI A500,4061.71,4065.16,4032.08,4034.64,,-0.74,22014907559.0,3135.08,,
2024-02-27,000510,中证A500指数,中证A500,CSI A500 Index,CSI A500,4018.3,4094.55,4018.3,4094.55,,1.49,21323904829.0,3261.93,,
2024-02-28,000510,中证A500指数,中证A500,CSI A500 Index,CSI A500,4100.27,4130.17,4026.96,4026.96,,-1.65,28588740400.0,4341.78,,
2024-02-29,000510,中证A500指数,中证A500,CSI A500 Index,CSI A500,4010.72,4118.96,4010.72,4118.96,,2.29,22934157754.0,3682.39,,
2024-03-01,000510,中证A500指数,中证A500,CSI A500 Index,CSI A500,4118.51,4150.71,4114.77,4147.92,,0.7,23186138177.0,3770.69,,
2024-03-04,000510,中证A500指数,中证A500,CSI A500 Index,CSI A500,4151.15,4158.59,4125.83,4156.22,,0.2,23651745107.0,3914.52,,
2024-03-05,000510,中证A500指数,中证A500,CSI A500 Index,CSI A500,4135.3,4173.52,4135.3,4170.82,,0.35,24033242390.0,3935.17,,
2024-03-06,000510,中证A500指数,中证A500,CSI A500 Index,CSI A500,4157.82,4181.35,4147.29,4158.08,,-0.3,20364313054.0,3238.29,,
2024-03-07,000510,中证A500指数,中证A500,CSI A500 Index,CSI A500,4155.57,4175.16,4122.04,4124.08,,-0.82,22389905020.0,3347.16,,
2024-03-08,000510,中证A500指数,中证A500,CSI A500 Index,CSI A500,4125.13,4155.4,4110.22,4152.9,,0.7,19039429268.0,3020.68,,
2024-03-11,000510,中证A500指数,中证A500,CSI A500 Index,CSI A500,4153.05,4212.5,4153.05,4212.5,,1.44,22486441895.0,3785.09,,
2024-03-12,000510,中证A500指数,中证A500,CSI A500 Index,CSI A500,4217.75,4233.11,4200.3,4221.12,,0.21,25753486055.0,4321.94,,
2024-03-13,000510,中证A500指数,中证A500,CSI A500 Index,CSI A500,4219.94,4224.04,4189.95,4200.65,,-0.49,22969401729.0,3652.12,,
2024-03-14,000510,中证A500指数,中证A500,CSI A500 Index,CSI A500,4201.69,4225.18,4169.34,4189.25,,-0.27,22131588327.0,3523.78,,
2024-03-15,000510,中证A500指数,中证A500,CSI A500 Index,CSI A500,4179.5,4209.11,4154.52,4207.05,,0.43,21830336278.0,3386.81,,
2024-03-18,000510,中证A500指数,中证A500,CSI A500 Index,CSI A500,4218.0,4250.5,4217.68,4250.22,,1.03,24680417587.0,3975.66,,
2024-03-19,000510,中证A500指数,中证A500,CSI A500 Index,CSI A500,4238.6,4254.57,4217.7,4217.7,,-0.77,23733176613.0,3653.15,,
2024-03-20,000510,中证A500指数,中证A500,CSI A500 Index,CSI A500,4207.41,4231.98,4207.41,4229.9,,0.29,20890980628.0,3220.58,,
2024-03-21,000510,中证A500指数,中证A500,CSI A500 Index,CSI A500,4240.68,4242.53,4213.48,4219.38,,-0.25,20818149227.0,3284.3,,
2024-03-22,000510,中证A500指数,中证A500,CSI A500 Index,CSI A500,4207.53,4207.53,4152.85,4176.06,,-1.03,22509423255.0,3519.17,,
2024-03-25,000510,中证A500指数,中证A500,CSI A500 Index,CSI A500,4166.91,4197.62,4142.67,4142.67,,-0.8,21588928582.0,3297.88,,
2024-03-26,000510,中证A500指数,中证A500,CSI A500 Index,CSI A500,4142.27,4159.5,4131.18,4157.11,,0.35,19586807439.0,3216.37,,
2024-03-27,000510,中证A500指数,中证A500,CSI A500 Index,CSI A500,4152.11,4152.11,4093.02,4093.02,,-1.54,19062661218.0,2946.66,,
2024-03-28,000510,中证A500指数,中证A500,CSI A500 Index,CSI A500,4089.34,4156.79,4089.34,4127.86,,0.85,20319001204.0,3169.19,,
2024-03-29,000510,中证A500指数,中证A500,CSI A500 Index,CSI A500,4124.6,4154.62,4124.6,4154.54,,0.65,18752564306.0,2835.36,,
2024-04-01,000510,中证A500指数,中证A500,CSI A500 Index,CSI A500,4172.24,4231.91,4172.24,4231.91,,1.86,23782747195.0,3561.84,,
2024-04-02,000510,中证A500指数,中证A500,CSI A500 Index,CSI A500,4228.03,4228.26,4200.02,4214.18,,-0.42,21736577457.0,3219.36,,
2024-04-03,000510,中证A500指数,中证A500,CSI A500 Index,CSI A500,4211.6,4211.6,4193.81,4200.94,,-0.31,22078655968.0,3195.89,,
2024-04-08,000510,中证A500指数,中证A500,CSI A500 Index,CSI A500,4186.06,4201.28,4158.94,4158.94,,-1.0,24220822694.0,3437.28,,
2024-04-09,000510,中证A500指数,中证A500,CSI A500 Index,CSI A500,4154.99,4166.77,4143.92,4164.4,,0.13,19721790641.0,2846.39,,
2024-04-10,000510,中证A500指数,中证A500,CSI A500 Index,CSI A500,4158.02,4158.02,4106.17,4125.57,,-0.93,19620457939.0,2842.95,,
2024-04-11,000510,中证A500指数,中证A500,CSI A500 Index,CSI A500,4100.18,4149.3,4100.18,4128.58,,0.07,19849632119.0,2873.32,,
2024-04-12,000510,中证A500指数,中证A500,CSI A500 Index,CSI A500,4130.67,4133.26,4098.47,4099.5,,-0.7,18948479785.0,2878.06,,
2024-04-15,000510,中证A500指数,中证A500,CSI A500 Index,CSI A500,4094.97,4177.15,4092.06,4173.03,,1.79,25913188682.0,3557.65,,
2024-04-16,000510,中证A500指数,中证A500,CSI A500 Index,CSI A500,4152.72,4159.71,4107.54,4107.54,,-1.57,25729962912.0,3449.33,,
2024-04-17,000510,中证A500指数,中证A500,CSI A500 Index,CSI A500,4110.4,4186.05,4110.4,4185.72,,1.9,23724569082.0,3264.46,,
2024-04-18,000510,中证A500指数,中证A500,CSI A500 Index,CSI A500,4166.67,4222.5,4166.67,4186.64,,0.02,24272907999.0,3447.57,,
2024-04-19,000510,中证A500指数,中证A500,CSI A500 Index,CSI A500,4164.72,4176.88,4142.07,4156.64,,-0.72,21959194111.0,3182.16,,
2024-04-22,000510,中证A500指数,中证A500,CSI A500 Index,CSI A500,4146.97,4172.22,4134.82,4136.7,,-0.48,21596164349.0,3099.1,,
2024-04-23,000510,中证A500指数,中证A500,CSI A500 Index,CSI A500,4128.27,4128.27,4094.65,4101.91,,-0.84,20770377894.0,2919.0,,
2024-04-24,000510,中证A500指数,中证A500,CSI A500 Index,CSI A500,4109.15,4128.71,4095.82,4128.71,,0.65,18543040390.0,2780.43,,
2024-04-25,000510,中证A500指数,中证A500,CSI A500 Index,CSI A500,4113.85,4149.33,4111.42,4135.89,,0.17,17911906008.0,2647.95,,
2024-04-26,000510,中证A500指数,中证A500,CSI A500 Index,CSI A500,4134.19,4204.85,4134.19,4204.26,,1.65,26003433989.0,3933.99,,
2024-04-29,000510,中证A500指数,中证A500,CSI A500 Index,CSI A500,4204.85,4275.84,4204.85,4260.22,,1.33,29710994208.0,4534.39,,
2024-04-30,000510,中证A500指数,中证A500,CSI A500 Index,CSI A500,4254.6,4260.42,4232.69,4232.69,,-0.65,26317449576.0,3686.92,,
2024-05-06,000510,中证A500指数,中证A500,CSI A500 Index,CSI A500,4289.71,4308.44,4286.69,4301.89,,1.64,28371906921.0,4249.65,,
2024-05-07,000510,中证A500指数,中证A500,CSI A500 Index,CSI A500,4301.92,4312.33,4293.72,4304.15,,0.05,22970546633.0,3326.91,,
2024-05-08,000510,中证A500指数,中证A500,CSI A500 Index,CSI A500,4293.86,4293.86,4260.78,4261.39,,-0.99,19201723118.0,2759.4,,
2024-05-09,000510,中证A500指数,中证A500,CSI A500 Index,CSI A500,4262.29,4315.22,4262.29,4311.92,,1.19,21179650545.0,3154.65,,
2024-05-10,000510,中证A500指数,中证A500,CSI A500 Index,CSI A500,4317.68,4317.68,4280.8,4305.79,,-0.14,21063115979.0,3080.69,,
2024-05-13,000510,中证A500指数,中证A500,CSI A500 Index,CSI A500,4280.39,4303.02,4270.7,4293.77,,-0.28,21133940372.0,3123.94,,
2024-05-14,000510,中证A500指数,中证A500,CSI A500 Index,CSI A500,4299.03,4306.41,4278.31,4285.8,,-0.19,19053357576.0,2774.95,,
2024-05-15,000510,中证A500指数,中证A500,CSI A500 Index,CSI A500,4277.51,4278.63,4249.97,4251.0,,-0.81,17363462011.0,2488.52,,
2024-05-16,000510,中证A500指数,中证A500,CSI A500 Index,CSI A500,4263.55,4280.86,4253.62,4260.77,,0.23,20994322564.0,3050.78,,
2024-05-17,000510,中证A500指数,中证A500,CSI A500 Index,CSI A500,4258.81,4307.94,4248.06,4307.94,,1.11,22140982222.0,3198.11,,
2024-05-20,000510,中证A500指数,中证A500,CSI A500 Index,CSI A500,4313.03,4331.97,4310.82,4326.88,,0.44,25181309998.0,3652.98,,
2024-05-21,000510,中证A500指数,中证A500,CSI A500 Index,CSI A500,4316.79,4316.79,4293.18,4302.33,,-0.57,18991760923.0,2640.18,,
2024-05-22,000510,中证A500指数,中证A500,CSI A500 Index,CSI A500,4299.72,4312.17,4293.09,4307.33,,0.12,20123246052.0,2926.99,,
2024-05-23,000510,中证A500指数,中证A500,CSI A500 Index,CSI A500,4291.61,4291.61,4239.79,4248.86,,-1.36,20132728964.0,2838.59,,
2024-05-24,000510,中证A500指数,中证A500,CSI A500 Index,CSI A500,4235.86,4257.12,4202.24,4202.59,,-1.09,16949045871.0,2502.81,,
2024-05-27,000510,中证A500指数,中证A500,CSI A500 Index,CSI A500,4209.41,4245.31,4201.84,4243.43,,0.97,18210211284.0,2637.05,,
2024-05-28,000510,中证A500指数,中证A500,CSI A500 Index,CSI A500,4239.46,4240.97,4208.66,4209.6,,-0.8,17205018446.0,2427.65,,
2024-05-29,000510,中证A500指数,中证A500,CSI A500 Index,CSI A500,4208.23,4234.56,4205.31,4218.6,,0.21,16360477116.0,2343.25,,
2024-05-30,000510,中证A500指数,中证A500,CSI A500 Index,CSI A500,4211.13,4226.05,4192.76,4197.96,,-0.49,17356588320.0,2513.77,,
2024-05-31,000510,中证A500指数,中证A500,CSI A500 Index,CSI A500,4202.9,4222.02,4182.71,4182.71,,-0.36,15927014325.0,2344.73,,
2024-06-03,000510,中证A500指数,中证A500,CSI A500 Index,CSI A500,4180.01,4204.01,4166.09,4189.86,,0.17,19747936055.0,2835.3,,
2024-06-04,000510,中证A500指数,中证A500,CSI A500 Index,CSI A500,4182.84,4232.92,4181.04,4228.1,,0.91,17684897489.0,2545.09,,
2024-06-05,000510,中证A500指数,中证A500,CSI A500 Index,CSI A500,4219.22,4234.73,4199.37,4199.37,,-0.68,16761552217.0,2403.06,,
2024-06-06,000510,中证A500指数,中证A500,CSI A500 Index,CSI A500,4209.46,4229.33,4185.87,4189.64,,-0.23,20998658190.0,2938.97,,
2024-06-07,000510,中证A500指数,中证A500,CSI A500 Index,CSI A500,4194.34,4198.29,4144.15,4167.53,,-0.53,18206981232.0,2647.28,,
2024-06-11,000510,中证A500指数,中证A500,CSI A500 Index,CSI A500,4143.6,4146.94,4119.16,4140.49,,-0.65,18814087885.0,2732.55,,
2024-06-12,000510,中证A500指数,中证A500,CSI A500 Index,CSI A500,4134.95,4152.84,4132.63,4145.07,,0.11,17081555996.0,2530.73,,
2024-06-13,000510,中证A500指数,中证A500,CSI A500 Index,CSI A500,4148.59,4148.59,4115.11,4120.63,,-0.59,17356709415.0,2700.12,,
2024-06-14,000510,中证A500指数,中证A500,CSI A500 Index,CSI A500,4108.41,4140.21,4097.36,4134.26,,0.33,21692591389.0,3438.42,,
2024-06-17,000510,中证A500指数,中证A500,CSI A500 Index,CSI A500,4113.48,4137.98,4113.48,4132.53,,-0.04,18864411493.0,2994.65,,
2024-06-18,000510,中证A500指数,中证A500,CSI A500 Index,CSI A500,4129.74,4152.36,4129.74,4146.0,,0.33,17054245172.0,2718.63,,
2024-06-19,000510,中证A500指数,中证A500,CSI A500 Index,CSI A500,4144.97,4144.97,4117.54,4120.39,,-0.62,15029783105.0,2460.51,,
2024-06-20,000510,中证A500指数,中证A500,CSI A500 Index,CSI A500,4115.75,4126.35,4080.57,4080.57,,-0.97,16249016374.0,2459.72,,
2024-06-21,000510,中证A500指数,中证A500,CSI A500 Index,CSI A500,4072.12,4085.85,4051.41,4074.68,,-0.14,14412245497.0,2260.24,,
2024-06-24,000510,中证A500指数,中证A500,CSI A500 Index,CSI A500,4048.54,4073.08,4039.08,4040.09,,-0.85,16558945770.0,2516.05,,
2024-06-25,000510,中证A500指数,中证A500,CSI A500 Index,CSI A500,4037.86,4046.58,3998.49,4015.32,,-0.61,16028874194.0,2425.66,,
2024-06-26,000510,中证A500指数,中证A500,CSI A500 Index,CSI A500,4008.99,4054.1,3997.91,4052.84,,0.93,16726774894.0,2283.11,,
2024-06-27,000510,中证A500指数,中证A500,CSI A500 Index,CSI A500,4036.54,4036.54,4009.55,4009.55,,-1.07,16595130015.0,2222.64,,
2024-06-28,000510,中证A500指数,中证A500,CSI A500 Index,CSI A500,3997.22,4049.11,3997.22,4023.33,,0.34,18499206336.0,2574.03,,
2024-07-01,000510,中证A500指数,中证A500,CSI A500 Index,CSI A500,4020.46,4050.69,4002.89,4046.46,,0.58,16901406633.0,2409.7,,
2024-07-02,000510,中证A500指数,中证A500,CSI A500 Index,CSI A500,4040.41,4052.74,4025.85,4029.67,,-0.42,16510702568.0,2361.38,,
2024-07-03,000510,中证A500指数,中证A500,CSI A500 Index,CSI A500,4029.17,4029.17,4011.12,4017.39,,-0.3,14206330529.0,2091.34,,
2024-07-04,000510,中证A500指数,中证A500,CSI A500 Index,CSI A500,4024.16,4038.13,3991.19,3991.19,,-0.65,15538204043.0,2078.94,,
2024-07-05,000510,中证A500指数,中证A500,CSI A500 Index,CSI A500,3988.15,3988.15,3945.07,3985.52,,-0.14,15950238492.0,2266.63,,
2024-07-08,000510,中证A500指数,中证A500,CSI A500 Index,CSI A500,3974.21,3974.21,3945.55,3945.64,,-1.0,16239645248.0,2252.66,,
2024-07-09,000510,中证A500指数,中证A500,CSI A500 Index,CSI A500,3938.93,4004.26,3924.78,3997.4,,1.31,19643453382.0,2832.33,,
2024-07-10,000510,中证A500指数,中证A500,CSI A500 Index,CSI A500,3982.84,4007.59,3980.73,3985.72,,-0.29,18546244872.0,2628.64,,
2024-07-11,000510,中证A500指数,中证A500,CSI A500 Index,CSI A500,4016.19,4044.96,4008.69,4043.58,,1.45,20862280802.0,3101.45,,
2024-07-12,000510,中证A500指数,中证A500,CSI A500 Index,CSI A500,4035.04,4053.86,4033.93,4046.25,,0.07,18575216044.0,2680.54,,
2024-07-15,000510,中证A500指数,中证A500,CSI A500 Index,CSI A500,4033.05,4044.97,4032.41,4039.64,,-0.16,17206841573.0,2286.44,,
2024-07-16,000510,中证A500指数,中证A500,CSI A500 Index,CSI A500,4029.37,4065.23,4029.35,4064.56,,0.62,17704127714.0,2668.03,,
2024-07-17,000510,中证A500指数,中证A500,CSI A500 Index,CSI A500,4059.98,4072.0,4049.45,4057.22,,-0.18,18130997431.0,2888.69,,
2024-07-18,000510,中证A500指数,中证A500,CSI A500 Index,CSI A500,4033.52,4079.29,4025.47,4079.29,,0.54,17249795109.0,2780.65,,
2024-07-19,000510,中证A500指数,中证A500,CSI A500 Index,CSI A500,4054.97,4099.69,4047.81,4094.49,,0.37,17618454445.0,2839.19,,
2024-07-22,000510,中证A500指数,中证A500,CSI A500 Index,CSI A500,4093.43,4093.43,4054.48,4073.01,,-0.52,17375151190.0,2714.41,,
2024-07-23,000510,中证A500指数,中证A500,CSI A500 Index,CSI A500,4068.31,4068.31,3975.66,3975.66,,-2.39,17702788981.0,2570.89,,
2024-07-24,000510,中证A500指数,中证A500,CSI A500 Index,CSI A500,3967.09,3987.72,3936.09,3946.05,,-0.75,18718247936.0,2366.28,,
2024-07-25,000510,中证A500指数,中证A500,CSI A500 Index,CSI A500,3927.99,3942.55,3909.82,3925.35,,-0.53,16536196398.0,2365.28,,
2024-07-26,000510,中证A500指数,中证A500,CSI A500 Index,CSI A500,3930.96,3955.95,3924.72,3948.59,,0.59,16099487180.0,2345.09,,
2024-07-29,000510,中证A500指数,中证A500,CSI A500 Index,CSI A500,3945.81,3945.81,3924.42,3924.42,,-0.61,14704981006.0,2142.6,,
2024-07-30,000510,中证A500指数,中证A500,CSI A500 Index,CSI A500,3912.63,3912.63,3884.14,3901.81,,-0.58,14615524913.0,2116.92,,
2024-07-31,000510,中证A500指数,中证A500,CSI A500 Index,CSI A500,3895.13,3999.15,3895.13,3997.47,,2.45,23135874502.0,3224.26,,
2024-08-01,000510,中证A500指数,中证A500,CSI A500 Index,CSI A500,4000.96,4000.96,3967.97,3970.35,,-0.68,18270966949.0,2602.81,,
2024-08-02,000510,中证A500指数,中证A500,CSI A500 Index,CSI A500,3939.36,3969.81,3926.47,3926.47,,-1.11,16462071314.0,2353.37,,
2024-08-05,000510,中证A500指数,中证A500,CSI A500 Index,CSI A500,3898.67,3951.54,3869.26,3869.26,,-1.46,19532958626.0,2861.05,,
2024-08-06,000510,中证A500指数,中证A500,CSI A500 Index,CSI A500,3900.91,3900.91,3849.57,3879.57,,0.27,17475444652.0,2361.11,,
2024-08-07,000510,中证A500指数,中证A500,CSI A500 Index,CSI A500,3874.5,3901.49,3874.5,3877.82,,-0.04,14546546988.0,1960.61,,
2024-08-08,000510,中证A500指数,中证A500,CSI A500 Index,CSI A500,3866.57,3895.73,3852.97,3876.53,,-0.03,14673373910.0,1961.16,,
2024-08-09,000510,中证A500指数,中证A500,CSI A500 Index,CSI A500,3895.67,3900.49,3861.37,3861.37,,-0.39,15323417043.0,1870.24,,
2024-08-12,000510,中证A500指数,中证A500,CSI A500 Index,CSI A500,3857.79,3866.47,3849.81,3854.76,,-0.17,12755068733.0,1558.91,,
2024-08-13,000510,中证A500指数,中证A500,CSI A500 Index,CSI A500,3856.81,3865.01,3836.86,3864.83,,0.26,12129208714.0,1581.59,,
2024-08-14,000510,中证A500指数,中证A500,CSI A500 Index,CSI A500,3863.29,3863.29,3830.21,3830.21,,-0.9,11328913834.0,1472.89,,
2024-08-15,000510,中证A500指数,中证A500,CSI A500 Index,CSI A500,3821.18,3882.75,3821.18,3866.78,,0.96,15186719326.0,1894.19,,
2024-08-16,000510,中证A500指数,中证A500,CSI A500 Index,CSI A500,3868.6,3881.79,3862.29,3867.01,,0.01,14076342836.0,1773.04,,
2024-08-19,000510,中证A500指数,中证A500,CSI A500 Index,CSI A500,3865.5,3900.08,3865.5,3878.35,,0.29,14616864194.0,1805.27,,
2024-08-20,000510,中证A500指数,中证A500,CSI A500 Index,CSI A500,3883.6,3883.6,3836.83,3844.69,,-0.87,14957686194.0,1771.49,,
2024-08-21,000510,中证A500指数,中证A500,CSI A500 Index,CSI A500,3833.41,3851.54,3826.1,3834.75,,-0.26,13715139240.0,1681.98,,
2024-08-22,000510,中证A500指数,中证A500,CSI A500 Index,CSI A500,3836.03,3836.09,3815.35,3818.68,,-0.42,14551515246.0,1864.74,,
2024-08-23,000510,中证A500指数,中证A500,CSI A500 Index,CSI A500,3809.99,3838.15,3809.99,3833.19,,0.38,12800209763.0,1689.71,,
2024-08-26,000510,中证A500指数,中证A500,CSI A500 Index,CSI A500,3838.45,3838.45,3820.28,3832.7,,-0.01,14193773124.0,1869.3,,
2024-08-27,000510,中证A500指数,中证A500,CSI A500 Index,CSI A500,3822.64,3822.64,3800.97,3807.54,,-0.66,14199506666.0,1745.07,,
2024-08-28,000510,中证A500指数,中证A500,CSI A500 Index,CSI A500,3800.78,3803.57,3781.19,3790.86,,-0.44,13976729807.0,1749.93,,
2024-08-29,000510,中证A500指数,中证A500,CSI A500 Index,CSI A500,3775.32,3807.75,3775.32,3795.78,,0.13,18435712251.0,2252.66,,
2024-09-03,000510,中证A500指数,中证A500,CSI A500 Index,CSI A500,,,,3800.66,20.22,0.53,17384716680.0,2059.04,500.0,12.2
2024-09-04,000510,中证A500指数,中证A500,CSI A500 Index,CSI A500,,,,3777.34,-23.32,-0.61,15797571400.0,1929.06,500.0,12.11
2024-09-05,000510,中证A500指数,中证A500,CSI A500 Index,CSI A500,,,,3785.99,8.65,0.23,14425279123.0,1804.19,500.0,12.11
2024-09-06,000510,中证A500指数,中证A500,CSI A500 Index,CSI A500,,,,3747.96,-38.03,-1.0,13048056339.0,1636.03,500.0,12.01
2024-09-09,000510,中证A500指数,中证A500,CSI A500 Index,CSI A500,,,,3706.38,-41.58,-1.11,14692394758.0,1862.22,500.0,
2024-09-10,000510,中证A500指数,中证A500,CSI A500 Index,CSI A500,,,,3710.91,4.53,0.12,14533165927.0,1822.64,500.0,11.91
2024-09-11,000510,中证A500指数,中证A500,CSI A500 Index,CSI A500,,,,3709.2,-1.72,-0.05,14080021704.0,1884.69,500.0,11.84
2024-09-12,000510,中证A500指数,中证A500,CSI A500 Index,CSI A500,,,,3691.62,-17.57,-0.47,13369058116.0,1801.14,500.0,11.8
2024-09-13,000510,中证A500指数,中证A500,CSI A500 Index,CSI A500,,,,3671.06,-20.57,-0.56,12733546359.0,1820.7,500.0,11.75
2024-09-18,000510,中证A500指数,中证A500,CSI A500 Index,CSI A500,,,,3685.02,13.96,0.38,12396797981.0,1631.02,500.0,11.83
2024-09-19,000510,中证A500指数,中证A500,CSI A500 Index,CSI A500,,,,3716.39,31.37,0.85,18086070245.0,2347.4,500.0,11.88
2024-09-20,000510,中证A500指数,中证A500,CSI A500 Index,CSI A500,,,,3717.17,0.77,0.02,16503127655.0,2129.77,500.0,11.91
2024-09-23,000510,中证A500指数,中证A500,CSI A500 Index,CSI A500,3716.39,3748.63,3711.59,3725.78,8.61,0.23,14284392700.0,1923.78,500.0,11.96
2024-09-24,000510,中证A500指数,中证A500,CSI A500 Index,CSI A500,3761.02,3885.23,3734.17,3885.17,159.39,4.28,28166127900.0,3796.97,500.0,12.47
2024-09-25,000510,中证A500指数,中证A500,CSI A500 Index,CSI A500,3941.61,4016.42,3929.48,3937.37,52.2,1.34,33304232200.0,4371.33,500.0,12.62
2024-09-26,000510,中证A500指数,中证A500,CSI A500 Index,CSI A500,3934.95,4103.82,3926.96,4103.82,166.45,4.23,32911887600.0,4521.23,500.0,13.09
2024-09-27,000510,中证A500指数,中证A500,CSI A500 Index,CSI A500,4184.84,4311.02,4169.28,4298.56,194.74,4.75,37942962400.0,5886.23,500.0,13.54
2024-09-30,000510,中证A500指数,中证A500,CSI A500 Index,CSI A500,4468.09,4707.59,4414.16,4684.89,386.33,8.99,67661206400.0,10433.05,500.0,14.64
2024-10-08,000510,中证A500指数,中证A500,CSI A500 Index,CSI A500,5207.26,5207.26,4773.3,4981.3,296.41,6.33,82474901100.0,14087.17,500.0,15.4
2024-10-09,000510,中证A500指数,中证A500,CSI A500 Index,CSI A500,4874.78,4911.48,4611.87,4630.94,-350.36,-7.03,64138449700.0,12365.12,500.0,14.33
2024-10-10,000510,中证A500指数,中证A500,CSI A500 Index,CSI A500,4653.03,4787.16,4567.81,4661.03,30.09,0.65,51328544500.0,8789.62,500.0,14.54
2024-10-11,000510,中证A500指数,中证A500,CSI A500 Index,CSI A500,4626.32,4627.9,4467.05,4516.47,-144.56,-3.1,36485748300.0,6011.82,500.0,14.16
2024-10-14,000510,中证A500指数,中证A500,CSI A500 Index,CSI A500,4544.02,4628.73,4488.86,4609.55,93.08,2.06,38326059300.0,6351.34,500.0,14.45
2024-10-15,000510,中证A500指数,中证A500,CSI A500 Index,CSI A500,4589.99,4631.73,4495.57,4495.57,-113.99,-2.47,33999948300.0,5840.15,500.0,14.07
2024-10-16,000510,中证A500指数,中证A500,CSI A500 Index,CSI A500,4435.37,4520.04,4433.82,4464.92,-30.65,-0.68,29813015500.0,4855.37,500.0,14.01
2024-10-17,000510,中证A500指数,中证A500,CSI A500 Index,CSI A500,4493.66,4524.22,4417.99,4418.55,-46.37,-1.04,31230299000.0,5053.2,500.0,13.86
2024-10-18,000510,中证A500指数,中证A500,CSI A500 Index,CSI A500,4410.63,4669.67,4401.31,4581.32,162.77,3.68,43018608600.0,7935.42,500.0,14.28
2024-10-21,000510,中证A500指数,中证A500,CSI A500 Index,CSI A500,4614.82,4671.84,4563.6,4614.35,33.03,0.72,41624359300.0,7991.59,500.0,14.32
2024-10-22,000510,中证A500指数,中证A500,CSI A500 Index,CSI A500,4605.48,4659.02,4593.14,4644.92,30.57,0.66,35813568100.0,6465.9,500.0,14.4
2024-10-23,000510,中证A500指数,中证A500,CSI A500 Index,CSI A500,4638.2,4712.37,4621.25,4664.25,19.34,0.42,39303113400.0,6756.25,500.0,14.45
2024-10-24,000510,中证A500指数,中证A500,CSI A500 Index,CSI A500,4637.76,4644.82,4593.87,4610.74,-53.52,-1.15,28980129300.0,5051.49,500.0,14.31
2024-10-25,000510,中证A500指数,中证A500,CSI A500 Index,CSI A500,4614.29,4698.68,4608.53,4655.91,45.18,0.98,34461268800.0,6080.62,500.0,14.39
2024-10-28,000510,中证A500指数,中证A500,CSI A500 Index,CSI A500,4653.78,4674.82,4613.18,4674.82,18.91,0.41,36637214300.0,5823.07,500.0,14.42
2024-10-29,000510,中证A500指数,中证A500,CSI A500 Index,CSI A500,4684.82,4703.42,4625.51,4628.61,-46.21,-0.99,36643457200.0,6329.75,500.0,14.29
2024-10-30,000510,中证A500指数,中证A500,CSI A500 Index,CSI A500,4607.54,4639.69,4570.49,4603.98,-24.63,-0.53,36078406700.0,5801.67,500.0,14.18
2024-10-31,000510,中证A500指数,中证A500,CSI A500 Index,CSI A500,4605.79,4647.17,4574.01,4614.79,10.81,0.23,45962287100.0,7472.58,500.0,14.17
2024-11-01,000510,中证A500指数,中证A500,CSI A500 Index,CSI A500,4605.01,4653.59,4581.68,4597.45,-17.34,-0.38,51562586900.0,7654.81,500.0,13.85
2024-11-04,000510,中证A500指数,中证A500,CSI A500 Index,CSI A500,4601.77,4665.2,4601.25,4665.2,67.75,1.47,38194059600.0,6030.55,500.0,14.01
2024-11-05,000510,中证A500指数,中证A500,CSI A500 Index,CSI A500,4658.9,4793.63,4647.61,4789.76,124.56,2.67,50333020300.0,8396.49,500.0,14.34
2024-11-06,000510,中证A500指数,中证A500,CSI A500 Index,CSI A500,4799.07,4846.21,4748.2,4775.62,-14.14,-0.3,56091227000.0,9282.39,500.0,14.28
2024-11-07,000510,中证A500指数,中证A500,CSI A500 Index,CSI A500,4730.62,4893.84,4725.59,4893.31,117.68,2.46,55475811400.0,9067.09,500.0,14.64
2024-11-08,000510,中证A500指数,中证A500,CSI A500 Index,CSI A500,4945.49,4960.8,4849.16,4860.88,-32.42,-0.66,53712525900.0,9563.35,500.0,14.52
2024-11-11,000510,中证A500指数,中证A500,CSI A500 Index,CSI A500,4825.69,4915.27,4811.57,4913.93,53.05,1.09,49883460300.0,9304.44,500.0,14.58
2024-11-12,000510,中证A500指数,中证A500,CSI A500 Index,CSI A500,4919.65,4970.27,4828.72,4862.39,-51.55,-1.05,50009885800.0,9545.26,500.0,14.42
2024-11-13,000510,中证A500指数,中证A500,CSI A500 Index,CSI A500,4832.59,4894.34,4825.14,4883.98,21.59,0.44,39600771100.0,7336.76,500.0,14.5
2024-11-14,000510,中证A500指数,中证A500,CSI A500 Index,CSI A500,4870.79,4881.99,4773.77,4779.67,-104.31,-2.14,37451939400.0,6549.37,500.0,14.27
2024-11-15,000510,中证A500指数,中证A500,CSI A500 Index,CSI A500,4761.36,4789.42,4687.89,4687.89,-91.79,-1.92,39194428800.0,6647.52,500.0,14.06
2024-11-18,000510,中证A500指数,中证A500,CSI A500 Index,CSI A500,4703.52,4749.58,4624.82,4648.17,-39.71,-0.85,45791150600.0,6432.87,500.0,14.03
2024-11-19,000510,中证A500指数,中证A500,CSI A500 Index,CSI A500,4651.31,4694.55,4586.66,4692.88,44.71,0.96,37903269600.0,5598.21,500.0,14.1
2024-11-20,000510,中证A500指数,中证A500,CSI A500 Index,CSI A500,4680.87,4735.26,4671.91,4715.84,22.96,0.49,32979540300.0,5271.56,500.0,14.15
2024-11-21,000510,中证A500指数,中证A500,CSI A500 Index,CSI A500,4704.81,4731.45,4687.11,4716.76,0.91,0.02,31172973000.0,4995.57,500.0,14.14
2024-11-22,000510,中证A500指数,中证A500,CSI A500 Index,CSI A500,4708.37,4718.0,4566.55,4566.55,-150.2,-3.18,37147150700.0,5764.57,500.0,13.73
2024-11-25,000510,中证A500指数,中证A500,CSI A500 Index,CSI A500,4577.14,4591.98,4499.35,4544.75,-21.8,-0.48,32382237400.0,4986.98,500.0,13.67
2024-11-26,000510,中证A500指数,中证A500,CSI A500 Index,CSI A500,4532.19,4573.35,4523.53,4524.87,-19.88,-0.44,26549117900.0,3886.68,500.0,13.65
2024-11-27,000510,中证A500指数,中证A500,CSI A500 Index,CSI A500,4509.84,4608.55,4488.28,4608.38,83.51,1.85,30797386100.0,4658.1,500.0,13.86
2024-11-28,000510,中证A500指数,中证A500,CSI A500 Index,CSI A500,4607.31,4613.13,4557.88,4565.13,-43.25,-0.94,29032817900.0,4389.08,500.0,13.75
2024-11-29,000510,中证A500指数,中证A500,CSI A500 Index,CSI A500,4560.63,4668.85,4560.63,4620.27,55.15,1.21,30639736300.0,5204.83,500.0,13.88
2024-12-02,000510,中证A500指数,中证A500,CSI A500 Index,CSI A500,4615.63,4678.66,4608.16,4669.07,48.8,1.06,34232878000.0,5296.75,500.0,14.01
2024-12-03,000510,中证A500指数,中证A500,CSI A500 Index,CSI A500,4670.11,4682.43,4632.7,4666.91,-2.16,-0.05,31736642600.0,4782.58,500.0,14.04
2024-12-04,000510,中证A500指数,中证A500,CSI A500 Index,CSI A500,4663.31,4672.97,4619.06,4635.88,-31.03,-0.66,32422231200.0,4633.63,500.0,14.0
2024-12-05,000510,中证A500指数,中证A500,CSI A500 Index,CSI A500,4618.0,4647.91,4614.05,4631.03,-4.84,-0.1,27223625800.0,3967.92,500.0,13.96
2024-12-06,000510,中证A500指数,中证A500,CSI A500 Index,CSI A500,4634.75,4721.46,4632.16,4694.33,63.29,1.37,37928862400.0,5202.84,500.0,14.14
2024-12-09,000510,中证A500指数,中证A500,CSI A500 Index,CSI A500,4693.41,4718.48,4659.81,4682.52,-11.81,-0.25,38886929400.0,4634.29,500.0,14.14
2024-12-10,000510,中证A500指数,中证A500,CSI A500 Index,CSI A500,4829.76,4835.09,4707.74,4715.94,33.42,0.71,47395477300.0,6799.29,500.0,14.23
2024-12-11,000510,中证A500指数,中证A500,CSI A500 Index,CSI A500,4705.85,4730.95,4700.65,4717.18,1.24,0.03,35229379200.0,4675.59,500.0,14.22
2024-12-12,000510,中证A500指数,中证A500,CSI A500 Index,CSI A500,4715.81,4763.25,4706.85,4759.41,42.23,0.9,33402274400.0,4870.1,500.0,14.36
2024-12-13,000510,中证A500指数,中证A500,CSI A500 Index,CSI A500,4727.31,4727.31,4648.42,4649.95,-109.47,-2.3,39973388300.0,6051.7,500.0,14.05
2024-12-16,000510,中证A500指数,中证A500,CSI A500 Index,CSI A500,4647.3,4653.92,4604.04,4617.17,-32.78,-0.7,29971427500.0,4690.85,500.0,14.1
2024-12-17,000510,中证A500指数,中证A500,CSI A500 Index,CSI A500,4611.39,4661.0,4611.39,4616.95,-0.23,0.0,26502288700.0,4204.47,500.0,14.12
2024-12-18,000510,中证A500指数,中证A500,CSI A500 Index,CSI A500,4631.34,4661.28,4630.11,4643.69,26.75,0.58,25404908500.0,3832.17,500.0,14.19
2024-12-19,000510,中证A500指数,中证A500,CSI A500 Index,CSI A500,4605.11,4664.18,4591.5,4653.51,9.82,0.21,26443613000.0,4432.35,500.0,14.17
2024-12-20,000510,中证A500指数,中证A500,CSI A500 Index,CSI A500,4643.56,4674.41,4632.14,4639.21,-14.29,-0.31,26447215500.0,4672.46,500.0,14.11
2024-12-23,000510,中证A500指数,中证A500,CSI A500 Index,CSI A500,4639.14,4673.61,4622.43,4626.14,-13.08,-0.28,28464188200.0,4740.76,500.0,14.16
2024-12-24,000510,中证A500指数,中证A500,CSI A500 Index,CSI A500,4628.76,4684.44,4628.76,4682.22,56.09,1.21,23758245800.0,4066.22,500.0,14.33
2024-12-25,000510,中证A500指数,中证A500,CSI A500 Index,CSI A500,4686.92,4700.02,4652.85,4673.14,-9.08,-0.19,23172224800.0,3922.24,500.0,14.37
2024-12-26,000510,中证A500指数,中证A500,CSI A500 Index,CSI A500,4668.98,4690.97,4655.23,4684.84,11.7,0.25,21511260700.0,4123.22,500.0,14.38
2024-12-27,000510,中证A500指数,中证A500,CSI A500 Index,CSI A500,4686.82,4716.01,4668.79,4678.68,-6.16,-0.13,24410531500.0,4594.0,500.0,14.36
2024-12-30,000510,中证A500指数,中证A500,CSI A500 Index,CSI A500,4673.47,4705.78,4673.47,4693.23,14.55,0.31,22775454500.0,4146.79,500.0,14.42
2024-12-31,000510,中证A500指数,中证A500,CSI A500 Index,CSI A500,4690.98,4698.3,4608.94,4608.94,-84.29,-1.8,25943757900.0,4489.06,500.0,14.22
2025-01-02,000510,中证A500指数,中证A500,CSI A500 Index,CSI A500,4604.75,4607.87,4443.25,4473.66,-135.28,-2.94,29133815500.0,4871.36,500.0,13.82
2025-01-03,000510,中证A500指数,中证A500,CSI A500 Index,CSI A500,4478.69,4494.12,4404.2,4411.04,-62.62,-1.4,25268473800.0,3966.5,500.0,13.66
2025-01-06,000510,中证A500指数,中证A500,CSI A500 Index,CSI A500,4411.58,4428.34,4377.56,4402.91,-8.12,-0.18,21028969800.0,3355.2,500.0,13.64
2025-01-07,000510,中证A500指数,中证A500,CSI A500 Index,CSI A500,4395.18,4442.64,4380.71,4440.99,38.08,0.86,21656149200.0,3501.29,500.0,13.71
2025-01-08,000510,中证A500指数,中证A500,CSI A500 Index,CSI A500,4422.52,4456.12,4351.58,4428.28,-12.71,-0.29,25171965200.0,3935.85,500.0,13.69
2025-01-09,000510,中证A500指数,中证A500,CSI A500 Index,CSI A500,4416.29,4443.22,4407.13,4424.24,-4.03,-0.09,20688696700.0,3391.62,500.0,13.63
2025-01-10,000510,中证A500指数,中证A500,CSI A500 Index,CSI A500,4422.17,4437.57,4365.54,4365.54,-58.7,-1.33,21685936700.0,3655.43,500.0,13.47
2025-01-13,000510,中证A500指数,中证A500,CSI A500 Index,CSI A500,4331.32,4380.1,4330.84,4358.2,-7.34,-0.17,20102372300.0,3220.74,500.0,13.43
2025-01-14,000510,中证A500指数,中证A500,CSI A500 Index,CSI A500,4365.85,4491.23,4354.0,4484.09,125.9,2.89,26041525600.0,4582.5,500.0,13.76
2025-01-15,000510,中证A500指数,中证A500,CSI A500 Index,CSI A500,4473.02,4478.3,4444.21,4452.02,-32.07,-0.72,21370494900.0,3717.76,500.0,13.67
2025-01-16,000510,中证A500指数,中证A500,CSI A500 Index,CSI A500,4471.47,4516.12,4429.68,4458.96,6.93,0.16,23898404500.0,4116.28,500.0,13.71
2025-01-17,000510,中证A500指数,中证A500,CSI A500 Index,CSI A500,4443.74,4502.55,4436.89,4476.98,18.03,0.4,20089774600.0,3583.58,500.0,13.74
2025-01-20,000510,中证A500指数,中证A500,CSI A500 Index,CSI A500,4504.53,4534.69,4489.28,4499.54,22.56,0.5,21091592400.0,3846.43,500.0,13.77
2025-01-21,000510,中证A500指数,中证A500,CSI A500 Index,CSI A500,4523.87,4524.69,4482.18,4507.06,7.52,0.17,21210912800.0,3768.11,500.0,13.77
2025-01-22,000510,中证A500指数,中证A500,CSI A500 Index,CSI A500,4493.62,4494.47,4448.01,4466.66,-40.4,-0.9,19953274400.0,3763.62,500.0,13.63
2025-01-23,000510,中证A500指数,中证A500,CSI A500 Index,CSI A500,4504.55,4545.73,4463.82,4463.97,-2.69,-0.06,25618479900.0,4430.59,500.0,13.68
2025-01-24,000510,中证A500指数,中证A500,CSI A500 Index,CSI A500,4452.77,4519.86,4452.43,4504.01,40.04,0.9,22667902600.0,3941.1,500.0,13.82
2025-01-27,000510,中证A500指数,中证A500,CSI A500 Index,CSI A500,4509.72,4527.05,4478.66,4478.66,-25.35,-0.56,21348344000.0,3644.58,500.0,13.82
2025-02-05,000510,中证A500指数,中证A500,CSI A500 Index,CSI A500,4517.17,4517.41,4453.54,4468.24,-10.42,-0.23,25573904400.0,4748.38,500.0,13.72
2025-02-06,000510,中证A500指数,中证A500,CSI A500 Index,CSI A500,4462.06,4541.52,4460.47,4540.92,72.67,1.63,29111162900.0,5369.68,500.0,13.9
2025-02-07,000510,中证A500指数,中证A500,CSI A500 Index,CSI A500,4542.96,4639.96,4531.02,4606.19,65.27,1.44,36650113800.0,6923.72,500.0,14.06
2025-02-10,000510,中证A500指数,中证A500,CSI A500 Index,CSI A500,4616.93,4633.01,4593.34,4627.01,20.82,0.45,33335431400.0,5809.61,500.0,14.1
2025-02-11,000510,中证A500指数,中证A500,CSI A500 Index,CSI A500,4631.23,4631.23,4589.74,4603.14,-23.88,-0.52,30191825000.0,5196.55,500.0,14.07
2025-02-12,000510,中证A500指数,中证A500,CSI A500 Index,CSI A500,4592.66,4653.52,4586.05,4652.67,49.53,1.08,30272025400.0,5528.45,500.0,14.2
2025-02-13,000510,中证A500指数,中证A500,CSI A500 Index,CSI A500,4646.46,4673.18,4630.37,4630.56,-22.1,-0.48,32064929100.0,5738.17,500.0,14.16
2025-02-14,000510,中证A500指数,中证A500,CSI A500 Index,CSI A500,4626.83,4680.18,4626.83,4675.97,45.41,0.98,31256671300.0,5647.19,500.0,14.28
2025-02-17,000510,中证A500指数,中证A500,CSI A500 Index,CSI A500,4695.53,4697.86,4650.05,4681.52,5.54,0.12,35563339800.0,6531.61,500.0,14.23
2025-02-18,000510,中证A500指数,中证A500,CSI A500 Index,CSI A500,4676.19,4696.7,4614.63,4629.25,-52.27,-1.12,33496342000.0,5890.53,500.0,14.13
2025-02-19,000510,中证A500指数,中证A500,CSI A500 Index,CSI A500,4622.44,4674.85,4619.77,4674.28,45.03,0.97,30367015900.0,5499.85,500.0,14.21
2025-02-20,000510,中证A500指数,中证A500,CSI A500 Index,CSI A500,4669.6,4681.29,4647.27,4667.88,-6.4,-0.14,29715398300.0,5274.72,500.0,14.19
2025-02-21,000510,中证A500指数,中证A500,CSI A500 Index,CSI A500,4679.27,4738.14,4668.32,4734.86,66.98,1.43,38744073800.0,7612.47,500.0,14.32
2025-02-24,000510,中证A500指数,中证A500,CSI A500 Index,CSI A500,4728.67,4751.84,4697.3,4725.35,-9.51,-0.2,37676799400.0,6954.84,500.0,14.28
2025-02-25,000510,中证A500指数,中证A500,CSI A500 Index,CSI A500,4675.99,4714.77,4661.33,4673.99,-51.36,-1.09,31445096700.0,6034.05,500.0,14.11
2025-02-26,000510,中证A500指数,中证A500,CSI A500 Index,CSI A500,4682.26,4712.92,4674.69,4712.62,38.63,0.83,31409509200.0,5831.26,500.0,14.21
2025-02-27,000510,中证A500指数,中证A500,CSI A500 Index,CSI A500,4715.19,4726.83,4666.33,4712.33,-0.29,-0.01,32230444300.0,6123.22,500.0,14.24
2025-02-28,000510,中证A500指数,中证A500,CSI A500 Index,CSI A500,4690.26,4710.33,4600.87,4606.36,-105.97,-2.25,30583004500.0,5835.2,500.0,13.98
2025-03-03,000510,中证A500指数,中证A500,CSI A500 Index,CSI A500,4619.52,4666.39,4590.34,4611.58,5.22,0.11,28200319000.0,5140.49,500.0,13.98
2025-03-04,000510,中证A500指数,中证A500,CSI A500 Index,CSI A500,4582.4,4619.65,4571.56,4613.8,2.22,0.05,23490217300.0,4298.9,500.0,13.95
2025-03-05,000510,中证A500指数,中证A500,CSI A500 Index,CSI A500,4616.51,4637.18,4599.16,4632.25,18.45,0.4,24335878400.0,4213.76,500.0,14.02
2025-03-06,000510,中证A500指数,中证A500,CSI A500 Index,CSI A500,4658.8,4714.48,4654.32,4704.58,72.33,1.56,31204173300.0,5766.14,500.0,14.19
2025-03-07,000510,中证A500指数,中证A500,CSI A500 Index,CSI A500,4691.89,4722.65,4676.88,4690.56,-14.02,-0.3,31040655200.0,5336.71,500.0,14.16
2025-03-10,000510,中证A500指数,中证A500,CSI A500 Index,CSI A500,4695.09,4703.32,4647.87,4677.52,-13.03,-0.28,26660176300.0,4514.05,500.0,14.11
2025-03-11,000510,中证A500指数,中证A500,CSI A500 Index,CSI A500,4627.47,4692.04,4626.03,4692.04,14.51,0.31,25654004000.0,4396.82,500.0,14.15
2025-03-12,000510,中证A500指数,中证A500,CSI A500 Index,CSI A500,4702.18,4709.99,4672.44,4676.3,-15.73,-0.34,27304930200.0,4686.13,500.0,14.1
2025-03-13,000510,中证A500指数,中证A500,CSI A500 Index,CSI A500,4674.31,4685.52,4627.27,4648.53,-27.78,-0.59,25623878000.0,4352.39,500.0,14.06
2025-03-14,000510,中证A500指数,中证A500,CSI A500 Index,CSI A500,4656.84,4760.57,4656.05,4755.15,106.62,2.29,30542301200.0,5756.71,500.0,14.35
2025-03-17,000510,中证A500指数,中证A500,CSI A500 Index,CSI A500,4772.79,4773.67,4743.43,4748.1,-7.05,-0.15,25274333000.0,4482.49,500.0,14.35
2025-03-18,000510,中证A500指数,中证A500,CSI A500 Index,CSI A500,4765.91,4778.26,4751.57,4765.55,17.46,0.37,23335675900.0,4303.1,500.0,14.37
2025-03-19,000510,中证A500指数,中证A500,CSI A500 Index,CSI A500,4760.18,4778.0,4735.37,4758.89,-6.66,-0.14,22534257300.0,4091.9,500.0,14.38
2025-03-20,000510,中证A500指数,中证A500,CSI A500 Index,CSI A500,4759.64,4760.99,4713.25,4718.18,-40.71,-0.86,20839653900.0,3690.09,500.0,14.27
2025-03-21,000510,中证A500指数,中证A500,CSI A500 Index,CSI A500,4706.38,4725.76,4630.97,4642.74,-75.44,-1.6,24898904800.0,4293.97,500.0,14.07
2025-03-24,000510,中证A500指数,中证A500,CSI A500 Index,CSI A500,4645.2,4667.36,4620.0,4661.75,19.01,0.41,23638428800.0,3864.16,500.0,14.14
2025-03-25,000510,中证A500指数,中证A500,CSI A500 Index,CSI A500,4664.75,4675.27,4642.38,4653.25,-8.51,-0.18,20754959000.0,3389.56,500.0,14.15
2025-03-26,000510,中证A500指数,中证A500,CSI A500 Index,CSI A500,4649.7,4666.88,4635.54,4638.73,-14.52,-0.31,18327420100.0,3016.06,500.0,14.11
2025-03-27,000510,中证A500指数,中证A500,CSI A500 Index,CSI A500,4628.29,4679.45,4612.92,4652.07,13.34,0.29,18480938100.0,3175.88,500.0,14.16
2025-03-28,000510,中证A500指数,中证A500,CSI A500 Index,CSI A500,4649.09,4654.62,4619.64,4627.14,-24.93,-0.54,18073335100.0,2899.39,500.0,14.08
2025-03-31,000510,中证A500指数,中证A500,CSI A500 Index,CSI A500,4612.6,4637.17,4569.19,4591.71,-35.43,-0.77,22227454500.0,3482.94,500.0,14.02
2025-04-01,000510,中证A500指数,中证A500,CSI A500 Index,CSI A500,4599.36,4619.71,4588.89,4596.44,4.73,0.1,18886662200.0,3243.28,500.0,14.02
2025-04-02,000510,中证A500指数,中证A500,CSI A500 Index,CSI A500,4592.3,4613.59,4581.96,4590.67,-5.77,-0.13,15420627100.0,2618.04,500.0,14.01
2025-04-03,000510,中证A500指数,中证A500,CSI A500 Index,CSI A500,4541.08,4587.14,4540.42,4554.25,-36.42,-0.79,19008206600.0,3364.13,500.0,13.94
2025-04-07,000510,中证A500指数,中证A500,CSI A500 Index,CSI A500,4319.46,4359.1,4117.62,4199.09,-355.16,-7.8,38282160700.0,6129.86,500.0,12.98
2025-04-08,000510,中证A500指数,中证A500,CSI A500 Index,CSI A500,4204.8,4259.31,4185.43,4259.31,60.22,1.43,36210083400.0,5692.76,500.0,13.22
2025-04-09,000510,中证A500指数,中证A500,CSI A500 Index,CSI A500,4201.71,4315.34,4162.83,4311.84,52.53,1.23,35591958000.0,5764.3,500.0,13.32
2025-04-10,000510,中证A500指数,中证A500,CSI A500 Index,CSI A500,4391.88,4409.12,4349.24,4376.28,64.44,1.49,31277004900.0,5237.04,500.0,13.47
2025-04-11,000510,中证A500指数,中证A500,CSI A500 Index,CSI A500,4366.75,4419.76,4349.81,4400.64,24.37,0.56,23533484800.0,4239.5,500.0,13.52
2025-04-14,000510,中证A500指数,中证A500,CSI A500 Index,CSI A500,4431.98,4441.24,4410.15,4417.52,16.88,0.38,22864871600.0,3906.37,500.0,13.58
2025-04-15,000510,中证A500指数,中证A500,CSI A500 Index,CSI A500,4415.16,4415.86,4388.31,4412.31,-5.21,-0.12,18452929500.0,3039.85,500.0,13.61
2025-04-16,000510,中证A500指数,中证A500,CSI A500 Index,CSI A500,4408.37,4417.86,4357.23,4415.38,3.07,0.07,20899877600.0,3359.28,500.0,13.66
2025-04-17,000510,中证A500指数,中证A500,CSI A500 Index,CSI A500,4393.8,4425.34,4390.48,4412.42,-2.96,-0.07,16885451900.0,2773.21,500.0,13.65
2025-04-18,000510,中证A500指数,中证A500,CSI A500 Index,CSI A500,4399.41,4422.5,4390.65,4413.14,0.72,0.02,14476069500.0,2351.82,500.0,13.66
2025-04-21,000510,中证A500指数,中证A500,CSI A500 Index,CSI A500,4409.68,4449.47,4401.31,4444.33,31.19,0.71,17547393100.0,2862.51,500.0,13.7
2025-04-22,000510,中证A500指数,中证A500,CSI A500 Index,CSI A500,4438.65,4456.2,4435.6,4436.51,-7.82,-0.18,18915663300.0,2965.48,500.0,13.72
2025-04-23,000510,中证A500指数,中证A500,CSI A500 Index,CSI A500,4460.99,4468.75,4436.92,4444.97,8.46,0.19,19480565000.0,3386.58,500.0,13.72
2025-04-24,000510,中证A500指数,中证A500,CSI A500 Index,CSI A500,4446.36,4466.18,4423.07,4435.18,-9.78,-0.22,17071269300.0,2809.44,500.0,13.74
2025-04-25,000510,中证A500指数,中证A500,CSI A500 Index,CSI A500,4444.7,4463.85,4436.79,4443.17,7.99,0.18,18173967000.0,3034.76,500.0,13.73
2025-04-28,000510,中证A500指数,中证A500,CSI A500 Index,CSI A500,4441.32,4444.37,4422.87,4432.14,-11.04,-0.25,17779690700.0,2875.75,500.0,13.71
2025-04-29,000510,中证A500指数,中证A500,CSI A500 Index,CSI A500,4425.82,4443.39,4419.1,4431.63,-0.5,-0.01,16480776100.0,2688.04,500.0,13.69
2025-04-30,000510,中证A500指数,中证A500,CSI A500 Index,CSI A500,4433.0,4452.09,4426.55,4435.81,4.18,0.09,20698707700.0,3297.14,500.0,13.65
2025-05-06,000510,中证A500指数,中证A500,CSI A500 Index,CSI A500,4465.59,4494.97,4454.9,4494.63,58.82,1.33,23707364500.0,3775.95,500.0,13.4
2025-05-07,000510,中证A500指数,中证A500,CSI A500 Index,CSI A500,4555.08,4558.13,4494.86,4517.5,22.88,0.51,24265384600.0,4024.8,500.0,13.51
2025-05-08,000510,中证A500指数,中证A500,CSI A500 Index,CSI A500,4504.16,4558.64,4498.89,4543.64,26.14,0.58,19669891100.0,3522.5,500.0,13.56
2025-05-09,000510,中证A500指数,中证A500,CSI A500 Index,CSI A500,4539.06,4539.06,4514.22,4526.24,-17.4,-0.38,17608243500.0,3112.2,500.0,13.54
2025-05-12,000510,中证A500指数,中证A500,CSI A500 Index,CSI A500,4551.69,4583.34,4543.62,4583.19,56.95,1.26,21462438300.0,4013.02,500.0,13.67
2025-05-13,000510,中证A500指数,中证A500,CSI A500 Index,CSI A500,4614.86,4614.86,4578.61,4584.7,1.51,0.03,20850592900.0,3690.54,500.0,13.7
2025-05-14,000510,中证A500指数,中证A500,CSI A500 Index,CSI A500,4582.27,4647.8,4573.93,4626.07,41.38,0.9,21748453800.0,3861.26,500.0,13.84
2025-05-15,000510,中证A500指数,中证A500,CSI A500 Index,CSI A500,4616.53,4616.53,4575.28,4578.18,-47.9,-1.04,19693241700.0,3188.39,500.0,13.74
2025-05-16,000510,中证A500指数,中证A500,CSI A500 Index,CSI A500,4566.87,4577.21,4549.5,4563.02,-15.16,-0.33,16614547300.0,2731.01,500.0,13.67
2025-05-19,000510,中证A500指数,中证A500,CSI A500 Index,CSI A500,4557.92,4560.21,4533.86,4552.41,-10.61,-0.23,15327448400.0,2553.4,500.0,13.63
2025-05-20,000510,中证A500指数,中证A500,CSI A500 Index,CSI A500,4558.26,4592.82,4552.35,4579.38,26.97,0.59,16593611700.0,2852.83,500.0,13.69
2025-05-21,000510,中证A500指数,中证A500,CSI A500 Index,CSI A500,4579.73,4612.05,4579.73,4599.67,20.28,0.44,16839819300.0,3072.41,500.0,13.76
2025-05-22,000510,中证A500指数,中证A500,CSI A500 Index,CSI A500,4592.66,4599.46,4581.3,4585.83,-13.83,-0.3,16182560500.0,2764.53,500.0,13.73
2025-05-23,000510,中证A500指数,中证A500,CSI A500 Index,CSI A500,4581.12,4611.2,4549.89,4549.89,-35.95,-0.78,17335017000.0,3121.84,500.0,13.62
2025-05-26,000510,中证A500指数,中证A500,CSI A500 Index,CSI A500,4543.6,4559.06,4517.02,4531.73,-18.15,-0.4,15674735400.0,2786.85,500.0,13.56
2025-05-27,000510,中证A500指数,中证A500,CSI A500 Index,CSI A500,4527.78,4531.53,4497.04,4504.86,-26.87,-0.59,14443590000.0,2464.96,500.0,13.5
2025-05-28,000510,中证A500指数,中证A500,CSI A500 Index,CSI A500,4508.46,4515.77,4494.12,4497.62,-7.25,-0.16,13648454400.0,2267.11,500.0,13.49
2025-05-29,000510,中证A500指数,中证A500,CSI A500 Index,CSI A500,4498.31,4543.3,4492.38,4532.18,34.57,0.77,16073946100.0,2817.44,500.0,13.55
2025-05-30,000510,中证A500指数,中证A500,CSI A500 Index,CSI A500,4521.59,4528.13,4493.8,4503.46,-28.72,-0.63,15939560200.0,2649.91,500.0,13.5
2025-06-03,000510,中证A500指数,中证A500,CSI A500 Index,CSI A500,4493.96,4523.95,4493.96,4512.07,8.62,0.19,17914222900.0,2999.86,500.0,13.52
2025-06-04,000510,中证A500指数,中证A500,CSI A500 Index,CSI A500,4516.49,4542.08,4516.49,4533.83,21.76,0.48,16489389100.0,2812.36,500.0,13.56
2025-06-05,000510,中证A500指数,中证A500,CSI A500 Index,CSI A500,4538.17,4555.79,4525.48,4549.54,15.71,0.35,17327291300.0,3085.35,500.0,13.6
2025-06-06,000510,中证A500指数,中证A500,CSI A500 Index,CSI A500,4549.64,4560.72,4538.74,4545.1,-4.44,-0.1,15589747000.0,2707.73,500.0,13.6
2025-06-09,000510,中证A500指数,中证A500,CSI A500 Index,CSI A500,4549.5,4575.94,4543.84,4562.77,17.67,0.39,18449782600.0,3407.44,500.0,13.62
2025-06-10,000510,中证A500指数,中证A500,CSI A500 Index,CSI A500,4565.93,4572.48,4514.65,4536.05,-26.72,-0.59,20301052700.0,3535.95,500.0,13.57
2025-06-11,000510,中证A500指数,中证A500,CSI A500 Index,CSI A500,4541.33,4586.93,4541.33,4567.49,31.45,0.69,18228702100.0,3226.41,500.0,13.66
2025-06-12,000510,中证A500指数,中证A500,CSI A500 Index,CSI A500,4557.29,4576.25,4542.12,4566.6,-0.89,-0.02,18178311200.0,3349.91,500.0,13.65
2025-06-13,000510,中证A500指数,中证A500,CSI A500 Index,CSI A500,4553.37,4562.87,4520.02,4532.8,-33.81,-0.74,23744575200.0,4129.52,500.0,13.57
2025-06-16,000510,中证A500指数,中证A500,CSI A500 Index,CSI A500,4520.84,4546.81,4520.84,4543.99,11.19,0.25,18822839800.0,3395.48,500.0,13.62
2025-06-17,000510,中证A500指数,中证A500,CSI A500 Index,CSI A500,4546.57,4552.54,4528.28,4537.18,-6.81,-0.15,17763747300.0,3092.78,500.0,13.62
2025-06-18,000510,中证A500指数,中证A500,CSI A500 Index,CSI A500,4535.65,4547.12,4518.14,4540.41,3.23,0.07,17258424100.0,3092.91,500.0,13.64
2025-06-19,000510,中证A500指数,中证A500,CSI A500 Index,CSI A500,4534.09,4538.51,4489.68,4499.82,-40.6,-0.89,18302357800.0,3191.03,500.0,13.55
2025-06-20,000510,中证A500指数,中证A500,CSI A500 Index,CSI A500,4494.87,4512.76,4489.29,4492.54,-7.28,-0.16,15801964800.0,2785.32,500.0,13.54
2025-06-23,000510,中证A500指数,中证A500,CSI A500 Index,CSI A500,4473.55,4519.99,4473.55,4509.89,17.35,0.39,17636950900.0,3035.0,500.0,13.6
2025-06-24,000510,中证A500指数,中证A500,CSI A500 Index,CSI A500,4516.53,4576.89,4516.53,4570.19,60.3,1.34,22017834200.0,3871.33,500.0,13.67
2025-06-25,000510,中证A500指数,中证A500,CSI A500 Index,CSI A500,4574.17,4634.55,4569.68,4631.27,61.08,1.34,24365613300.0,4545.71,500.0,13.81
2025-06-26,000510,中证A500指数,中证A500,CSI A500 Index,CSI A500,4624.61,4642.11,4613.47,4614.44,-16.82,-0.36,22743981500.0,4332.61,500.0,13.74
2025-06-27,000510,中证A500指数,中证A500,CSI A500 Index,CSI A500,4622.25,4646.59,4598.61,4601.77,-12.68,-0.27,25203763100.0,4418.6,500.0,13.64
2025-06-30,000510,中证A500指数,中证A500,CSI A500 Index,CSI A500,4604.57,4634.95,4601.02,4630.45,28.69,0.62,21746835400.0,4064.41,500.0,13.7
2025-07-01,000510,中证A500指数,中证A500,CSI A500 Index,CSI A500,4630.7,4640.33,4614.74,4636.79,6.34,0.14,19888788200.0,3539.76,500.0,13.74
2025-07-02,000510,中证A500指数,中证A500,CSI A500 Index,CSI A500,4634.62,4637.93,4615.19,4627.66,-9.13,-0.2,21080843500.0,3461.84,500.0,13.72
2025-07-03,000510,中证A500指数,中证A500,CSI A500 Index,CSI A500,4633.87,4661.48,4628.12,4656.91,29.25,0.63,18589621700.0,3483.77,500.0,13.76
2025-07-04,000510,中证A500指数,中证A500,CSI A500 Index,CSI A500,4655.6,4701.58,4642.83,4662.51,5.61,0.12,20598185600.0,3791.65,500.0,13.81
2025-07-07,000510,中证A500指数,中证A500,CSI A500 Index,CSI A500,4655.59,4658.66,4633.74,4639.96,-22.55,-0.48,16901301300.0,2961.78,500.0,13.76
2025-07-08,000510,中证A500指数,中证A500,CSI A500 Index,CSI A500,4640.03,4691.44,4640.03,4687.58,47.62,1.03,21060712000.0,3862.32,500.0,13.86
2025-07-09,000510,中证A500指数,中证A500,CSI A500 Index,CSI A500,4686.97,4706.37,4670.25,4676.05,-11.53,-0.25,22771419300.0,3946.07,500.0,13.85
2025-07-10,000510,中证A500指数,中证A500,CSI A500 Index,CSI A500,4678.81,4720.42,4675.81,4696.44,20.39,0.44,25797356400.0,4293.72,500.0,13.93
2025-07-11,000510,中证A500指数,中证A500,CSI A500 Index,CSI A500,4696.09,4756.91,4691.91,4707.08,10.64,0.23,31383765000.0,5275.45,500.0,13.92
2025-07-14,000510,中证A500指数,中证A500,CSI A500 Index,CSI A500,4714.65,4725.02,4709.78,4709.78,2.7,0.06,26405101700.0,4145.21,500.0,13.95
2025-07-15,000510,中证A500指数,中证A500,CSI A500 Index,CSI A500,4714.65,4739.16,4685.45,4717.89,8.11,0.17,26291079600.0,4674.29,500.0,13.95
2025-07-16,000510,中证A500指数,中证A500,CSI A500 Index,CSI A500,4720.21,4735.13,4693.78,4707.35,-10.54,-0.22,22099201400.0,4102.52,500.0,13.91
2025-07-17,000510,中证A500指数,中证A500,CSI A500 Index,CSI A500,4705.23,4749.83,4705.23,4749.74,42.38,0.9,23165109700.0,4526.98,500.0,13.97
2025-07-18,000510,中证A500指数,中证A500,CSI A500 Index,CSI A500,4756.31,4780.61,4752.43,4773.24,23.5,0.49,25712606000.0,4821.23,500.0,14.05
2025-07-21,000510,中证A500指数,中证A500,CSI A500 Index,CSI A500,4788.65,4809.26,4780.24,4808.62,35.38,0.74,31504466600.0,5110.65,500.0,14.14
2025-07-22,000510,中证A500指数,中证A500,CSI A500 Index,CSI A500,4810.45,4849.51,4793.56,4849.17,40.55,0.84,35685932100.0,6017.05,500.0,14.24
2025-07-23,000510,中证A500指数,中证A500,CSI A500 Index,CSI A500,4858.34,4885.3,4837.96,4844.33,-4.84,-0.1,38157029200.0,5915.36,500.0,14.25
2025-07-24,000510,中证A500指数,中证A500,CSI A500 Index,CSI A500,4842.76,4888.72,4839.99,4888.72,44.39,0.92,40031618000.0,6116.94,500.0,14.32
2025-07-25,000510,中证A500指数,中证A500,CSI A500 Index,CSI A500,4884.99,4892.38,4859.16,4871.12,-17.6,-0.36,36808731700.0,5703.44,500.0,14.25
2025-07-28,000510,中证A500指数,中证A500,CSI A500 Index,CSI A500,4875.23,4890.55,4854.31,4885.77,14.66,0.3,31034584100.0,5666.26,500.0,14.27
2025-07-29,000510,中证A500指数,中证A500,CSI A500 Index,CSI A500,4881.75,4911.03,4865.62,4910.19,24.42,0.5,31187533000.0,5720.65,500.0,14.08
2025-07-30,000510,中证A500指数,中证A500,CSI A500 Index,CSI A500,4905.01,4942.27,4869.57,4899.2,-10.99,-0.22,33598195000.0,5958.3,500.0,14.09
2025-07-31,000510,中证A500指数,中证A500,CSI A500 Index,CSI A500,4889.25,4889.25,4799.24,4813.39,-85.81,-1.75,36099001700.0,6456.33,500.0,13.88
2025-08-01,000510,中证A500指数,中证A500,CSI A500 Index,CSI A500,4807.41,4826.84,4771.45,4792.42,-20.97,-0.44,27218292400.0,4885.61,500.0,13.81
2025-08-04,000510,中证A500指数,中证A500,CSI A500 Index,CSI A500,4772.53,4814.07,4772.53,4814.07,21.65,0.45,23294320100.0,4248.9,500.0,13.88
2025-08-05,000510,中证A500指数,中证A500,CSI A500 Index,CSI A500,4826.1,4848.75,4819.26,4846.51,32.44,0.67,24467571300.0,4262.22,500.0,13.99
2025-08-06,000510,中证A500指数,中证A500,CSI A500 Index,CSI A500,4843.15,4868.54,4840.72,4866.34,19.83,0.41,25788715700.0,4491.25,500.0,14.04
2025-08-07,000510,中证A500指数,中证A500,CSI A500 Index,CSI A500,4871.93,4881.34,4837.5,4864.07,-2.27,-0.05,28508571800.0,5092.73,500.0,14.06
2025-08-08,000510,中证A500指数,中证A500,CSI A500 Index,CSI A500,4856.28,4873.02,4843.05,4852.41,-11.66,-0.24,25736775500.0,4488.64,500.0,14.04
2025-08-11,000510,中证A500指数,中证A500,CSI A500 Index,CSI A500,4861.1,4899.38,4858.78,4886.84,34.43,0.71,27559731500.0,5069.29,500.0,14.08
2025-08-12,000510,中证A500指数,中证A500,CSI A500 Index,CSI A500,4886.75,4914.82,4881.34,4907.8,20.96,0.43,26513101600.0,5386.65,500.0,14.16
2025-08-13,000510,中证A500指数,中证A500,CSI A500 Index,CSI A500,4914.48,4963.38,4914.48,4956.03,48.23,0.98,30802869900.0,6349.59,500.0,14.24
2025-08-14,000510,中证A500指数,中证A500,CSI A500 Index,CSI A500,4959.54,4995.57,4927.49,4939.05,-16.97,-0.34,32525333300.0,6623.22,500.0,14.22
2025-08-15,000510,中证A500指数,中证A500,CSI A500 Index,CSI A500,4926.29,4997.99,4925.54,4985.83,46.78,0.95,34719002000.0,6753.11,500.0,14.29
2025-08-18,000510,中证A500指数,中证A500,CSI A500 Index,CSI A500,5006.35,5075.98,4990.63,5038.68,52.85,1.06,43690299100.0,8613.27,500.0,14.42
2025-08-19,000510,中证A500指数,中证A500,CSI A500 Index,CSI A500,5040.91,5068.26,5006.36,5016.82,-21.86,-0.43,37304840200.0,7641.19,500.0,14.39
2025-08-20,000510,中证A500指数,中证A500,CSI A500 Index,CSI A500,4999.36,5075.49,4977.97,5075.22,58.39,1.16,37970909200.0,7452.03,500.0,14.55
2025-08-21,000510,中证A500指数,中证A500,CSI A500 Index,CSI A500,5087.93,5116.13,5070.32,5089.34,14.12,0.28,37852135100.0,7516.04,500.0,14.62
2025-08-22,000510,中证A500指数,中证A500,CSI A500 Index,CSI A500,5089.73,5199.05,5089.73,5198.91,109.58,2.15,40267133300.0,8797.31,500.0,14.87
2025-08-25,000510,中证A500指数,中证A500,CSI A500 Index,CSI A500,5246.93,5316.3,5232.8,5311.73,112.82,2.17,51527911700.0,11053.43,500.0,15.14
2025-08-26,000510,中证A500指数,中证A500,CSI A500 Index,CSI A500,5293.46,5334.86,5275.45,5304.51,-7.22,-0.14,42550441100.0,8967.33,500.0,15.11
2025-08-27,000510,中证A500指数,中证A500,CSI A500 Index,CSI A500,5312.21,5367.36,5227.98,5227.98,-76.53,-1.44,50265778600.0,10944.78,500.0,14.87
2025-08-28,000510,中证A500指数,中证A500,CSI A500 Index,CSI A500,5220.86,5328.64,5198.02,5327.88,99.9,1.91,45147684400.0,10295.46,500.0,15.08
2025-08-29,000510,中证A500指数,中证A500,CSI A500 Index,CSI A500,5324.09,5399.82,5314.52,5372.76,44.88,0.84,47222236600.0,10922.72,500.0,15.18
2025-09-01,000510,中证A500指数,中证A500,CSI A500 Index,CSI A500,5401.46,5420.69,5365.55,5418.52,45.76,0.85,44806133000.0,10574.72,500.0,15.74
2025-09-02,000510,中证A500指数,中证A500,CSI A500 Index,CSI A500,5417.21,5441.69,5315.06,5358.44,-60.08,-1.11,44490619300.0,10772.66,500.0,15.68
2025-09-03,000510,中证A500指数,中证A500,CSI A500 Index,CSI A500,5373.92,5387.19,5288.33,5323.49,-34.95,-0.65,38005480800.0,9059.86,500.0,15.55
2025-09-04,000510,中证A500指数,中证A500,CSI A500 Index,CSI A500,5327.19,5335.04,5141.27,5192.02,-131.47,-2.47,43430950600.0,10350.84,500.0,15.29
2025-09-05,000510,中证A500指数,中证A500,CSI A500 Index,CSI A500,5194.33,5339.27,5178.46,5333.07,141.06,2.72,37356582900.0,9220.43,500.0,15.54
2025-09-08,000510,中证A500指数,中证A500,CSI A500 Index,CSI A500,5347.12,5365.87,5311.59,5358.7,25.63,0.48,39291827800.0,9574.51,500.0,15.6
2025-09-09,000510,中证A500指数,中证A500,CSI A500 Index,CSI A500,5333.67,5366.82,5287.66,5314.41,-44.29,-0.83,35211214000.0,8109.19,500.0,15.51
2025-09-10,000510,中证A500指数,中证A500,CSI A500 Index,CSI A500,5310.82,5351.4,5279.63,5325.81,11.4,0.21,30989229500.0,7546.92,500.0,15.53
2025-09-11,000510,中证A500指数,中证A500,CSI A500 Index,CSI A500,5317.67,5454.27,5298.28,5454.27,128.47,2.41,37079546500.0,9543.89,500.0,15.83
2025-09-12,000510,中证A500指数,中证A500,CSI A500 Index,CSI A500,5449.17,5477.87,5428.24,5432.21,-22.06,-0.4,39586270000.0,9655.44,500.0,15.76
2025-09-15,000510,中证A500指数,中证A500,CSI A500 Index,CSI A500,5450.6,5487.09,5436.93,5448.41,16.2,0.3,34473896200.0,8581.72,500.0,15.79
2025-09-16,000510,中证A500指数,中证A500,CSI A500 Index,CSI A500,5459.35,5474.66,5400.78,5449.98,1.57,0.03,35835688700.0,8446.97,500.0,15.76
2025-09-17,000510,中证A500指数,中证A500,CSI A500 Index,CSI A500,5444.27,5494.84,5426.8,5492.41,42.43,0.78,36415718700.0,8411.7,500.0,15.85
2025-09-18,000510,中证A500指数,中证A500,CSI A500 Index,CSI A500,5485.65,5529.97,5376.73,5433.76,-58.65,-1.07,47889584400.0,11635.27,500.0,15.64
2025-09-19,000510,中证A500指数,中证A500,CSI A500 Index,CSI A500,5434.93,5474.65,5419.33,5433.29,-0.47,-0.01,34753254300.0,8556.01,500.0,15.62
2025-09-22,000510,中证A500指数,中证A500,CSI A500 Index,CSI A500,5446.4,5457.6,5409.52,5457.29,24.0,0.44,32114798200.0,7936.33,500.0,15.64
2025-09-23,000510,中证A500指数,中证A500,CSI A500 Index,CSI A500,5475.48,5499.23,5362.6,5446.02,-11.27,-0.21,39395868600.0,9610.67,500.0,15.66
2025-09-24,000510,中证A500指数,中证A500,CSI A500 Index,CSI A500,5416.51,5522.63,5413.86,5521.82,75.8,1.39,34964445200.0,9056.91,500.0,15.81
2025-09-25,000510,中证A500指数,中证A500,CSI A500 Index,CSI A500,5521.41,5588.11,5515.69,5561.13,39.32,0.71,36665015400.0,9768.43,500.0,15.88
2025-09-26,000510,中证A500指数,中证A500,CSI A500 Index,CSI A500,5539.67,5568.8,5497.73,5497.73,-63.41,-1.14,32492407700.0,8599.69,500.0,15.75
2025-09-29,000510,中证A500指数,中证A500,CSI A500 Index,CSI A500,5507.29,5604.97,5486.58,5579.03,81.3,1.48,35218954500.0,8933.4,500.0,15.93
2025-09-30,000510,中证A500指数,中证A500,CSI A500 Index,CSI A500,5593.61,5626.96,5586.48,5618.71,39.69,0.71,34905142000.0,9112.24,500.0,16.01
2025-10-09,000510,中证A500指数,中证A500,CSI A500 Index,CSI A500,5652.56,5725.36,5636.58,5708.29,89.57,1.59,47561573200.0,11434.77,500.0,16.24
2025-10-10,000510,中证A500指数,中证A500,CSI A500 Index,CSI A500,5670.44,5673.44,5558.4,5577.65,-130.63,-2.29,42431325500.0,10469.8,500.0,15.98
2025-10-13,000510,中证A500指数,中证A500,CSI A500 Index,CSI A500,5407.31,5560.42,5407.31,5550.3,-27.36,-0.49,42080021100.0,9505.23,500.0,15.9
2025-10-14,000510,中证A500指数,中证A500,CSI A500 Index,CSI A500,5601.32,5607.8,5429.01,5451.59,-98.71,-1.78,48203098100.0,10523.76,500.0,15.75
2025-10-15,000510,中证A500指数,中证A500,CSI A500 Index,CSI A500,5459.33,5535.51,5431.15,5534.09,82.51,1.51,36875129700.0,7949.58,500.0,15.94
2025-10-16,000510,中证A500指数,中证A500,CSI A500 Index,CSI A500,5514.36,5573.38,5508.87,5531.79,-2.31,-0.04,32385287000.0,7340.61,500.0,16.0
2025-10-17,000510,中证A500指数,中证A500,CSI A500 Index,CSI A500,5524.29,5535.44,5387.09,5392.97,-138.82,-2.51,33584372500.0,7286.01,500.0,15.69
2025-10-20,000510,中证A500指数,中证A500,CSI A500 Index,CSI A500,5449.5,5469.53,5404.08,5427.08,34.11,0.63,28559418500.0,6645.51,500.0,15.79
2025-10-21,000510,中证A500指数,中证A500,CSI A500 Index,CSI A500,5450.9,5523.82,5439.84,5516.48,89.4,1.65,28279048700.0,7098.61,500.0,16.01
2025-10-22,000510,中证A500指数,中证A500,CSI A500 Index,CSI A500,5475.94,5510.26,5464.47,5494.74,-21.74,-0.39,24293717100.0,5850.75,500.0,16.02
2025-10-23,000510,中证A500指数,中证A500,CSI A500 Index,CSI A500,5476.5,5516.93,5424.31,5510.46,15.73,0.29,25766153300.0,5599.04,500.0,16.08
2025-10-24,000510,中证A500指数,中证A500,CSI A500 Index,CSI A500,5532.52,5586.35,5532.52,5586.35,75.89,1.38,27511639100.0,7313.98,500.0,16.24
2025-10-27,000510,中证A500指数,中证A500,CSI A500 Index,CSI A500,5639.11,5665.03,5618.89,5658.85,72.49,1.3,34746252400.0,9096.26,500.0,16.43
2025-10-28,000510,中证A500指数,中证A500,CSI A500 Index,CSI A500,5635.69,5680.5,5610.25,5628.29,-30.56,-0.54,30368194600.0,7899.52,500.0,16.37
2025-10-29,000510,中证A500指数,中证A500,CSI A500 Index,CSI A500,5638.44,5703.99,5638.3,5703.99,75.7,1.34,32511339400.0,8642.64,500.0,16.5
2025-10-30,000510,中证A500指数,中证A500,CSI A500 Index,CSI A500,5688.99,5713.42,5646.93,5653.75,-50.24,-0.88,38156944300.0,9686.43,500.0,16.37
2025-10-31,000510,中证A500指数,中证A500,CSI A500 Index,CSI A500,5644.62,5659.09,5583.72,5583.72,-70.02,-1.24,39417755500.0,9284.63,500.0,16.17
2025-11-03,000510,中证A500指数,中证A500,CSI A500 Index,CSI A500,5582.68,5594.52,5516.5,5594.41,10.68,0.19,35473592400.0,7795.29,500.0,16.22
2025-11-04,000510,中证A500指数,中证A500,CSI A500 Index,CSI A500,5587.56,5603.55,5504.75,5535.37,-59.04,-1.06,32671658300.0,6894.61,500.0,16.12
2025-11-05,000510,中证A500指数,中证A500,CSI A500 Index,CSI A500,5458.63,5567.82,5458.63,5548.07,12.7,0.23,30251964700.0,6485.88,500.0,16.14
2025-11-06,000510,中证A500指数,中证A500,CSI A500 Index,CSI A500,5565.25,5638.13,5565.25,5633.52,85.45,1.54,32629549400.0,7507.95,500.0,16.35
2025-11-07,000510,中证A500指数,中证A500,CSI A500 Index,CSI A500,5608.88,5650.18,5594.13,5622.12,-11.4,-0.2,31205351900.0,7108.49,500.0,16.31
2025-11-10,000510,中证A500指数,中证A500,CSI A500 Index,CSI A500,5640.03,5651.39,5594.77,5635.39,13.27,0.24,34027226800.0,8159.6,500.0,16.37
2025-11-11,000510,中证A500指数,中证A500,CSI A500 Index,CSI A500,5651.92,5656.86,5582.77,5588.23,-47.16,-0.84,28486015600.0,6811.13,500.0,16.27
2025-11-12,000510,中证A500指数,中证A500,CSI A500 Index,CSI A500,5574.22,5606.02,5539.37,5574.51,-13.72,-0.25,29970640100.0,6741.93,500.0,16.3
2025-11-13,000510,中证A500指数,中证A500,CSI A500 Index,CSI A500,5574.02,5655.17,5574.02,5654.44,79.93,1.43,30747275400.0,7156.07,500.0,16.46
2025-11-14,000510,中证A500指数,中证A500,CSI A500 Index,CSI A500,5603.37,5632.31,5563.4,5563.5,-90.94,-1.61,28129714500.0,6268.67,500.0,16.24
2025-11-17,000510,中证A500指数,中证A500,CSI A500 Index,CSI A500,5554.86,5566.62,5515.98,5540.11,-23.39,-0.42,27801969000.0,6246.59,500.0,16.13
2025-11-18,000510,中证A500指数,中证A500,CSI A500 Index,CSI A500,5525.48,5543.98,5475.83,5496.54,-43.57,-0.79,29466990300.0,6239.25,500.0,16.01
2025-11-19,000510,中证A500指数,中证A500,CSI A500 Index,CSI A500,5495.45,5537.06,5485.83,5512.38,15.85,0.29,26045902200.0,5523.89,500.0,16.11
2025-11-20,000510,中证A500指数,中证A500,CSI A500 Index,CSI A500,5547.67,5550.04,5470.02,5475.55,-36.83,-0.67,26058263700.0,5664.48,500.0,16.04
2025-11-21,000510,中证A500指数,中证A500,CSI A500 Index,CSI A500,5404.3,5420.81,5325.99,5325.99,-149.56,-2.73,31963521700.0,6565.63,500.0,15.7
2025-11-24,000510,中证A500指数,中证A500,CSI A500 Index,CSI A500,5352.08,5359.09,5293.63,5334.31,8.33,0.16,27386755600.0,5828.22,500.0,15.68
2025-11-25,000510,中证A500指数,中证A500,CSI A500 Index,CSI A500,5370.12,5422.71,5362.25,5392.91,58.6,1.1,26501401700.0,5908.59,500.0,15.83
2025-11-26,000510,中证A500指数,中证A500,CSI A500 Index,CSI A500,5392.61,5451.79,5384.84,5422.52,29.61,0.55,23727094700.0,5896.52,500.0,15.85
2025-11-27,000510,中证A500指数,中证A500,CSI A500 Index,CSI A500,5425.47,5478.01,5409.7,5415.93,-6.59,-0.12,22173503000.0,5650.29,500.0,15.87
2025-11-28,000510,中证A500指数,中证A500,CSI A500 Index,CSI A500,5412.0,5446.15,5393.67,5440.94,25.02,0.46,21050270700.0,4850.48,500.0,15.9
2025-12-01,000510,中证A500指数,中证A500,CSI A500 Index,CSI A500,5461.41,5505.58,5451.84,5505.28,64.33,1.18,27558291500.0,6395.97,500.0,16.06
2025-12-02,000510,中证A500指数,中证A500,CSI A500 Index,CSI A500,5497.84,5498.29,5453.88,5471.19,-34.09,-0.62,21481260300.0,5016.68,500.0,16.0
2025-12-03,000510,中证A500指数,中证A500,CSI A500 Index,CSI A500,5472.5,5490.53,5429.3,5440.62,-30.56,-0.56,23992523400.0,5220.87,500.0,15.92
2025-12-04,000510,中证A500指数,中证A500,CSI A500 Index,CSI A500,5444.27,5474.93,5419.83,5461.75,21.13,0.39,21483423700.0,4924.26,500.0,15.96
2025-12-05,000510,中证A500指数,中证A500,CSI A500 Index,CSI A500,5461.84,5522.36,5441.68,5513.75,52.0,0.95,25950546000.0,5537.32,500.0,16.06
2025-12-08,000510,中证A500指数,中证A500,CSI A500 Index,CSI A500,5523.82,5582.67,5522.41,5561.37,47.61,0.86,26305733600.0,6662.31,500.0,16.15
2025-12-09,000510,中证A500指数,中证A500,CSI A500 Index,CSI A500,5546.81,5569.85,5513.75,5530.03,-31.33,-0.56,24435163800.0,6069.14,500.0,16.08
2025-12-10,000510,中证A500指数,中证A500,CSI A500 Index,CSI A500,5518.15,5541.46,5473.38,5532.59,2.56,0.05,22715555300.0,5536.42,500.0,16.04
2025-12-11,000510,中证A500指数,中证A500,CSI A500 Index,CSI A500,5542.22,5561.29,5482.01,5486.31,-46.28,-0.84,24111274600.0,6043.67,500.0,15.95
2025-12-12,000510,中证A500指数,中证A500,CSI A500 Index,CSI A500,5495.96,5534.02,5464.25,5530.39,44.08,0.8,29841308200.0,7393.61,500.0,16.02
2025-12-15,000510,中证A500指数,中证A500,CSI A500 Index,CSI A500,5493.07,5542.39,5489.66,5490.12,-40.27,-0.73,24521157600.0,6008.98,500.0,16.17
2025-12-16,000510,中证A500指数,中证A500,CSI A500 Index,CSI A500,5478.72,5486.47,5393.82,5414.93,-75.19,-1.37,25333559200.0,5697.25,500.0,15.99
2025-12-17,000510,中证A500指数,中证A500,CSI A500 Index,CSI A500,5418.03,5537.7,5418.03,5520.78,105.85,1.95,25943354700.0,6265.38,500.0,16.24
2025-12-18,000510,中证A500指数,中证A500,CSI A500 Index,CSI A500,5487.47,5521.54,5483.49,5486.26,-34.52,-0.63,22297116700.0,5356.87,500.0,15.69
2025-12-19,000510,中证A500指数,中证A500,CSI A500 Index,CSI A500,5499.08,5542.9,5484.3,5516.17,29.91,0.55,24990571800.0,5509.74,500.0,15.73
2025-12-22,000510,中证A500指数,中证A500,CSI A500 Index,CSI A500,5543.19,5586.17,5543.19,5580.28,64.11,1.16,25528934700.0,6437.8,500.0,15.87
2025-12-23,000510,中证A500指数,中证A500,CSI A500 Index,CSI A500,5585.21,5621.37,5572.0,5592.43,12.16,0.22,25377826400.0,6322.84,500.0,15.92
2025-12-24,000510,中证A500指数,中证A500,CSI A500 Index,CSI A500,5594.94,5628.68,5576.09,5622.52,30.08,0.54,24090020000.0,6135.54,500.0,15.96
2025-12-25,000510,中证A500指数,中证A500,CSI A500 Index,CSI A500,5614.04,5647.79,5601.7,5636.74,14.22,0.25,22815548700.0,5995.54,500.0,15.99
2025-12-26,000510,中证A500指数,中证A500,CSI A500 Index,CSI A500,5639.7,5689.56,5634.21,5667.82,31.08,0.55,27619265600.0,7031.5,500.0,16.03
2025-12-29,000510,中证A500指数,中证A500,CSI A500 Index,CSI A500,5670.95,5685.5,5627.2,5640.76,-27.06,-0.48,29228783900.0,7209.24,500.0,16.01
2025-12-30,000510,中证A500指数,中证A500,CSI A500 Index,CSI A500,5611.88,5678.18,5611.23,5658.69,17.93,0.32,28432654400.0,7231.4,500.0,16.06
2025-12-31,000510,中证A500指数,中证A500,CSI A500 Index,CSI A500,5668.07,5681.08,5628.91,5642.82,-15.87,-0.28,28181547700.0,6924.95,500.0,16.04
2026-01-05,000510,中证A500指数,中证A500,CSI A500 Index,CSI A500,5686.6,5766.39,5686.6,5763.3,120.48,2.14,38169187300.0,9528.8,500.0,16.27
2026-01-06,000510,中证A500指数,中证A500,CSI A500 Index,CSI A500,5768.4,5860.2,5768.4,5860.2,96.91,1.68,47045404300.0,10827.36,500.0,16.51
2026-01-07,000510,中证A500指数,中证A500,CSI A500 Index,CSI A500,5871.41,5888.59,5826.52,5860.25,0.05,0.0,42760908800.0,10400.48,500.0,16.48
2026-01-08,000510,中证A500指数,中证A500,CSI A500 Index,CSI A500,5840.52,5861.97,5800.81,5830.57,-29.68,-0.51,41974905200.0,10030.15,500.0,16.4
2026-01-09,000510,中证A500指数,中证A500,CSI A500 Index,CSI A500,5821.14,5896.92,5821.14,5881.95,51.38,0.88,44442740600.0,10970.66,500.0,16.52
2026-01-12,000510,中证A500指数,中证A500,CSI A500 Index,CSI A500,5911.49,5957.41,5876.42,5948.7,66.75,1.13,48188356000.0,12418.31,500.0,16.65
2026-01-13,000510,中证A500指数,中证A500,CSI A500 Index,CSI A500,5962.15,5996.83,5879.67,5901.21,-47.49,-0.8,51432467700.0,12957.82,500.0,16.57
2026-01-14,000510,中证A500指数,中证A500,CSI A500 Index,CSI A500,5911.83,5998.09,5860.21,5901.2,0.0,0.0,60586329700.0,14339.39,500.0,16.51
2026-01-15,000510,中证A500指数,中证A500,CSI A500 Index,CSI A500,5870.51,5933.68,5869.53,5914.56,13.35,0.23,44548249500.0,10696.08,500.0,16.52
2026-01-16,000510,中证A500指数,中证A500,CSI A500 Index,CSI A500,5941.32,5964.65,5871.73,5889.35,-25.2,-0.43,47210807400.0,11579.57,500.0,16.42
2026-01-19,000510,中证A500指数,中证A500,CSI A500 Index,CSI A500,5871.93,5937.73,5871.93,5905.94,16.59,0.28,41995832000.0,10143.64,500.0,16.47
2026-01-20,000510,中证A500指数,中证A500,CSI A500 Index,CSI A500,5913.91,5930.24,5828.22,5878.74,-27.2,-0.46,45518989200.0,10627.42,500.0,16.45
2026-01-21,000510,中证A500指数,中证A500,CSI A500 Index,CSI A500,5866.46,5938.4,5866.46,5904.57,25.83,0.44,40670005800.0,10035.08,500.0,16.44
2026-01-22,000510,中证A500指数,中证A500,CSI A500 Index,CSI A500,5925.93,5948.48,5880.0,5911.78,7.21,0.12,43612185100.0,10504.36,500.0,16.44
2026-01-23,000510,中证A500指数,中证A500,CSI A500 Index,CSI A500,5925.13,5946.33,5905.74,5935.11,23.34,0.39,51749704600.0,11933.27,500.0,16.42
2026-01-26,000510,中证A500指数,中证A500,CSI A500 Index,CSI A500,5960.47,5986.22,5910.19,5925.53,-9.58,-0.16,55996490200.0,12591.92,500.0,16.47
2026-01-27,000510,中证A500指数,中证A500,CSI A500 Index,CSI A500,5915.4,5962.57,5869.95,5930.42,4.88,0.08,47623113500.0,11117.95,500.0,16.46
2026-01-28,000510,中证A500指数,中证A500,CSI A500 Index,CSI A500,5953.38,5976.93,5917.28,5951.1,20.68,0.35,54855457900.0,12115.43,500.0,16.52
2026-01-29,000510,中证A500指数,中证A500,CSI A500 Index,CSI A500,5962.43,5995.05,5926.44,5968.91,17.82,0.3,60395920700.0,13225.18,500.0,16.61
2026-01-30,000510,中证A500指数,中证A500,CSI A500 Index,CSI A500,5923.55,5946.27,5803.91,5898.13,-70.79,-1.19,49724846100.0,11318.58,500.0,16.44
2026-02-02,000510,中证A500指数,中证A500,CSI A500 Index,CSI A500,5848.04,5890.9,5738.36,5742.49,-155.64,-2.64,45874269400.0,10593.53,500.0,16.07
2026-02-03,000510,中证A500指数,中证A500,CSI A500 Index,CSI A500,5803.74,5853.78,5729.76,5852.15,109.66,1.91,42608276700.0,10452.52,500.0,16.26
2026-02-04,000510,中证A500指数,中证A500,CSI A500 Index,CSI A500,5838.74,5891.37,5813.68,5886.58,34.43,0.59,41493195900.0,9739.65,500.0,16.4
2026-02-05,000510,中证A500指数,中证A500,CSI A500 Index,CSI A500,5832.18,5857.76,5780.59,5817.6,-68.98,-1.17,35958081600.0,8326.68,500.0,16.27
2026-02-06,000510,中证A500指数,中证A500,CSI A500 Index,CSI A500,5751.53,5843.66,5729.5,5792.01,-25.59,-0.44,32202201100.0,7819.19,500.0,16.21
2026-02-09,000510,中证A500指数,中证A500,CSI A500 Index,CSI A500,5868.65,5900.21,5848.6,5899.22,107.21,1.85,33065922600.0,8122.87,500.0,16.44
2026-02-10,000510,中证A500指数,中证A500,CSI A500 Index,CSI A500,5899.34,5916.42,5884.8,5903.47,4.24,0.07,30532745900.0,7222.35,500.0,16.47
2026-02-11,000510,中证A500指数,中证A500,CSI A500 Index,CSI A500,5892.52,5915.71,5889.8,5896.15,-7.32,-0.12,29200260600.0,7002.39,500.0,16.47
2026-02-12,000510,中证A500指数,中证A500,CSI A500 Index,CSI A500,5904.2,5926.27,5898.76,5923.15,27.0,0.46,32072950600.0,7732.52,500.0,16.49
2026-02-13,000510,中证A500指数,中证A500,CSI A500 Index,CSI A500,5883.48,5902.31,5837.52,5840.73,-82.42,-1.39,30123837900.0,7075.77,500.0,16.25
2026-02-24,000510,中证A500指数,中证A500,CSI A500 Index,CSI A500,5931.03,5936.89,5891.7,5910.73,70.01,1.2,35430970300.0,8202.06,500.0,16.42
2026-02-25,000510,中证A500指数,中证A500,CSI A500 Index,CSI A500,5920.44,5994.57,5919.22,5967.3,56.57,0.96,43772884800.0,9392.77,500.0,16.54
2026-02-26,000510,中证A500指数,中证A500,CSI A500 Index,CSI A500,5976.33,5976.88,5934.04,5961.51,-5.79,-0.1,39705538500.0,9559.18,500.0,16.51
2026-02-27,000510,中证A500指数,中证A500,CSI A500 Index,CSI A500,5922.25,5970.89,5922.2,5965.35,3.84,0.06,43811142200.0,9278.31,500.0,16.52
2026-03-02,000510,中证A500指数,中证A500,CSI A500 Index,CSI A500,5923.9,5993.62,5905.97,5984.75,19.39,0.33,54343434400.0,11547.04,500.0,16.68
2026-03-03,000510,中证A500指数,中证A500,CSI A500 Index,CSI A500,5993.5,6001.29,5834.24,5840.58,-144.17,-2.41,56303716000.0,12148.3,500.0,16.5
2026-03-04,000510,中证A500指数,中证A500,CSI A500 Index,CSI A500,5771.3,5845.49,5753.92,5784.57,-56.01,-0.96,43061443300.0,8888.43,500.0,16.34
2026-03-05,000510,中证A500指数,中证A500,CSI A500 Index,CSI A500,5859.02,5878.63,5814.1,5843.49,58.92,1.02,40517555700.0,8849.18,500.0,16.44
2026-03-06,000510,中证A500指数,中证A500,CSI A500 Index,CSI A500,5808.98,5874.51,5797.71,5859.12,15.63,0.27,37135615500.0,7629.22,500.0,16.47
2026-03-09,000510,中证A500指数,中证A500,CSI A500 Index,CSI A500,5772.39,5820.15,5690.34,5804.09,-55.03,-0.94,47783812600.0,9952.79,500.0,16.37
2026-03-10,000510,中证A500指数,中证A500,CSI A500 Index,CSI A500,5850.43,5892.14,5850.43,5890.0,85.91,1.48,39773029500.0,8582.74,500.0,16.48
2026-03-11,000510,中证A500指数,中证A500,CSI A500 Index,CSI A500,5898.39,5935.94,5893.79,5919.99,29.99,0.51,42412925200.0,9165.91,500.0,16.59
2026-03-12,000510,中证A500指数,中证A500,CSI A500 Index,CSI A500,5913.8,5921.66,5842.78,5888.21,-31.79,-0.54,45518033800.0,8951.05,500.0,16.55
2026-03-13,000510,中证A500指数,中证A500,CSI A500 Index,CSI A500,5861.85,5912.72,5831.16,5844.62,-43.58,-0.74,45159499900.0,8837.26,500.0,16.45
2026-03-16,000510,中证A500指数,中证A500,CSI A500 Index,CSI A500,5842.52,5848.06,5762.87,5835.28,-9.34,-0.16,42129449600.0,8781.96,500.0,16.42
2026-03-17,000510,中证A500指数,中证A500,CSI A500 Index,CSI A500,5854.51,5885.95,5767.73,5767.73,-67.56,-1.16,35954008800.0,8131.67,500.0,16.31
2026-03-18,000510,中证A500指数,中证A500,CSI A500 Index,CSI A500,5784.68,5807.93,5724.78,5802.65,34.92,0.61,33149495400.0,7584.23,500.0,16.36
2026-03-19,000510,中证A500指数,中证A500,CSI A500 Index,CSI A500,5733.88,5759.06,5670.67,5688.63,-114.02,-1.96,36145114800.0,7900.98,500.0,16.15
2026-03-20,000510,中证A500指数,中证A500,CSI A500 Index,CSI A500,5716.89,5751.24,5655.44,5659.05,-29.58,-0.52,36146098300.0,8789.91,500.0,16.04
2026-03-23,000510,中证A500指数,中证A500,CSI A500 Index,CSI A500,5567.08,5605.42,5439.46,5466.9,-192.15,-3.4,44389372000.0,9345.26,500.0,15.55
2026-03-24,000510,中证A500指数,中证A500,CSI A500 Index,CSI A500,5526.33,5542.47,5419.44,5542.36,75.46,1.38,35820677800.0,7659.98,500.0,15.71
2026-03-25,000510,中证A500指数,中证A500,CSI A500 Index,CSI A500,5588.74,5639.96,5588.74,5633.1,90.74,1.64,37710893200.0,8088.97,500.0,15.91
2026-03-26,000510,中证A500指数,中证A500,CSI A500 Index,CSI A500,5619.28,5639.95,5540.81,5552.78,-80.32,-1.43,30600085300.0,6961.3,500.0,15.73
2026-03-27,000510,中证A500指数,中证A500,CSI A500 Index,CSI A500,5488.97,5626.68,5488.97,5600.34,47.56,0.86,28442428700.0,6675.36,500.0,15.83
2026-03-30,000510,中证A500指数,中证A500,CSI A500 Index,CSI A500,5547.18,5600.32,5522.39,5594.45,-5.89,-0.11,30812081500.0,6782.91,500.0,15.86
2026-03-31,000510,中证A500指数,中证A500,CSI A500 Index,CSI A500,5591.78,5632.15,5526.73,5526.73,-67.73,-1.21,31558713200.0,7122.77,500.0,15.73
2026-04-01,000510,中证A500指数,中证A500,CSI A500 Index,CSI A500,5619.66,5638.33,5582.98,5626.33,99.6,1.8,29843226900.0,7147.38,500.0,15.94
2026-04-02,000510,中证A500指数,中证A500,CSI A500 Index,CSI A500,5610.27,5615.39,5524.32,5550.74,-75.59,-1.34,27641212500.0,6329.49,500.0,15.83
2026-04-03,000510,中证A500指数,中证A500,CSI A500 Index,CSI A500,5570.71,5572.77,5496.86,5501.88,-48.87,-0.88,24311348600.0,5539.36,500.0,15.69
2026-04-07,000510,中证A500指数,中证A500,CSI A500 Index,CSI A500,5512.09,5537.37,5482.61,5510.74,8.86,0.16,23669202700.0,5495.09,500.0,15.69
2026-04-08,000510,中证A500指数,中证A500,CSI A500 Index,CSI A500,5619.19,5728.38,5617.7,5728.38,217.65,3.95,37126463400.0,9174.29,500.0,16.11
2026-04-09,000510,中证A500指数,中证A500,CSI A500 Index,CSI A500,5683.46,5719.66,5669.09,5698.95,-29.43,-0.51,29575849100.0,7655.05,500.0,16.04
2026-04-10,000510,中证A500指数,中证A500,CSI A500 Index,CSI A500,5736.26,5808.29,5730.63,5783.05,84.1,1.48,31674349000.0,8949.93,500.0,16.2
2026-04-13,000510,中证A500指数,中证A500,CSI A500 Index,CSI A500,5752.34,5804.08,5752.34,5792.78,9.72,0.17,30564356100.0,8212.85,500.0,16.23
2026-04-14,000510,中证A500指数,中证A500,CSI A500 Index,CSI A500,5834.01,5865.35,5803.45,5865.35,72.58,1.25,32281119500.0,9001.18,500.0,16.39
2026-04-15,000510,中证A500指数,中证A500,CSI A500 Index,CSI A500,5900.11,5905.44,5820.41,5837.45,-27.9,-0.48,31988162300.0,9022.15,500.0,16.36
2026-04-16,000510,中证A500指数,中证A500,CSI A500 Index,CSI A500,5850.92,5917.04,5844.99,5914.06,76.61,1.31,30349675100.0,8460.72,500.0,16.51
2026-04-17,000510,中证A500指数,中证A500,CSI A500 Index,CSI A500,5902.03,5925.14,5890.41,5913.84,-0.22,0.0,30004682600.0,8823.38,500.0,16.47
2026-04-20,000510,中证A500指数,中证A500,CSI A500 Index,CSI A500,5910.99,5963.73,5903.69,5954.83,40.99,0.69,34693591600.0,9495.24,500.0,16.58
2026-04-21,000510,中证A500指数,中证A500,CSI A500 Index,CSI A500,5944.04,5970.94,5899.35,5959.66,4.83,0.08,31574178700.0,8631.23,500.0,16.6
2026-04-22,000510,中证A500指数,中证A500,CSI A500 Index,CSI A500,5933.64,6008.54,5933.64,6006.67,47.01,0.79,31770029900.0,9288.11,500.0,16.66
2026-04-23,000510,中证A500指数,中证A500,CSI A500 Index,CSI A500,6026.53,6030.82,5936.64,5973.41,-33.26,-0.55,35699766100.0,10302.38,500.0,16.63
2026-04-24,000510,中证A500指数,中证A500,CSI A500 Index,CSI A500,5949.59,5978.89,5906.77,5952.46,-20.95,-0.35,31589069700.0,10003.53,500.0,16.59
2026-04-27,000510,中证A500指数,中证A500,CSI A500 Index,CSI A500,5956.61,5986.94,5946.28,5965.38,12.93,0.22,32249565400.0,9908.34,500.0,16.58
2026-04-28,000510,中证A500指数,中证A500,CSI A500 Index,CSI A500,5947.46,5964.71,5909.46,5929.56,-35.83,-0.6,32618472100.0,9249.24,500.0,16.55
2026-04-29,000510,中证A500指数,中证A500,CSI A500 Index,CSI A500,5901.44,6019.18,5901.23,6013.41,83.85,1.41,35920822100.0,9922.49,500.0,16.71
2026-04-30,000510,中证A500指数,中证A500,CSI A500 Index,CSI A500,6026.19,6037.86,6000.33,6020.44,7.03,0.12,37841385300.0,10662.6,500.0,16.71
2026-05-06,000510,中证A500指数,中证A500,CSI A500 Index,CSI A500,6091.54,6158.3,6071.0,6135.86,115.42,1.92,41346208000.0,12704.79,500.0,17.14
2026-05-07,000510,中证A500指数,中证A500,CSI A500 Index,CSI A500,6162.67,6184.64,6129.85,6183.01,47.15,0.77,40463779700.0,11825.67,500.0,17.18
2026-05-08,000510,中证A500指数,中证A500,CSI A500 Index,CSI A500,6143.03,6171.13,6116.41,6154.27,-28.74,-0.46,40964524200.0,11254.55,500.0,17.11
2026-05-11,000510,中证A500指数,中证A500,CSI A500 Index,CSI A500,6200.38,6271.66,6179.09,6262.31,108.04,1.76,46372462200.0,13592.16,500.0,17.33
2026-05-12,000510,中证A500指数,中证A500,CSI A500 Index,CSI A500,6279.93,6279.93,6219.22,6249.23,-13.08,-0.21,41293711300.0,12247.76,500.0,17.3
2026-05-13,000510,中证A500指数,中证A500,CSI A500 Index,CSI A500,6209.93,6321.63,6209.93,6318.04,68.81,1.1,40294776100.0,12031.5,500.0,17.41
2026-05-14,000510,中证A500指数,中证A500,CSI A500 Index,CSI A500,6351.56,6354.96,6182.97,6182.97,-135.07,-2.14,41354626900.0,12319.49,500.0,17.11
2026-05-15,000510,中证A500指数,中证A500,CSI A500 Index,CSI A500,6179.61,6215.2,6068.01,6105.87,-77.1,-1.25,40785868100.0,12648.67,500.0,16.94
2026-05-18,000510,中证A500指数,中证A500,CSI A500 Index,CSI A500,6076.37,6132.44,6047.1,6084.51,-21.36,-0.35,35437254700.0,10662.81,500.0,16.87
2026-05-19,000510,中证A500指数,中证A500,CSI A500 Index,CSI A500,6065.38,6123.5,5998.14,6121.09,36.58,0.6,35294008900.0,10662.99,500.0,16.97
2026-05-20,000510,中证A500指数,中证A500,CSI A500 Index,CSI A500,6088.76,6150.03,6086.23,6130.45,9.36,0.15,34039682900.0,11022.23,500.0,16.93
2026-05-21,000510,中证A500指数,中证A500,CSI A500 Index,CSI A500,6176.26,6239.14,6014.99,6019.55,-110.9,-1.81,42653036100.0,13228.36,500.0,16.68
2026-05-22,000510,中证A500指数,中证A500,CSI A500 Index,CSI A500,6065.32,6122.72,6025.3,6115.18,95.63,1.59,39684504900.0,11149.37,500.0,16.85
2026-05-25,000510,中证A500指数,中证A500,CSI A500 Index,CSI A500,6151.38,6211.89,6114.18,6211.1,95.92,1.57,38492549900.0,12451.34,500.0,17.03
2026-05-26,000510,中证A500指数,中证A500,CSI A500 Index,CSI A500,6182.89,6236.64,6150.63,6228.65,17.55,0.28,42638933900.0,12943.71,500.0,17.09
2026-05-27,000510,中证A500指数,中证A500,CSI A500 Index,CSI A500,6220.67,6264.1,6134.6,6159.17,-69.48,-1.12,43222112500.0,13033.8,500.0,16.9
2026-05-28,000510,中证A500指数,中证A500,CSI A500 Index,CSI A500,6135.34,6180.99,6071.25,6169.84,10.67,0.17,37816971300.0,11497.41,500.0,16.87
2026-05-29,000510,中证A500指数,中证A500,CSI A500 Index,CSI A500,6195.98,6201.89,6074.8,6100.14,-69.69,-1.13,45436645700.0,13029.23,500.0,16.79
2026-06-01,000510,中证A500指数,中证A500,CSI A500 Index,CSI A500,6104.13,6144.24,6021.12,6030.69,-69.45,-1.14,40341819600.0,11375.95,500.0,16.68
2026-06-02,000510,中证A500指数,中证A500,CSI A500 Index,CSI A500,6051.24,6136.61,5992.14,6111.15,80.46,1.33,38139362800.0,10951.61,500.0,16.84
2026-06-03,000510,中证A500指数,中证A500,CSI A500 Index,CSI A500,6121.09,6218.76,6096.69,6144.49,33.35,0.55,41141783900.0,12278.78,500.0,16.88
2026-06-04,000510,中证A500指数,中证A500,CSI A500 Index,CSI A500,6088.35,6149.11,6084.01,6113.49,-31.0,-0.5,36611886600.0,10481.08,500.0,16.75
2026-06-05,000510,中证A500指数,中证A500,CSI A500 Index,CSI A500,6090.4,6136.15,5985.81,6009.39,-104.1,-1.7,41481223900.0,12037.92,500.0,16.56
2026-06-08,000510,中证A500指数,中证A500,CSI A500 Index,CSI A500,5848.71,5952.75,5807.47,5855.89,-153.5,-2.55,41514901500.0,11024.78,500.0,16.28
2026-06-09,000510,中证A500指数,中证A500,CSI A500 Index,CSI A500,5905.59,5983.36,5854.99,5981.78,125.89,2.15,35673398600.0,10186.22,500.0,16.51
2026-06-10,000510,中证A500指数,中证A500,CSI A500 Index,CSI A500,5917.14,5959.62,5857.12,5902.97,-78.81,-1.32,35723738300.0,9954.17,500.0,16.37
2026-06-11,000510,中证A500指数,中证A500,CSI A500 Index,CSI A500,5877.5,5928.26,5824.6,5872.7,-30.27,-0.51,34344915300.0,9713.69,500.0,16.3
2026-06-12,000510,中证A500指数,中证A500,CSI A500 Index,CSI A500,5965.24,5994.47,5921.89,5931.65,58.95,1.0,46192391200.0,12718.63,500.0,16.49
2026-06-15,000510,中证A500指数,中证A500,CSI A500 Index,CSI A500,6001.76,6099.82,5970.26,6099.19,167.54,2.82,43398261300.0,12557.52,500.0,17.04
2026-06-16,000510,中证A500指数,中证A500,CSI A500 Index,CSI A500,6107.75,6141.37,6085.31,6111.86,12.68,0.21,39226536200.0,12225.04,500.0,17.0
2026-06-17,000510,中证A500指数,中证A500,CSI A500 Index,CSI A500,6078.53,6190.91,6078.53,6188.1,76.23,1.25,38800402100.0,12475.34,500.0,17.12
2026-06-18,000510,中证A500指数,中证A500,CSI A500 Index,CSI A500,6166.62,6253.78,6166.62,6219.79,31.69,0.51,44073120900.0,13984.66,500.0,17.09
2026-06-22,000510,中证A500指数,中证A500,CSI A500 Index,CSI A500,6235.3,6375.33,6205.79,6373.56,153.77,2.47,49557162000.0,15896.99,500.0,17.48
2026-06-23,000510,中证A500指数,中证A500,CSI A500 Index,CSI A500,6356.14,6371.8,6147.74,6182.57,-190.99,-3.0,44892697200.0,14439.92,500.0,17.08
2026-06-24,000510,中证A500指数,中证A500,CSI A500 Index,CSI A500,6156.58,6256.38,6155.24,6247.01,64.43,1.04,41676928700.0,13557.83,500.0,17.15
2026-06-25,000510,中证A500指数,中证A500,CSI A500 Index,CSI A500,6257.95,6351.08,6247.85,6343.21,96.2,1.54,45414662000.0,15340.84,500.0,17.3
2026-06-26,000510,中证A500指数,中证A500,CSI A500 Index,CSI A500,6296.72,6296.92,6115.33,6147.45,-195.75,-3.09,46003434000.0,15142.39,500.0,16.83
2026-06-29,000510,中证A500指数,中证A500,CSI A500 Index,CSI A500,6147.92,6224.94,6090.69,6222.36,74.91,1.22,44226646800.0,14886.81,500.0,17.0
2026-06-30,000510,中证A500指数,中证A500,CSI A500 Index,CSI A500,6209.73,6324.44,6202.6,6314.99,92.63,1.49,41323374200.0,13884.19,500.0,17.14
2026-07-01,000510,中证A500指数,中证A500,CSI A500 Index,CSI A500,6310.21,6354.22,6232.17,6277.78,-37.21,-0.59,45234995100.0,15182.48,500.0,17.1
2026-07-02,000510,中证A500指数,中证A500,CSI A500 Index,CSI A500,6147.43,6204.36,6060.14,6076.25,-201.52,-3.21,46213078000.0,14537.94,500.0,16.69
2026-07-03,000510,中证A500指数,中证A500,CSI A500 Index,CSI A500,6076.51,6191.02,6068.15,6117.37,41.12,0.68,41238093000.0,13325.94,500.0,16.82
2026-07-06,000510,中证A500指数,中证A500,CSI A500 Index,CSI A500,6151.47,6171.45,6037.34,6097.12,-20.25,-0.33,40004453500.0,12906.7,500.0,16.84
2026-07-07,000510,中证A500指数,中证A500,CSI A500 Index,CSI A500,6061.02,6101.06,5978.35,6023.6,-73.52,-1.21,35018996100.0,10850.95,500.0,16.67
2026-07-08,000510,中证A500指数,中证A500,CSI A500 Index,CSI A500,6038.88,6063.72,5942.87,5952.43,-71.17,-1.18,34884850600.0,10998.92,500.0,16.54
2026-07-09,000510,中证A500指数,中证A500,CSI A500 Index,CSI A500,5980.78,6128.15,5914.31,6120.87,168.45,2.83,39190113500.0,13026.65,500.0,16.85
2026-07-10,000510,中证A500指数,中证A500,CSI A500 Index,CSI A500,6139.9,6177.95,6005.87,6005.87,-115.0,-1.88,44023366500.0,15177.73,500.0,16.63
2026-07-13,000510,中证A500指数,中证A500,CSI A500 Index,CSI A500,5953.72,5988.43,5821.45,5851.82,-154.05,-2.56,39367008800.0,12560.61,500.0,16.36
2026-07-14,000510,中证A500指数,中证A500,CSI A500 Index,CSI A500,5845.97,5984.37,5776.77,5984.37,132.55,2.27,38898494100.0,12660.47,500.0,16.67
2026-07-15,000510,中证A500指数,中证A500,CSI A500 Index,CSI A500,5991.99,6015.66,5933.8,5943.88,-40.49,-0.68,37349143600.0,11822.71,500.0,16.63
