ts_code,trade_date,close,open,high,low,pre_close,change,pct_chg,vol,amount
000922.CSI,20260824,5653.4024,5592.0447,5663.96,5588.0978,5579.3428,74.0596,1.3274,64187087.26,70267436.852
000922.CSI,20260821,5579.3428,5576.1585,5593.6727,5555.7781,5585.0951,-5.7523,-0.103,48377917.06,53740931.873
000922.CSI,20260820,5585.0951,5528.7509,5611.2751,5528.3367,5553.3329,31.7622,0.5719,55619579.81,57954778.276
000922.CSI,20260819,5553.3329,5548.3813,5579.4192,5535.0174,5534.8334,18.4995,0.3342,67646825.45,73041853.371
000922.CSI,20260818,5534.8334,5502.8047,5546.0112,5497.3886,5500.0632,34.7702,0.6322,49336296.14,52782115.921
000922.CSI,20260817,5500.0632,5483.0083,5501.6017,5453.5467,5478.3945,21.6687,0.3955,41970878.3,45527562.0
000922.CSI,20260814,5478.3945,5456.978,5491.7606,5432.3154,5464.4234,13.9711,0.2557,42479049.31,45034523.107
000922.CSI,20260813,5464.4234,5497.8805,5509.5114,5458.9078,5513.6822,-49.2588,-0.8934,48975695.97,51808273.92
000922.CSI,20260812,5513.6822,5520.7662,5541.3919,5497.8208,5531.3096,-17.6274,-0.3187,46345452.81,50047102.564
000922.CSI,20260811,5531.3096,5577.5507,5593.9876,5526.5433,5561.232,-29.9224,-0.5381,50231472.92,58827857.741
000922.CSI,20260810,5561.232,5496.737,5578.8836,5492.1523,5506.753,54.479,0.9893,52142815.28,56996869.523
000922.CSI,20260807,5506.753,5505.6065,5520.4446,5471.0447,5513.6663,-6.9133,-0.1254,56095315.17,59969426.369
000922.CSI,20260806,5513.6663,5452.5165,5529.8812,5433.5491,5447.9752,65.6911,1.2058,63854702.3,66181183.026
000922.CSI,20260805,5447.9752,5449.8169,5465.0102,5415.1232,5459.3401,-11.3649,-0.2082,65814256.5,65647589.012
000922.CSI,20260804,5459.3401,5544.2203,5545.0113,5442.6247,5549.1553,-89.8152,-1.6185,68872354.46,68452472.379
000922.CSI,20260803,5549.1553,5544.0333,5601.3634,5540.989,5569.4095,-20.2542,-0.3637,66576039.32,69181596.806
000922.CSI,20260731,5569.4095,5509.5615,5579.3532,5478.9039,5579.5974,-10.1879,-0.1826,80581584.25,81544046.167
000922.CSI,20260730,5579.5974,5516.5916,5583.0014,5516.3258,5519.1242,60.4732,1.0957,74388361.97,76656964.129
000922.CSI,20260729,5519.1242,5442.351,5536.8951,5439.8242,5437.9221,81.2021,1.4933,63222536.46,66420296.38
000922.CSI,20260728,5437.9221,5407.2207,5442.4919,5365.2818,5433.9958,3.9263,0.0723,61713590.02,62497401.131
000922.CSI,20260727,5433.9958,5377.7666,5446.8588,5363.3446,5404.2835,29.7123,0.5498,56512499.21,57957038.858
000922.CSI,20260724,5404.2835,5495.4401,5513.6841,5403.7703,5505.6897,-101.4062,-1.8418,53739635.89,60203162.408
000922.CSI,20260723,5505.6897,5429.5354,5508.9972,5420.6057,5452.5882,53.1015,0.9739,53081637.2,61037583.415
000922.CSI,20260722,5452.5882,5378.637,5452.5882,5342.7648,5391.0897,61.4985,1.1407,64921023.23,72597832.899
000922.CSI,20260721,5391.0897,5434.9261,5501.5563,5377.1512,5450.5115,-59.4218,-1.0902,87388035.36,92506936.51
000922.CSI,20260720,5450.5115,5297.871,5450.5115,5297.871,5281.8147,168.6968,3.1939,90113174.08,93257592.847
000922.CSI,20260717,5281.8147,5312.2988,5362.0897,5280.408,5321.0747,-39.26,-0.7378,74763544.6,73704308.951
000922.CSI,20260716,5321.0747,5357.8567,5403.0441,5304.3884,5378.8412,-57.7665,-1.074,54463709.4,54972461.992
000922.CSI,20260715,5378.8412,5286.751,5384.2092,5271.8162,5307.4975,71.3437,1.3442,62772154.41,67460194.272
000922.CSI,20260714,5307.4975,5195.8297,5312.2475,5195.8297,5198.1145,109.383,2.1043,67167695.55,69684948.938
000922.CSI,20260713,5198.1145,5170.8068,5221.8779,5149.402,5184.0974,14.0171,0.2704,65199976.26,63737128.463
000922.CSI,20260710,5184.0974,5169.1718,5215.1846,5139.2901,5200.4369,-16.3395,-0.3142,53304870.61,54470435.427
000922.CSI,20260709,5200.4369,5239.8932,5242.1257,5184.149,5264.7879,-64.351,-1.2223,51526911.95,51823030.422
000922.CSI,20260708,5264.7879,5231.8424,5311.1382,5210.6979,5239.3719,25.416,0.4851,53952139.75,53160984.934
000922.CSI,20260707,5239.3719,5313.8705,5319.9041,5216.5595,5314.9215,-75.5496,-1.4215,52807663.91,52044061.557
000922.CSI,20260706,5314.9215,5198.1513,5320.5215,5179.1471,5207.4591,107.4624,2.0636,60770959.5,62503729.696
000922.CSI,20260703,5207.4591,5168.939,5228.7495,5168.3693,5154.9399,52.5192,1.0188,54485189.96,57531196.476
000922.CSI,20260702,5154.9399,5104.7822,5185.2626,5103.0986,5108.2124,46.7275,0.9148,60095257.21,62877839.22
000922.CSI,20260701,5108.2124,5015.7812,5133.6193,5004.0313,5022.4598,85.7526,1.7074,54022508.76,57078190.623
000922.CSI,20260630,5022.4598,5103.914,5104.4617,4995.4854,5120.7122,-98.2524,-1.9187,61235757.07,58883911.218
000922.CSI,20260629,5120.7122,5083.7063,5125.791,4998.1484,5085.7304,34.9818,0.6878,61767670.28,61490935.426
000922.CSI,20260626,5085.7304,5196.0311,5196.0311,5085.171,5198.5078,-112.7774,-2.1694,58366304.92,60627737.459
000922.CSI,20260625,5198.5078,5229.9713,5272.2431,5191.0737,5262.823,-64.3152,-1.2221,60891979.83,67511386.583
000922.CSI,20260624,5262.823,5340.8526,5340.8526,5252.2542,5342.6871,-79.8641,-1.4948,63456294.44,65764450.019
000922.CSI,20260623,5342.6871,5362.7041,5422.4865,5329.6632,5373.3271,-30.64,-0.5702,68692602.76,72928035.072
000922.CSI,20260622,5373.3271,5302.5895,5375.6392,5243.1119,5316.6517,56.6754,1.066,67787868.76,76013600.96
000922.CSI,20260618,5316.6517,5410.3679,5412.8741,5314.6443,5434.1544,-117.5027,-2.1623,64912176.66,71648668.665
000922.CSI,20260617,5434.1544,5481.286,5482.3014,5420.1771,5493.6702,-59.5158,-1.0834,50516274.84,53428118.658
000922.CSI,20260616,5493.6702,5565.2231,5565.2231,5489.3466,5590.6994,-97.0292,-1.7355,53677220.58,62286894.062
000922.CSI,20260615,5590.6994,5629.0402,5632.5144,5563.9574,5649.5033,-58.8039,-1.0409,74369655.81,84182981.01
000922.CSI,20260612,5649.5033,5548.048,5659.7539,5539.6437,5566.7432,82.7601,1.4867,77717731.27,85092924.908
000922.CSI,20260611,5566.7432,5587.5648,5604.9841,5538.4047,5588.9842,-22.241,-0.3979,52846639.32,56382650.101
000922.CSI,20260610,5588.9842,5597.4528,5624.936,5570.074,5629.9739,-40.9897,-0.7281,59332882.4,63141840.583
000922.CSI,20260609,5629.9739,5601.0339,5633.1847,5582.2809,5633.6247,-3.6508,-0.0648,61245558.71,64070746.871
000922.CSI,20260608,5633.6247,5632.9527,5690.0125,5608.7299,5683.8457,-50.221,-0.8836,67111140.29,70971775.295
000922.CSI,20260605,5683.8457,5666.1744,5737.9538,5665.4779,5681.5155,2.3302,0.041,58236330.25,63620736.896
000922.CSI,20260604,5681.5155,5681.7746,5729.6093,5660.4689,5706.4679,-24.9524,-0.4373,52745282.23,59966390.389
000922.CSI,20260603,5706.4679,5682.5728,5730.8394,5626.8095,5708.5511,-2.0832,-0.0365,59457978.64,64461823.957
000922.CSI,20260602,5708.5511,5732.2766,5792.5666,5691.5812,5726.102,-17.5509,-0.3065,65257590.87,73019820.084
000922.CSI,20260601,5726.102,5581.5711,5727.5937,5568.4898,5578.6947,147.4073,2.6423,70403663.76,74176298.755
000922.CSI,20260529,5578.6947,5506.0597,5596.9235,5505.2696,5513.8769,64.8178,1.1755,64264624.4,70413133.843
000922.CSI,20260528,5513.8769,5511.4883,5560.4875,5502.2992,5527.1603,-13.2834,-0.2403,47535189.54,53150766.187
000922.CSI,20260527,5527.1603,5567.0327,5576.8214,5500.7592,5577.2612,-50.1009,-0.8983,53137250.65,57795930.425
000922.CSI,20260526,5577.2612,5547.4618,5581.5207,5537.4384,5572.2261,5.0351,0.0904,48382424.89,56031656.68
000922.CSI,20260525,5572.2261,5591.632,5618.2494,5558.0517,5545.1377,27.0884,0.4885,47297876.03,56955308.329
000922.CSI,20260522,5545.1377,5563.2534,5567.6459,5514.288,5554.6741,-9.5364,-0.1717,47240673.44,51237334.714
000922.CSI,20260521,5554.6741,5628.5556,5664.1649,5554.6652,5643.5763,-88.9022,-1.5753,53196374.44,59413734.719
000922.CSI,20260520,5643.5763,5647.9447,5664.684,5634.5745,5662.3624,-18.7861,-0.3318,45326100.39,50614752.3
000922.CSI,20260519,5662.3624,5639.1043,5665.3184,5632.1425,5654.2014,8.161,0.1443,45964574.62,51557674.021
000922.CSI,20260518,5654.2014,5678.2588,5691.0343,5622.8751,5680.3708,-26.1694,-0.4607,50840733.07,57897293.28
000922.CSI,20260515,5680.3708,5695.4925,5720.949,5657.2652,5694.3058,-13.935,-0.2447,57564846.82,66232122.653
000922.CSI,20260514,5694.3058,5743.2783,5751.7396,5694.3058,5748.0787,-53.7729,-0.9355,55224114.15,61477059.155
000922.CSI,20260513,5748.0787,5772.5947,5791.5696,5728.4239,5774.7235,-26.6448,-0.4614,50980561.18,60232285.017
000922.CSI,20260512,5774.7235,5786.7662,5813.6826,5767.1409,5783.4605,-8.737,-0.1511,54164631.6,62054618.556
000922.CSI,20260511,5783.4605,5763.2045,5795.1405,5750.3837,5767.6711,15.7894,0.2738,64072491.68,71222274.396
000922.CSI,20260508,5767.6711,5791.7941,5820.7317,5750.2839,5787.1972,-19.5261,-0.3374,49186676.66,57891397.85
000922.CSI,20260507,5787.1972,5861.2783,5861.2783,5779.6765,5881.8356,-94.6384,-1.609,59870322.96,74382443.793
000922.CSI,20260506,5881.8356,5851.8844,5883.9128,5810.647,5865.0714,16.7642,0.2858,69000032.5,80127089.541
000922.CSI,20260430,5865.0714,5879.405,5900.1403,5836.7873,5884.2729,-19.2015,-0.3263,66216581.95,76319382.628
000922.CSI,20260429,5884.2729,5822.7987,5893.1975,5821.8996,5828.8751,55.3978,0.9504,68196309.07,90373827.653
000922.CSI,20260428,5828.8751,5737.8936,5829.5609,5737.6143,5763.8706,65.0045,1.1278,58243624.47,65150460.487
000922.CSI,20260427,5763.8706,5755.3654,5796.6681,5754.2527,5776.3372,-12.4666,-0.2158,52543704.49,60334643.185
000922.CSI,20260424,5776.3372,5756.0762,5786.5781,5750.9823,5781.3231,-4.9859,-0.0862,48202679.57,55337474.185
000922.CSI,20260423,5781.3231,5748.9695,5790.158,5733.2791,5752.3753,28.9478,0.5032,56251486.72,62490542.314
000922.CSI,20260422,5752.3753,5750.8533,5774.6476,5742.8755,5752.8395,-0.4642,-0.0081,42734478.41,49490035.611
000922.CSI,20260421,5752.8395,5700.3845,5764.0033,5698.1104,5702.5138,50.3257,0.8825,47550474.09,52166267.987
000922.CSI,20260420,5702.5138,5697.6844,5713.2435,5686.3455,5695.3235,7.1903,0.1262,48049929.42,53848863.485
000922.CSI,20260417,5695.3235,5725.015,5726.1645,5685.5439,5734.5086,-39.1851,-0.6833,41746214.89,47303949.407
000922.CSI,20260416,5734.5086,5721.5179,5747.1955,5713.8864,5720.5908,13.9178,0.2433,45977477.9,52346518.726
000922.CSI,20260415,5720.5908,5699.0274,5730.454,5680.9344,5700.236,20.3548,0.3571,46702355.62,53221639.036
000922.CSI,20260414,5700.236,5687.3523,5700.4724,5658.2804,5688.0892,12.1468,0.2135,41760604.95,47669879.34
000922.CSI,20260413,5688.0892,5699.7227,5704.8746,5658.4147,5692.53,-4.4408,-0.078,41490360.48,48374613.226
000922.CSI,20260410,5692.53,5694.2524,5718.1107,5674.6806,5680.3388,12.1912,0.2146,38830984.68,44860344.163
000922.CSI,20260409,5680.3388,5702.9625,5719.0366,5674.8581,5723.6461,-43.3073,-0.7566,42047227.42,47048182.456
000922.CSI,20260408,5723.6461,5656.7896,5724.754,5646.3317,5677.9813,45.6648,0.8042,65084972.61,73916856.35
000922.CSI,20260407,5677.9813,5654.9713,5682.2818,5630.9751,5649.4273,28.554,0.5054,46483759.15,48004495.458
000922.CSI,20260403,5649.4273,5746.1043,5746.2224,5638.3297,5744.6375,-95.2102,-1.6574,45174447.09,44474161.44
000922.CSI,20260402,5744.6375,5730.3983,5768.6512,5716.7846,5731.251,13.3865,0.2336,53932198.19,55087004.269
000922.CSI,20260401,5731.251,5746.8993,5768.633,5725.4017,5727.8494,3.4016,0.0594,60302556.2,63984420.633
000922.CSI,20260331,5727.8494,5790.4836,5830.6508,5727.8494,5795.5141,-67.6647,-1.1675,73299121.81,72407421.022
000922.CSI,20260330,5795.5141,5741.8503,5801.4618,5734.4138,5742.4535,53.0606,0.924,56944175.45,63672206.892
000922.CSI,20260327,5742.4535,5698.3496,5765.2622,5695.0557,5729.3351,13.1184,0.229,48285695.78,53829102.553
000922.CSI,20260326,5729.3351,5718.1864,5775.6612,5716.5998,5726.7812,2.5539,0.0446,54394211.82,60543183.717
000922.CSI,20260325,5726.7812,5693.9955,5731.5442,5644.3797,5712.7877,13.9935,0.245,63662249.19,70237526.634
000922.CSI,20260324,5712.7877,5642.7715,5712.7877,5618.9161,5626.1198,86.6679,1.5405,66155188.46,73170564.134
000922.CSI,20260323,5626.1198,5757.8848,5759.5112,5600.6288,5772.6458,-146.526,-2.5383,95690699.42,100840433.589
000922.CSI,20260320,5772.6458,5772.3239,5839.0165,5768.4948,5799.1901,-26.5443,-0.4577,63478355.89,69841331.96
000922.CSI,20260319,5799.1901,5836.4556,5860.2912,5785.1354,5833.4001,-34.21,-0.5865,70872013.52,80578658.66
000922.CSI,20260318,5833.4001,5864.5922,5869.5978,5780.8152,5868.4806,-35.0805,-0.5978,62665743.77,64857789.046
000922.CSI,20260317,5868.4806,5899.9067,5946.225,5867.8395,5912.3653,-43.8847,-0.7423,65570255.03,73554010.905
000922.CSI,20260316,5912.3653,5962.7325,5978.1884,5894.519,5954.4609,-42.0956,-0.707,63245311.79,74781662.166
000922.CSI,20260313,5954.4609,5977.9148,6023.0952,5940.628,5976.5321,-22.0712,-0.3693,75103245.59,83724991.732
000922.CSI,20260312,5976.5321,5930.4674,6003.8444,5893.5378,5905.1798,71.3523,1.2083,75699866.39,84666831.06
000922.CSI,20260311,5905.1798,5811.0902,5911.6779,5787.7461,5820.4882,84.6916,1.4551,69619267.95,74518094.031
000922.CSI,20260310,5820.4882,5794.586,5836.8098,5794.586,5864.5076,-44.0194,-0.7506,69982659.77,75617831.84
000922.CSI,20260309,5864.5076,5929.213,5947.3687,5860.5887,5860.5058,4.0018,0.0683,99236205.41,118144758.361
000922.CSI,20260306,5860.5058,5817.0996,5870.9443,5791.6508,5849.5206,10.9852,0.1878,62427308.2,70415400.935
000922.CSI,20260305,5849.5206,5850.8935,5880.3033,5800.9694,5856.1523,-6.6317,-0.1132,76293781.79,86990839.307
000922.CSI,20260304,5856.1523,5905.632,5905.632,5809.9565,5952.0941,-95.9418,-1.6119,114247001.39,126274897.85
000922.CSI,20260303,5952.0941,5918.2662,6015.8822,5882.5218,5905.2525,46.8416,0.7932,134005952.57,150923050.102
000922.CSI,20260302,5905.2525,5866.5045,5909.3184,5809.2898,5826.709,78.5435,1.348,99491310.56,111700391.573
000922.CSI,20260227,5826.709,5760.6575,5832.7656,5759.6591,5768.9179,57.7911,1.0018,49464290.16,58199663.874
000922.CSI,20260226,5768.9179,5790.8157,5807.5321,5743.2814,5785.569,-16.6511,-0.2878,50176926.2,63966509.913
000922.CSI,20260225,5785.569,5758.5957,5849.2099,5758.5957,5754.4118,31.1572,0.5414,68169865.89,74798599.63
000922.CSI,20260224,5754.4118,5721.5824,5765.257,5712.5192,5668.2221,86.1897,1.5206,52939868.3,61404305.534
000922.CSI,20260213,5668.2221,5733.6715,5734.6093,5663.4286,5751.6415,-83.4194,-1.4504,50452321.47,54359936.0
000922.CSI,20260212,5751.6415,5771.048,5782.3027,5737.5089,5770.1328,-18.4913,-0.3205,53603936.89,55848772.503
000922.CSI,20260211,5770.1328,5723.1855,5781.6913,5703.7401,5730.0051,40.1277,0.7003,45699640.09,49711168.907
000922.CSI,20260210,5730.0051,5709.7916,5736.484,5681.6676,5709.0636,20.9415,0.3668,47639435.34,47533612.121
000922.CSI,20260209,5709.0636,5691.7268,5715.8792,5675.4181,5671.1173,37.9463,0.6691,48782469.79,52868432.537
000922.CSI,20260206,5671.1173,5646.6151,5708.0773,5632.4642,5686.5133,-15.396,-0.2707,58707646.03,61096697.189
000922.CSI,20260205,5686.5133,5687.0306,5703.7219,5643.7716,5712.025,-25.5117,-0.4466,70278741.68,74160615.187
000922.CSI,20260204,5712.025,5578.0473,5717.8688,5577.3282,5563.8039,148.2211,2.664,74423770.14,79019103.966
000922.CSI,20260203,5563.8039,5554.1841,5571.1733,5503.0345,5521.8717,41.9322,0.7594,66804657.89,70248598.283
000922.CSI,20260202,5521.8717,5639.2594,5657.9758,5519.4482,5700.0072,-178.1355,-3.1252,89033176.78,96517733.34
000922.CSI,20260130,5700.0072,5733.1998,5780.8382,5646.0599,5757.6384,-57.6312,-1.001,86836325.59,98324576.644
000922.CSI,20260129,5757.6384,5699.9454,5759.201,5675.6999,5687.3191,70.3193,1.2364,108082054.86,125646738.482
000922.CSI,20260128,5687.3191,5603.0269,5714.0931,5583.3698,5599.9241,87.395,1.5606,102947825.99,116860214.043
000922.CSI,20260127,5599.9241,5637.619,5662.0015,5596.6007,5648.09,-48.1659,-0.8528,74435364.74,85176073.602
000922.CSI,20260126,5648.09,5616.0386,5662.1007,5598.4855,5611.477,36.613,0.6525,86599353.45,102567721.242
000922.CSI,20260123,5611.477,5622.4408,5629.835,5595.2124,5618.1484,-6.6714,-0.1187,65804130.48,77283449.666
000922.CSI,20260122,5618.1484,5580.924,5629.6807,5576.8232,5577.5405,40.6079,0.7281,67185427.39,76476369.802
000922.CSI,20260121,5577.5405,5599.0907,5605.8674,5568.4076,5611.8413,-34.3008,-0.6112,66829548.21,72251410.95
000922.CSI,20260120,5611.8413,5542.3244,5612.6447,5534.8932,5538.8923,72.949,1.317,67364127.41,72017983.443
000922.CSI,20260119,5538.8923,5483.2196,5540.3346,5481.6433,5493.3899,45.5024,0.8283,56902844.64,61018189.806
000922.CSI,20260116,5493.3899,5552.3645,5562.3469,5480.3234,5541.7041,-48.3142,-0.8718,67567854.52,75260100.015
000922.CSI,20260115,5541.7041,5537.6384,5577.98,5531.6444,5552.3081,-10.604,-0.191,58157151.29,64676267.057
000922.CSI,20260114,5552.3081,5593.3041,5615.695,5532.7433,5591.9684,-39.6603,-0.7092,85508422.53,91233674.185
000922.CSI,20260113,5591.9684,5612.9808,5634.7385,5580.8206,5611.1655,-19.1971,-0.3421,66243924.45,75805931.254
000922.CSI,20260112,5611.1655,5587.0551,5612.522,5575.7945,5592.677,18.4885,0.3306,64717073.98,76091153.988
000922.CSI,20260109,5592.677,5570.6575,5593.5652,5564.1955,5574.5975,18.0795,0.3243,58609144.69,70899038.092
000922.CSI,20260108,5574.5975,5593.5441,5593.8065,5559.8604,5592.9103,-18.3128,-0.3274,55253970.22,68597405.4
000922.CSI,20260107,5592.9103,5601.0126,5607.3506,5563.0246,5591.0408,1.8695,0.0334,64773503.49,73069027.152
000922.CSI,20260106,5591.0408,5530.8632,5591.0408,5519.9249,5525.1164,65.9244,1.1932,66841154.83,76465434.096
000922.CSI,20260105,5525.1164,5518.8819,5531.876,5495.7407,5503.9812,21.1352,0.384,60121589.92,70124192.091
000922.CSI,20251231,5503.9812,5505.0957,5524.7429,5491.7858,5499.2122,4.769,0.0867,42696849.02,46338308.47
000922.CSI,20251230,5499.2122,5486.1531,5514.1045,5473.4921,5501.7422,-2.53,-0.046,48879685.3,56062576.635
000922.CSI,20251229,5501.7422,5516.3988,5531.1507,5497.8989,5513.7509,-12.0087,-0.2178,52403971.56,57864759.342
000922.CSI,20251226,5513.7509,5484.433,5519.316,5482.8537,5486.4444,27.3065,0.4977,38837507.27,44960681.576
000922.CSI,20251225,5486.4444,5474.2662,5490.9456,5466.143,5472.2364,14.208,0.2596,36663366.14,40900187.076
000922.CSI,20251224,5472.2364,5460.0915,5477.0696,5440.7781,5459.1338,13.1026,0.24,39703346.89,42045986.118
000922.CSI,20251223,5459.1338,5458.9119,5478.342,5449.3753,5458.2256,0.9082,0.0166,41510628.78,44804208.429
000922.CSI,20251222,5458.2256,5485.5015,5487.7828,5456.0501,5483.3469,-25.1213,-0.4581,41275260.12,45066435.766
000922.CSI,20251219,5483.3469,5467.5901,5498.0489,5447.4835,5473.7057,9.6412,0.1761,43256980.16,46574582.151
000922.CSI,20251218,5473.7057,5429.6429,5482.1749,5428.0741,5429.6808,44.0249,0.8108,43948299.66,45283926.734
000922.CSI,20251217,5429.6808,5410.9509,5449.8146,5394.67,5414.3168,15.364,0.2838,44568881.68,48922547.664
000922.CSI,20251216,5414.3168,5450.5058,5460.6977,5407.6079,5457.0324,-42.7156,-0.7828,46387147.04,49466442.819
000922.CSI,20251215,5457.0324,5408.6535,5480.9534,5407.5564,5426.7244,30.308,0.5585,51062387.5,55638112.823
000922.CSI,20251212,5426.7244,5439.7201,5439.9469,5408.855,5435.6228,-8.8984,-0.1637,75652576.11,70549871.109
000922.CSI,20251211,5435.6228,5481.0536,5481.0536,5426.7022,5481.5776,-45.9548,-0.8383,49121008.53,44894523.899
000922.CSI,20251210,5481.5776,5475.7106,5490.545,5459.027,5476.8405,4.7371,0.0865,51458877.56,44376623.361
000922.CSI,20251209,5476.8405,5522.8079,5522.8079,5474.6043,5527.4237,-50.5832,-0.9151,47702473.65,42410728.734
000922.CSI,20251208,5527.4237,5557.2585,5557.5225,5511.0812,5557.9653,-30.5416,-0.5495,48166975.84,46487299.169
000922.CSI,20251205,5557.9653,5549.3098,5562.6343,5520.5748,5552.9572,5.0081,0.0902,46698577.08,45839835.134
000922.CSI,20251204,5552.9572,5578.0916,5585.0428,5545.7944,5573.9,-20.9428,-0.3757,39475843.88,33737946.411
000922.CSI,20251203,5573.9,5582.0137,5610.6022,5562.2962,5584.8627,-10.9627,-0.1963,46608767.83,39371291.333
000922.CSI,20251202,5584.8627,5586.8031,5589.0541,5565.8482,5591.822,-6.9593,-0.1245,44719471.33,39135767.12
000922.CSI,20251201,5591.822,5560.0468,5592.7115,5555.9107,5545.8415,45.9805,0.8291,57115464.07,50522384.689
000922.CSI,20251128,5545.8415,5536.8185,5550.5782,5516.7652,5539.999,5.8425,0.1055,45638473.79,38028752.501
000922.CSI,20251127,5539.999,5532.3613,5559.4791,5509.495,5530.7929,9.2061,0.1665,44393794.63,39121753.425
000922.CSI,20251126,5530.7929,5555.0049,5573.7051,5528.6425,5554.2173,-23.4244,-0.4217,48431004.82,40974522.135
000922.CSI,20251125,5554.2173,5542.3936,5567.2469,5521.746,5527.1668,27.0505,0.4894,51448091.84,44253962.788
000922.CSI,20251124,5527.1668,5567.3102,5581.1066,5527.1668,5554.5184,-27.3516,-0.4924,62124930.55,52814408.042
000922.CSI,20251121,5554.5184,5641.6957,5654.4188,5552.2539,5656.0404,-101.522,-1.7949,72267586.67,61978690.014
000922.CSI,20251120,5656.0404,5669.8093,5708.3587,5651.6706,5668.6614,-12.621,-0.2226,71518795.05,56576297.232
000922.CSI,20251119,5668.6614,5661.6065,5684.0375,5647.1779,5659.7759,8.8855,0.157,55414027.64,46914943.466
000922.CSI,20251118,5659.7759,5730.9756,5732.2772,5643.586,5739.3217,-79.5458,-1.386,51170822.06,43743930.109
000922.CSI,20251117,5739.3217,5763.713,5767.4226,5717.685,5767.5602,-28.2385,-0.4896,59207696.65,51093630.409
000922.CSI,20251114,5767.5602,5792.92,5828.7321,5767.5602,5801.9877,-34.4275,-0.5934,56480161.88,51330385.983
000922.CSI,20251113,5801.9877,5785.1343,5808.1434,5762.5663,5786.4201,15.5676,0.269,56901102.25,53292671.434
000922.CSI,20251112,5786.4201,5783.8921,5817.0196,5775.287,5782.5897,3.8304,0.0662,63133237.79,61078213.604
000922.CSI,20251111,5782.5897,5788.3869,5791.4281,5748.3018,5795.3924,-12.8027,-0.2209,46493425.53,44506966.54
000922.CSI,20251110,5795.3924,5759.9625,5795.9985,5739.9204,5752.944,42.4484,0.7379,55085030.15,51991979.358
000922.CSI,20251107,5752.944,5742.5977,5776.3441,5741.5213,5745.9004,7.0436,0.1226,52094888.46,47169701.972
000922.CSI,20251106,5745.9004,5717.3857,5749.8228,5697.2062,5723.3919,22.5085,0.3933,56073214.52,52077545.044
000922.CSI,20251105,5723.3919,5679.8945,5737.8887,5670.5346,5699.4485,23.9434,0.4201,57356672.81,51755694.352
000922.CSI,20251104,5699.4485,5675.589,5725.8265,5670.3712,5678.4308,21.0177,0.3701,70987546.51,62521212.469
000922.CSI,20251103,5678.4308,5636.5032,5681.1139,5636.3544,5627.6697,50.7611,0.902,69319904.87,61456130.403
000922.CSI,20251031,5627.6697,5631.905,5648.9116,5616.6349,5630.5531,-2.8834,-0.0512,76917750.44,65453492.672
000922.CSI,20251030,5630.5531,5648.9135,5681.1374,5626.8338,5653.7533,-23.2002,-0.4104,64845455.39,59473176.652
000922.CSI,20251029,5653.7533,5657.7295,5658.5278,5609.0129,5651.6502,2.1031,0.0372,64683743.16,60427995.104
000922.CSI,20251028,5651.6502,5676.3244,5682.1628,5640.2559,5681.4978,-29.8476,-0.5253,61309705.36,53736173.923
000922.CSI,20251027,5681.4978,5654.9993,5700.7589,5630.9162,5655.0767,26.4211,0.4672,74656772.56,66594479.832
000922.CSI,20251024,5655.0767,5668.6841,5675.5361,5637.8856,5691.9018,-36.8251,-0.647,70645688.14,60716565.15
000922.CSI,20251023,5691.9018,5644.6362,5697.7265,5644.1856,5645.9038,45.998,0.8147,78264141.7,64664988.826
000922.CSI,20251022,5645.9038,5624.8277,5653.9187,5624.362,5640.3589,5.5449,0.0983,60705999.7,51569323.804
000922.CSI,20251021,5640.3589,5631.0634,5649.6045,5607.7258,5637.9361,2.4228,0.043,63932096.67,58328618.573
000922.CSI,20251020,5637.9361,5609.0776,5641.6341,5560.7742,5596.3198,41.6163,0.7436,70176288.29,61842946.552
000922.CSI,20251017,5596.3198,5634.6891,5668.5137,5588.7867,5639.6007,-43.2809,-0.7674,70810250.05,64499492.879
000922.CSI,20251016,5639.6007,5608.3587,5648.6312,5605.5321,5620.1955,19.4052,0.3453,75575324.68,67493808.824
000922.CSI,20251015,5620.1955,5598.4907,5623.5061,5576.381,5596.2901,23.9054,0.4272,68881251.97,63636049.316
000922.CSI,20251014,5596.2901,5543.2521,5612.9649,5532.1685,5534.3194,61.9707,1.1198,95625817.27,86148493.314
000922.CSI,20251013,5534.3194,5452.6212,5543.0417,5452.6212,5559.0517,-24.7323,-0.4449,79904910.16,68810384.872
000922.CSI,20251010,5559.0517,5486.6082,5565.1611,5482.7684,5502.3826,56.6691,1.0299,81651047.58,68423354.473
000922.CSI,20251009,5502.3826,5465.3814,5502.7329,5435.5638,5461.0845,41.2981,0.7562,71887707.21,63798001.311
000922.CSI,20250930,5461.0845,5471.9269,5472.0954,5446.0573,5474.3919,-13.3074,-0.2431,54778131.87,49439533.597
000922.CSI,20250929,5474.3919,5448.8739,5493.9288,5413.9141,5455.0131,19.3788,0.3552,65952376.06,59545130.873
000922.CSI,20250926,5455.0131,5433.8281,5469.0138,5419.4582,5440.5069,14.5062,0.2666,50605531.86,47065311.779
000922.CSI,20250925,5440.5069,5465.2086,5465.2086,5421.5528,5467.0362,-26.5293,-0.4853,52132248.32,47042338.564
000922.CSI,20250924,5467.0362,5437.9746,5471.9636,5432.2629,5454.0584,12.9778,0.2379,57649486.21,49915655.26
000922.CSI,20250923,5454.0584,5423.6447,5457.1288,5400.7104,5434.0415,20.0169,0.3684,75248468.14,63930998.663
000922.CSI,20250922,5434.0415,5464.7108,5464.7621,5418.1855,5468.7315,-34.69,-0.6343,50529631.31,45460462.192
000922.CSI,20250919,5468.7315,5422.1009,5474.2292,5415.2539,5424.126,44.6055,0.8224,65348419.48,56153830.827
000922.CSI,20250918,5424.126,5521.5233,5522.5122,5400.6676,5522.2891,-98.1631,-1.7776,76892460.36,69865308.58
000922.CSI,20250917,5522.2891,5496.7698,5530.736,5487.5888,5508.9665,13.3226,0.2418,61932563.81,56757813.366
000922.CSI,20250916,5508.9665,5524.1905,5542.1315,5490.3573,5511.138,-2.1715,-0.0394,74080875.33,62308474.657
000922.CSI,20250915,5511.138,5525.5732,5528.1394,5496.8125,5529.9497,-18.8117,-0.3402,64564435.71,56176244.642
000922.CSI,20250912,5529.9497,5556.2841,5565.6523,5524.2839,5559.8135,-29.8638,-0.5371,65936144.42,60777564.132
000922.CSI,20250911,5559.8135,5533.0365,5560.1906,5505.0453,5537.7853,22.0282,0.3978,60070605.11,53990001.478
000922.CSI,20250910,5537.7853,5555.3703,5555.3703,5522.5857,5565.0272,-27.2419,-0.4895,51317155.65,45083202.676
000922.CSI,20250909,5565.0272,5548.044,5575.0667,5541.8143,5552.5865,12.4407,0.2241,55652772.6,51851994.155
000922.CSI,20250908,5552.5865,5503.2537,5558.0454,5495.6945,5510.0368,42.5497,0.7722,64991044.44,58353437.521
000922.CSI,20250905,5510.0368,5491.4157,5513.5572,5460.0149,5493.0759,16.9609,0.3088,60039339.95,54530685.505
000922.CSI,20250904,5493.0759,5484.4447,5496.9976,5438.4597,5495.4712,-2.3953,-0.0436,84192302.03,74670561.005
000922.CSI,20250903,5495.4712,5553.829,5555.9003,5479.7622,5542.1747,-46.7035,-0.8427,59211713.35,56792703.892
000922.CSI,20250902,5542.1747,5524.6185,5544.3667,5487.1884,5524.751,17.4237,0.3154,79618760.2,71955535.069
000922.CSI,20250901,5524.751,5543.4714,5558.6961,5504.8328,5538.0382,-13.2872,-0.2399,90750484.39,83989760.46
000922.CSI,20250829,5538.0382,5538.0354,5593.064,5532.0106,5544.1885,-6.1503,-0.1109,93920438.89,92197299.868
000922.CSI,20250828,5544.1885,5535.1761,5552.2644,5472.1411,5532.4293,11.7592,0.2126,67570717.38,65373429.924
000922.CSI,20250827,5532.4293,5631.6441,5633.0329,5532.4293,5634.0366,-101.6073,-1.8035,76078709.5,72461238.505
000922.CSI,20250826,5634.0366,5636.5578,5649.8239,5614.7415,5640.4806,-6.444,-0.1142,56833981.99,52618060.794
000922.CSI,20250825,5640.4806,5602.9527,5640.4806,5593.3943,5599.4007,41.0799,0.7336,70359565.83,66446763.616
000922.CSI,20250822,5599.4007,5606.2748,5606.2748,5555.6902,5609.1951,-9.7944,-0.1746,57709321.41,55422435.333
000922.CSI,20250821,5609.1951,5580.1141,5617.9587,5572.6948,5579.2691,29.926,0.5364,56721350.54,53392226.081
000922.CSI,20250820,5579.2691,5533.4116,5581.1808,5518.4622,5537.4535,41.8156,0.7551,55282344.25,51858019.904
000922.CSI,20250819,5537.4535,5544.0682,5553.5903,5525.0762,5542.7569,-5.3034,-0.0957,53244899.42,52905858.161
000922.CSI,20250818,5542.7569,5568.5238,5568.5238,5531.8073,5553.4158,-10.6589,-0.1919,64659159.84,63976976.342
000922.CSI,20250815,5553.4158,5536.2658,5558.9136,5518.7228,5540.1311,13.2847,0.2398,72133304.18,62679815.694
000922.CSI,20250814,5540.1311,5592.1049,5605.0148,5540.1311,5593.7015,-53.5704,-0.9577,49985035.23,48292954.895
000922.CSI,20250813,5593.7015,5627.8687,5628.259,5588.3496,5623.0435,-29.342,-0.5218,56225894.59,51600174.555
000922.CSI,20250812,5623.0435,5597.2207,5639.9927,5597.2207,5591.6955,31.348,0.5606,47439654.11,43902488.19
000922.CSI,20250811,5591.6955,5622.1641,5627.5596,5582.6506,5615.6102,-23.9147,-0.4259,49206015.63,44047723.566
000922.CSI,20250808,5615.6102,5611.2953,5630.5607,5604.9196,5612.6762,2.934,0.0523,41068297.75,38090531.254
000922.CSI,20250807,5612.6762,5600.899,5618.4886,5576.1198,5603.2021,9.4741,0.1691,46296658.19,43150510.748
000922.CSI,20250806,5603.2021,5567.4043,5606.3963,5561.4362,5567.8825,35.3196,0.6343,47405811.08,44278247.05
000922.CSI,20250805,5567.8825,5510.5194,5567.8825,5509.3405,5510.342,57.5405,1.0442,51079942.36,45216794.385
000922.CSI,20250804,5510.342,5462.637,5511.786,5462.3198,5484.5934,25.7486,0.4695,50304413.92,43160488.237
000922.CSI,20250801,5484.5934,5483.5435,5510.2261,5472.7712,5484.7119,-0.1185,-0.0022,55072356.31,47528499.861
000922.CSI,20250731,5484.7119,5563.8899,5564.5213,5470.3625,5581.4768,-96.7649,-1.7337,66349101.22,60812044.117
000922.CSI,20250730,5581.4768,5571.6923,5626.1505,5562.1319,5570.4572,11.0196,0.1978,60368839.37,56919820.71
000922.CSI,20250729,5570.4572,5574.0262,5577.2991,5536.0807,5572.5303,-2.0731,-0.0372,54185311.26,50513742.396
000922.CSI,20250728,5572.5303,5605.17,5614.0118,5566.8427,5633.8343,-61.304,-1.0881,57478990.83,57602048.359
000922.CSI,20250725,5633.8343,5665.5751,5688.3042,5627.5972,5670.7501,-36.9158,-0.651,60681204.9,58061630.906
000922.CSI,20250724,5670.7501,5641.0753,5672.4319,5612.2213,5647.0878,23.6623,0.419,73035016.92,69346032.842
000922.CSI,20250723,5647.0878,5702.0349,5702.0349,5642.2869,5667.6115,-20.5237,-0.3621,83102660.39,80050932.896
000922.CSI,20250722,5667.6115,5585.1569,5667.7085,5545.2625,5575.8675,91.744,1.6454,90456107.9,86648322.012
000922.CSI,20250721,5575.8675,5526.7557,5579.1618,5526.7557,5506.7441,69.1234,1.2552,60060600.01,56499124.773
000922.CSI,20250718,5506.7441,5493.1346,5511.6871,5491.7725,5487.8946,18.8495,0.3435,42853129.72,38072895.308
000922.CSI,20250717,5487.8946,5491.0829,5506.4586,5474.8614,5492.5995,-4.7049,-0.0857,41594782.18,35810661.18
000922.CSI,20250716,5492.5995,5510.5415,5518.0409,5468.1127,5516.3349,-23.7354,-0.4303,45982240.82,41014809.372
000922.CSI,20250715,5516.3349,5574.1527,5582.4515,5501.2487,5581.2078,-64.8729,-1.1623,49975567.02,45305588.04
000922.CSI,20250714,5581.2078,5553.5692,5602.9699,5553.5242,5553.971,27.2368,0.4904,59465716.84,53539950.666
000922.CSI,20250711,5553.971,5594.6724,5613.201,5553.971,5594.9169,-40.9459,-0.7318,82582344.44,74580686.252
000922.CSI,20250710,5594.9169,5552.5057,5611.9582,5552.5057,5560.319,34.5979,0.6222,65834453.8,57974331.063
000922.CSI,20250709,5560.319,5551.6343,5576.5641,5551.6343,5542.3522,17.9668,0.3242,47958141.05,43396779.374
000922.CSI,20250708,5542.3522,5543.2558,5555.6235,5518.4263,5545.0804,-2.7282,-0.0492,42040451.27,37892590.922
000922.CSI,20250707,5545.0804,5518.1308,5545.7904,5500.6954,5520.9383,24.1421,0.4373,41118391.66,36510545.466
000922.CSI,20250704,5520.9383,5490.9875,5544.4865,5489.9755,5493.1321,27.8062,0.5062,53084584.71,47048881.674
000922.CSI,20250703,5493.1321,5490.423,5499.985,5467.6686,5493.4691,-0.337,-0.0061,43135023.32,37701660.955
000922.CSI,20250702,5493.4691,5456.7522,5495.3432,5455.5953,5454.3266,39.1425,0.7176,48537506.13,43969040.021
000922.CSI,20250701,5454.3266,5414.6888,5456.4391,5409.3951,5410.2588,44.0678,0.8145,43518836.29,38792767.182
000922.CSI,20250630,5410.2588,5405.7126,5417.1276,5389.5134,5416.1974,-5.9386,-0.1096,46094511.57,41972512.239
000922.CSI,20250627,5416.1974,5452.6007,5474.834,5406.5471,5444.7023,-28.5049,-0.5235,69881829.14,60928729.439
000922.CSI,20250626,5444.7023,5436.3322,5454.8328,5423.3214,5443.2012,1.5011,0.0276,47259621.48,42671581.589
000922.CSI,20250625,5443.2012,5413.743,5447.3674,5390.4105,5424.751,18.4502,0.3401,52533294.97,49369695.012
000922.CSI,20250624,5424.751,5398.2891,5430.4898,5390.7839,5407.4346,17.3164,0.3202,56718232.99,53144949.636
000922.CSI,20250623,5407.4346,5383.4702,5418.6827,5353.6751,5393.71,13.7246,0.2545,53233098.01,47604981.408
000922.CSI,20250620,5393.71,5374.6981,5403.9094,5371.5144,5384.7423,8.9677,0.1665,45427126.09,41537451.769
000922.CSI,20250619,5384.7423,5412.1422,5414.4116,5368.786,5419.9498,-35.2075,-0.6496,43960261.09,37892303.192
000922.CSI,20250618,5419.9498,5422.2872,5424.5109,5388.75,5426.0202,-6.0704,-0.1119,44575139.85,37804254.062
000922.CSI,20250617,5426.0202,5426.056,5433.5127,5413.7432,5428.601,-2.5808,-0.0475,40066364.31,35760942.77
000922.CSI,20250616,5428.601,5413.0058,5430.3867,5402.199,5416.3064,12.2946,0.227,51005729.11,43341696.724
000922.CSI,20250613,5416.3064,5451.6575,5454.8886,5409.6341,5471.5999,-55.2935,-1.0106,64661952.92,57012789.902
000922.CSI,20250612,5471.5999,5468.0591,5476.3011,5453.2327,5471.4803,0.1196,0.0022,41204344.55,38106286.858
000922.CSI,20250611,5471.4803,5451.5222,5479.5046,5451.3633,5454.5726,16.9077,0.31,40951305.78,37176180.659
000922.CSI,20250610,5454.5726,5456.1645,5483.7689,5426.7765,5458.8793,-4.3067,-0.0789,50272913.11,43303886.843
000922.CSI,20250609,5458.8793,5447.8263,5462.0101,5427.8628,5448.3034,10.5759,0.1941,42554251.28,36429243.432
000922.CSI,20250606,5448.3034,5456.0605,5471.6899,5444.2689,5449.4941,-1.1907,-0.0218,35889512.5,31717537.024
000922.CSI,20250605,5449.4941,5479.8874,5491.7459,5439.5832,5480.8722,-31.3781,-0.5725,38893470.85,34999656.303
000922.CSI,20250604,5480.8722,5462.1541,5482.4065,5450.4648,5465.689,15.1832,0.2778,38684151.57,35462229.049
000922.CSI,20250603,5465.689,5440.692,5475.4672,5416.564,5445.7952,19.8938,0.3653,54155592.11,49947982.564
000922.CSI,20250530,5445.7952,5437.2744,5459.0318,5432.678,5440.6604,5.1348,0.0944,43210888.33,37370070.41
000922.CSI,20250529,5440.6604,5430.0941,5448.0891,5418.8441,5431.0191,9.6413,0.1775,35017850.26,31809581.07
000922.CSI,20250528,5431.0191,5412.3894,5436.3576,5400.2526,5413.7524,17.2667,0.3189,33334316.96,29739732.22
000922.CSI,20250527,5413.7524,5432.1896,5439.6964,5396.0886,5427.8603,-14.1079,-0.2599,35274705.1,30422977.782
000922.CSI,20250526,5427.8603,5456.5892,5466.3511,5419.8403,5464.7734,-36.9131,-0.6755,37514242.6,33489358.162
000922.CSI,20250523,5464.7734,5518.1466,5542.1657,5464.7734,5519.0537,-54.2803,-0.9835,39601955.28,35794091.534
000922.CSI,20250522,5519.0537,5523.4844,5529.4611,5506.3775,5528.7956,-9.7419,-0.1762,36162301.31,32052051.604
000922.CSI,20250521,5528.7956,5489.0652,5538.4162,5489.0652,5486.8581,41.9375,0.7643,36668658.49,34710566.021
000922.CSI,20250520,5486.8581,5478.4103,5498.5534,5469.6964,5470.9617,15.8964,0.2906,32629251.02,31487487.74
000922.CSI,20250519,5470.9617,5457.6515,5479.2434,5453.4741,5456.4608,14.5009,0.2658,35137675.8,31671853.336
000922.CSI,20250516,5456.4608,5479.8573,5488.044,5434.6028,5486.9433,-30.4825,-0.5555,41914509.5,37633938.895
000922.CSI,20250515,5486.9433,5503.3168,5520.3687,5486.8143,5509.5627,-22.6194,-0.4105,42170044.5,40444194.389
000922.CSI,20250514,5509.5627,5476.601,5510.8445,5454.018,5478.6417,30.921,0.5644,50125566.56,51680252.731
000922.CSI,20250513,5478.6417,5464.6692,5479.9077,5442.396,5440.6068,38.0349,0.6991,47611912.69,43001140.945
000922.CSI,20250512,5440.6068,5433.3876,5443.3583,5414.4957,5421.8433,18.7635,0.3461,42391340.01,39623527.021
000922.CSI,20250509,5421.8433,5402.7229,5428.6682,5400.6477,5394.128,27.7153,0.5138,41268042.11,36630184.363
000922.CSI,20250508,5394.128,5375.7013,5400.4972,5363.0754,5391.5036,2.6244,0.0487,40768056.7,36568847.205
000922.CSI,20250507,5391.5036,5393.0143,5402.9711,5370.3825,5355.2618,36.2418,0.6768,50595871.45,42500914.472
000922.CSI,20250506,5355.2618,5360.2434,5361.2427,5325.2038,5341.7697,13.4921,0.2526,49990884.65,42640206.442
000922.CSI,20250430,5341.7697,5369.7129,5370.9939,5339.4635,5377.2308,-35.4611,-0.6595,59150888.12,48553220.144
000922.CSI,20250429,5377.2308,5372.0424,5400.1216,5364.174,5391.3773,-14.1465,-0.2624,38258487.07,33417687.761
000922.CSI,20250428,5391.3773,5389.6695,5403.6377,5372.571,5392.2779,-0.9006,-0.0167,44272067.55,40773491.725
000922.CSI,20250425,5392.2779,5396.3278,5408.6976,5382.83,5400.7061,-8.4282,-0.1561,38297896.83,32506501.552
000922.CSI,20250424,5400.7061,5376.3054,5414.7507,5375.123,5371.8464,28.8597,0.5372,37905034.3,32412767.652
000922.CSI,20250423,5371.8464,5403.8889,5408.8549,5371.8464,5395.8835,-24.0371,-0.4455,35022877.92,29877150.204
000922.CSI,20250422,5395.8835,5372.1354,5409.6837,5372.1354,5375.0356,20.8479,0.3879,39158058.96,32068964.076
000922.CSI,20250421,5375.0356,5375.5577,5412.8414,5368.9568,5382.3435,-7.3079,-0.1358,40195583.15,33214820.558
000922.CSI,20250418,5382.3435,5372.3919,5389.3858,5361.8805,5380.304,2.0395,0.0379,34107513.14,29394986.828
000922.CSI,20250417,5380.304,5371.0542,5389.097,5354.302,5391.4484,-11.1444,-0.2067,37199309.22,31387245.341
000922.CSI,20250416,5391.4484,5360.4464,5391.4484,5338.5974,5367.0496,24.3988,0.4546,52072272.39,43810835.845
000922.CSI,20250415,5367.0496,5341.2488,5369.2224,5327.0232,5341.428,25.6216,0.4797,46649089.05,39400480.65
000922.CSI,20250414,5341.428,5310.2895,5344.529,5300.5499,5294.0132,47.4148,0.8956,47391528.67,41833561.982
000922.CSI,20250411,5294.0132,5306.7981,5317.1795,5280.5406,5317.9582,-23.945,-0.4503,44284049.22,37520612.112
000922.CSI,20250410,5317.9582,5308.4377,5338.5439,5272.829,5268.1457,49.8125,0.9455,56878335.51,50335717.261
000922.CSI,20250409,5268.1457,5217.3988,5271.0846,5137.4244,5252.4983,15.6474,0.2979,70711825.85,60771913.725
000922.CSI,20250408,5252.4983,5131.3026,5253.1059,5131.3026,5121.6285,130.8698,2.5552,85288461.41,73797841.262
000922.CSI,20250407,5121.6285,5297.8652,5334.6581,5040.6433,5487.7522,-366.1237,-6.6717,105395591.74,89772009.861
000922.CSI,20250403,5487.7522,5443.9024,5496.1423,5443.8159,5480.3406,7.4116,0.1352,41907238.21,36427946.04
000922.CSI,20250402,5480.3406,5454.1458,5493.0465,5454.1458,5460.5135,19.8271,0.3631,41002928.89,33804071.289
000922.CSI,20250401,5460.5135,5418.2257,5463.6536,5413.4915,5407.9902,52.5233,0.9712,49349990.52,40187566.975
000922.CSI,20250331,5407.9902,5425.4479,5457.715,5395.1671,5436.4717,-28.4815,-0.5239,58349163.99,47056340.121
000922.CSI,20250328,5436.4717,5472.5902,5474.569,5425.9138,5476.233,-39.7613,-0.7261,40990661.26,33891077.956
000922.CSI,20250327,5476.233,5476.7451,5491.4585,5460.8813,5481.3787,-5.1457,-0.0939,36985458.26,32836197.666
000922.CSI,20250326,5481.3787,5482.2548,5490.1151,5461.4643,5489.0255,-7.6468,-0.1393,40574235.37,36446118.859
000922.CSI,20250325,5489.0255,5452.26,5489.9317,5450.5972,5454.4541,34.5714,0.6338,44322096.26,40491128.524
000922.CSI,20250324,5454.4541,5432.0549,5458.1323,5415.6991,5424.09,30.3641,0.5598,49395142.11,45876713.512
000922.CSI,20250321,5424.09,5440.1362,5476.5491,5402.6813,5447.2799,-23.1899,-0.4257,48709878.11,46001306.909
000922.CSI,20250320,5447.2799,5461.6738,5477.0786,5441.6773,5462.3245,-15.0446,-0.2754,39744937.63,39791813.432
000922.CSI,20250319,5462.3245,5449.7235,5467.7011,5431.4503,5454.0976,8.2269,0.1508,39800378.97,36634076.512
000922.CSI,20250318,5454.0976,5470.3562,5471.8903,5436.1876,5463.4737,-9.3761,-0.1716,35803548.29,35223881.421
000922.CSI,20250317,5463.4737,5452.3389,5474.3292,5440.8554,5443.3782,20.0955,0.3692,47778239.22,44272899.491
000922.CSI,20250314,5443.3782,5401.6954,5447.9342,5399.813,5402.2814,41.0968,0.7607,63240821.44,59859556.14
000922.CSI,20250313,5402.2814,5363.9989,5404.6928,5362.5317,5364.7665,37.5149,0.6993,49620201.06,47747017.544
000922.CSI,20250312,5364.7665,5390.5004,5390.5271,5363.2889,5386.4321,-21.6656,-0.4022,40244199.29,37391504.857
000922.CSI,20250311,5386.4321,5325.113,5386.4321,5322.3011,5352.3357,34.0964,0.637,41345048.27,39571495.266
000922.CSI,20250310,5352.3357,5339.5861,5355.3713,5327.6068,5336.689,15.6467,0.2932,45344196.38,40387394.488
000922.CSI,20250307,5336.689,5322.2716,5353.9119,5319.3457,5329.4738,7.2152,0.1354,46197588.54,41663973.959
000922.CSI,20250306,5329.4738,5340.7854,5341.5431,5306.469,5330.7352,-1.2614,-0.0237,52388087.51,46537743.909
000922.CSI,20250305,5330.7352,5307.2955,5331.8589,5290.8026,5305.5876,25.1476,0.474,53950347.14,45734789.297
000922.CSI,20250304,5305.5876,5291.7812,5318.2724,5278.457,5305.0725,0.5151,0.0097,42922650.42,38821399.582
000922.CSI,20250303,5305.0725,5316.4961,5336.2377,5294.1218,5311.6501,-6.5776,-0.1238,51090445.43,43061468.921
000922.CSI,20250228,5311.6501,5354.3527,5367.9732,5309.5798,5350.6692,-39.0191,-0.7292,56281918.19,50517380.22
000922.CSI,20250227,5350.6692,5307.4934,5350.6692,5297.3591,5292.164,58.5052,1.1055,57871498.96,50365849.884
000922.CSI,20250226,5292.164,5228.4677,5292.4447,5228.4677,5226.6236,65.5404,1.254,53736426.79,44146826.705
000922.CSI,20250225,5226.6236,5246.6868,5262.012,5217.958,5261.4535,-34.8299,-0.662,48553845.38,44267676.71
000922.CSI,20250224,5261.4535,5248.8034,5274.3319,5233.5331,5257.0009,4.4526,0.0847,55739619.24,50133357.842
000922.CSI,20250221,5257.0009,5296.6898,5297.4828,5247.9563,5291.0318,-34.0309,-0.6432,56629594.77,49962504.06
000922.CSI,20250220,5291.0318,5298.2954,5298.5556,5277.2776,5303.698,-12.6662,-0.2388,38911832.52,34699044.585
000922.CSI,20250219,5303.698,5312.2783,5314.5919,5289.1693,5318.6352,-14.9372,-0.2808,49066554.05,43037506.013
000922.CSI,20250218,5318.6352,5329.4705,5361.6783,5303.7961,5336.5732,-17.938,-0.3361,57265914.91,48078955.067
000922.CSI,20250217,5336.5732,5355.8645,5357.243,5313.3836,5359.117,-22.5438,-0.4207,49327008.73,43849473.696
000922.CSI,20250214,5359.117,5347.7444,5362.3174,5327.1204,5348.7055,10.4115,0.1947,45274858.49,38905894.904
000922.CSI,20250213,5348.7055,5343.4709,5372.0305,5341.5794,5346.7393,1.9662,0.0368,47472146.13,40080675.46
000922.CSI,20250212,5346.7393,5339.0852,5350.1799,5313.6698,5345.533,1.2063,0.0226,43428806.07,36901621.483
000922.CSI,20250211,5345.533,5331.6752,5347.0135,5324.3737,5325.3482,20.1848,0.379,48364971.8,39972142.948
000922.CSI,20250210,5325.3482,5329.356,5340.0697,5314.3304,5331.4266,-6.0784,-0.114,44321236.89,37732114.582
000922.CSI,20250207,5331.4266,5289.0713,5347.8009,5270.0128,5295.7993,35.6273,0.6727,52754276.07,45312181.911
000922.CSI,20250206,5295.7993,5285.6897,5300.5238,5257.991,5291.4642,4.3351,0.0819,40240880.17,34001784.611
000922.CSI,20250205,5291.4642,5411.3345,5411.3345,5277.8831,5397.8404,-106.3762,-1.9707,47454148.67,40124330.798
000922.CSI,20250127,5397.8404,5338.538,5416.65,5338.538,5330.3763,67.4641,1.2657,49702043.49,40738810.61
000922.CSI,20250124,5330.3763,5285.6151,5348.9478,5274.0801,5296.1683,34.208,0.6459,46679521.56,39136020.482
000922.CSI,20250123,5296.1683,5269.8542,5325.4801,5269.8542,5242.8423,53.326,1.0171,58097967.44,47846323.38
000922.CSI,20250122,5242.8423,5282.1479,5282.1479,5224.5413,5295.8678,-53.0255,-1.0013,42622496.62,35405735.1
000922.CSI,20250121,5295.8678,5344.4928,5346.7501,5286.1532,5328.874,-33.0062,-0.6194,38665648.38,32334160.415
000922.CSI,20250120,5328.874,5349.2254,5362.1228,5320.3273,5340.4342,-11.5602,-0.2165,42473973.08,37562309.121
000922.CSI,20250117,5340.4342,5345.6189,5359.5137,5311.0219,5355.6674,-15.2332,-0.2844,39676890.38,33667698.979
000922.CSI,20250116,5355.6674,5331.7738,5383.7394,5330.577,5312.6242,43.0432,0.8102,42752958.25,37339230.653
000922.CSI,20250115,5312.6242,5301.6131,5358.7946,5298.0863,5310.8584,1.7658,0.0332,45564154.85,38824609.678
000922.CSI,20250114,5310.8584,5223.2246,5316.5595,5213.8953,5214.9822,95.8762,1.8385,47207948.11,40336827.604
000922.CSI,20250113,5214.9822,5234.3482,5263.6812,5192.1258,5255.7158,-40.7336,-0.775,44401538.68,37187874.754
000922.CSI,20250110,5255.7158,5332.4471,5351.6066,5255.7158,5336.2342,-80.5184,-1.5089,42375805.57,36888243.691
000922.CSI,20250109,5336.2342,5395.0191,5395.2127,5334.8391,5416.2977,-80.0635,-1.4782,44025737.52,38823644.584
000922.CSI,20250108,5416.2977,5412.3768,5437.4626,5349.4062,5428.6272,-12.3295,-0.2271,54725870.5,48116345.718
000922.CSI,20250107,5428.6272,5432.4677,5452.1978,5381.5252,5444.2594,-15.6322,-0.2871,47120455.38,40717149.178
000922.CSI,20250106,5444.2594,5420.6709,5460.8538,5386.9638,5424.4086,19.8508,0.366,56755761.32,49048946.563
000922.CSI,20250103,5424.4086,5482.1942,5515.9963,5415.3559,5470.1941,-45.7855,-0.837,60218440.06,53091512.18
000922.CSI,20250102,5470.1941,5586.2251,5614.6521,5441.937,5581.4952,-111.3011,-1.9941,73508392.2,67313115.74
000922.CSI,20241231,5581.4952,5612.9777,5652.107,5580.623,5612.2925,-30.7973,-0.5487,62230774.01,56703209.734
000922.CSI,20241230,5612.2925,5541.1334,5616.4069,5540.9402,5545.5551,66.7374,1.2034,57828892.8,51359428.214
000922.CSI,20241227,5545.5551,5527.6286,5549.2057,5490.6162,5533.8031,11.752,0.2124,51540162.42,44973921.448
000922.CSI,20241226,5533.8031,5555.0386,5556.5576,5523.0108,5559.4571,-25.654,-0.4614,45527642.71,39221739.847
000922.CSI,20241225,5559.4571,5537.2642,5564.0535,5519.2341,5537.9309,21.5262,0.3887,56969443.04,48360061.121
000922.CSI,20241224,5537.9309,5473.5907,5539.3652,5472.4652,5475.1306,62.8003,1.147,53691737.67,47966173.23
000922.CSI,20241223,5475.1306,5470.7654,5526.6539,5469.0341,5472.4159,2.7147,0.0496,66620452.78,56433035.477
000922.CSI,20241220,5472.4159,5509.259,5523.6444,5469.829,5518.3695,-45.9536,-0.8327,52621060.99,44987375.688
000922.CSI,20241219,5518.3695,5538.6808,5554.8582,5487.7965,5571.9799,-53.6104,-0.9621,52170517.47,43995008.758
000922.CSI,20241218,5571.9799,5552.5607,5611.7765,5552.5607,5537.6366,34.3433,0.6202,62184723.58,52744040.664
000922.CSI,20241217,5537.6366,5554.1994,5592.3805,5527.1614,5557.6935,-20.0569,-0.3609,59992561.74,52815466.741
000922.CSI,20241216,5557.6935,5508.8248,5593.0872,5508.8248,5511.5625,46.131,0.837,68600997.66,60362094.924
000922.CSI,20241213,5511.5625,5592.2455,5592.2455,5506.8599,5609.6793,-98.1168,-1.7491,83189390.25,70148161.714
000922.CSI,20241212,5609.6793,5587.0105,5612.8697,5567.7978,5587.8027,21.8766,0.3915,59960045.56,49673316.516
000922.CSI,20241211,5587.8027,5545.677,5601.0918,5545.4708,5559.8859,27.9168,0.5021,61555364.06,51445718.771
000922.CSI,20241210,5559.8859,5656.4676,5670.735,5551.7736,5558.7796,1.1063,0.0199,75936647.6,67150053.753
000922.CSI,20241209,5558.7796,5547.424,5590.4807,5529.5693,5549.6856,9.094,0.1639,58690445.92,48541357.251
000922.CSI,20241206,5549.6856,5477.784,5558.9355,5477.784,5474.808,74.8776,1.3677,59886700.29,49951467.511
000922.CSI,20241205,5474.808,5473.2303,5485.922,5460.3523,5483.936,-9.128,-0.1664,45666920.85,38265831.773
000922.CSI,20241204,5483.936,5456.5522,5506.8497,5432.1266,5475.9073,8.0287,0.1466,62787127.86,54329093.304
000922.CSI,20241203,5475.9073,5414.5776,5475.9073,5393.6368,5420.6133,55.294,1.0201,64885113.27,54073271.631
000922.CSI,20241202,5420.6133,5405.7424,5429.2683,5376.5509,5392.2418,28.3715,0.5262,61935883.8,52048045.728
000922.CSI,20241129,5392.2418,5358.7965,5420.5127,5358.7965,5358.4271,33.8147,0.6311,53069080.69,44237875.97
000922.CSI,20241128,5358.4271,5373.7023,5390.1187,5349.3992,5380.4305,-22.0034,-0.409,41278800.44,34630977.326
000922.CSI,20241127,5380.4305,5310.9145,5380.4305,5259.8763,5322.6275,57.803,1.086,47748060.15,40213795.555
000922.CSI,20241126,5322.6275,5310.3211,5346.0156,5301.1958,5320.6061,2.0214,0.038,45648860.14,37111244.322
000922.CSI,20241125,5320.6061,5321.4506,5366.1423,5288.3456,5312.3291,8.277,0.1558,50032795.23,42365977.146
000922.CSI,20241122,5312.3291,5456.4483,5476.1462,5312.3291,5461.1526,-148.8235,-2.7251,56015278.21,48182723.49
000922.CSI,20241121,5461.1526,5455.2656,5478.1049,5435.6793,5465.7674,-4.6148,-0.0844,43933536.04,37405833.569
000922.CSI,20241120,5465.7674,5432.3876,5466.5706,5419.1665,5449.5065,16.2609,0.2984,53738724.47,43441130.232
000922.CSI,20241119,5449.5065,5436.7347,5465.9401,5380.2638,5444.9964,4.5101,0.0828,75684495.92,57145433.629
000922.CSI,20241118,5444.9964,5399.6724,5523.4624,5399.6724,5356.6248,88.3716,1.6498,103868965.96,80085141.342
000922.CSI,20241115,5356.6248,5359.1496,5415.8898,5356.6248,5372.7974,-16.1726,-0.301,58680284.25,48263304.608
000922.CSI,20241114,5372.7974,5440.6371,5449.0961,5369.5507,5443.0658,-70.2684,-1.291,59917628.0,50249199.788
000922.CSI,20241113,5443.0658,5407.4449,5454.8076,5404.2592,5421.2598,21.806,0.4022,59770473.39,52841426.142
000922.CSI,20241112,5421.2598,5449.9488,5497.7552,5397.5239,5449.7675,-28.5077,-0.5231,67373675.9,62046909.848
000922.CSI,20241111,5449.7675,5460.5194,5463.7121,5390.2091,5489.2792,-39.5117,-0.7198,70287713.93,61565572.518
000922.CSI,20241108,5489.2792,5580.8309,5597.0788,5467.4426,5564.8524,-75.5732,-1.358,79007511.81,72089434.139
000922.CSI,20241107,5564.8524,5429.7917,5564.8524,5423.8689,5455.843,109.0094,1.998,81637353.8,73809010.993
000922.CSI,20241106,5455.843,5479.5764,5486.2511,5430.6637,5475.9018,-20.0588,-0.3663,69058814.81,63799389.565
000922.CSI,20241105,5475.9018,5408.5765,5475.9018,5391.5048,5406.5488,69.353,1.2828,63257038.1,56856647.712
000922.CSI,20241104,5406.5488,5379.416,5406.5488,5323.58,5360.4175,46.1313,0.8606,53181828.81,45147281.426
000922.CSI,20241101,5360.4175,5318.9616,5398.569,5310.0673,5319.4112,41.0063,0.7709,71621400.73,61915564.323
000922.CSI,20241031,5319.4112,5328.2406,5340.164,5268.6292,5339.5949,-20.1837,-0.378,67528000.11,60269297.735
000922.CSI,20241030,5339.5949,5368.3348,5399.955,5307.4286,5386.3328,-46.7379,-0.8677,54565994.98,47056579.229
000922.CSI,20241029,5386.3328,5468.1028,5475.5281,5378.5431,5469.8608,-83.528,-1.5271,63804489.48,53718131.585
000922.CSI,20241028,5469.8608,5418.1448,5469.8608,5401.8556,5416.0412,53.8196,0.9937,68473622.25,55887883.756
000922.CSI,20241025,5416.0412,5406.7618,5432.0422,5396.9724,5411.0452,4.996,0.0923,49073353.56,42699069.653
000922.CSI,20241024,5411.0452,5427.7315,5437.9924,5392.3398,5439.0771,-28.0319,-0.5154,43071854.46,36813797.448
000922.CSI,20241023,5439.0771,5429.925,5457.3503,5417.0614,5429.9226,9.1545,0.1686,53353821.82,46619333.676
000922.CSI,20241022,5429.9226,5390.6485,5442.6231,5377.1123,5394.9871,34.9355,0.6476,54201267.23,47042650.798
000922.CSI,20241021,5394.9871,5442.2315,5442.4355,5364.2579,5430.0753,-35.0882,-0.6462,74936199.15,63469154.537
000922.CSI,20241018,5430.0753,5371.3646,5498.4954,5317.5364,5383.4212,46.6541,0.8666,79883902.02,67473012.192
000922.CSI,20241017,5383.4212,5489.599,5520.1932,5383.4212,5474.8487,-91.4275,-1.67,66817569.73,57489528.514
000922.CSI,20241016,5474.8487,5375.2986,5515.7745,5372.98,5400.9686,73.8801,1.3679,77481415.05,66751169.126
000922.CSI,20241015,5400.9686,5498.3597,5522.4552,5400.9686,5524.007,-123.0384,-2.2273,72116440.51,60638251.614
000922.CSI,20241014,5524.007,5432.0299,5564.0032,5419.0148,5382.6171,141.3899,2.6268,98622207.34,82594222.043
000922.CSI,20241011,5382.6171,5482.6226,5517.2122,5337.8971,5478.7381,-96.121,-1.7544,81521627.89,69205514.886
000922.CSI,20241010,5478.7381,5329.0658,5593.9012,5329.0658,5313.8236,164.9145,3.1035,124862344.48,108190993.883
000922.CSI,20241009,5313.8236,5655.6494,5655.6494,5313.8236,5753.6297,-439.8061,-7.644,133676798.13,114912251.536
000922.CSI,20241008,5753.6297,6209.6679,6209.6679,5608.3643,5699.2907,54.339,0.9534,204727312.35,187481656.83
000922.CSI,20240930,5699.2907,5511.0395,5750.1125,5431.2722,5355.8896,343.4011,6.4117,177455507.78,153885633.743
000922.CSI,20240927,5355.8896,5355.479,5395.0669,5262.6397,5279.0662,76.8234,1.4552,84282994.22,69221937.838
000922.CSI,20240926,5279.0662,5091.3306,5279.0662,5079.7401,5093.9793,185.0869,3.6334,86389828.05,67990005.345
000922.CSI,20240925,5093.9793,5093.4215,5200.0603,5087.2759,5025.9754,68.0039,1.353,84366401.19,65726415.788
000922.CSI,20240924,5025.9754,4840.8075,5025.9754,4840.8075,4810.4077,215.5677,4.4813,71656278.17,55104335.886
000922.CSI,20240923,4810.4077,4756.9095,4824.0102,4751.7831,4759.7892,50.6185,1.0635,34306549.15,25692278.47
000922.CSI,20240920,4759.7892,4757.6607,4772.6333,4734.1402,4765.3502,-5.561,-0.1167,40511442.55,30652981.07
000922.CSI,20240919,4765.3502,4759.4491,4788.278,4711.3983,4750.4738,14.8764,0.3132,41843373.55,31511670.353
000922.CSI,20240918,4750.4738,4696.732,4758.8599,4685.3816,4696.5703,53.9035,1.1477,32727232.64,24810426.496
000922.CSI,20240913,4696.5703,4720.2092,4749.0937,4696.5703,4717.8606,-21.2903,-0.4513,32493506.87,24028020.573
000922.CSI,20240912,4717.8606,4701.7236,4739.6026,4693.6953,4703.9782,13.8824,0.2951,35975839.87,26413501.815
000922.CSI,20240911,4703.9782,4779.3114,4779.3114,4686.9232,4797.0928,-93.1146,-1.9411,43243000.33,32669440.23
000922.CSI,20240910,4797.0928,4793.3906,4809.179,4747.8981,4793.0864,4.0064,0.0836,39133644.5,28317502.176
000922.CSI,20240909,4793.0864,4863.1334,4863.1334,4778.4056,4875.41,-82.3236,-1.6885,41842830.38,31712666.26
000922.CSI,20240906,4875.41,4916.2251,4940.6224,4872.7309,4922.9052,-47.4952,-0.9648,31362960.19,24242767.645
000922.CSI,20240905,4922.9052,4921.9941,4938.6064,4902.3213,4922.3766,0.5286,0.0107,37340862.4,28180520.545
000922.CSI,20240904,4922.3766,4906.3576,4944.2477,4890.73,4928.7821,-6.4055,-0.13,41132171.32,30137270.131
000922.CSI,20240903,4928.7821,4960.1522,4975.5653,4904.3804,4964.3011,-35.519,-0.7155,54145112.35,38618291.077
000922.CSI,20240902,4964.3011,4932.503,4992.6862,4907.975,4946.0986,18.2025,0.368,59477393.26,44197726.231
000922.CSI,20240830,4946.0986,4929.6871,4998.948,4903.6866,4928.9106,17.188,0.3487,76435940.19,56986887.593
000922.CSI,20240829,4928.9106,4997.0866,4997.858,4926.3956,5001.4171,-72.5065,-1.4497,52297028.0,37807825.115
000922.CSI,20240828,5001.4171,5013.0475,5031.3293,4987.0133,5027.4893,-26.0722,-0.5186,34802073.36,27667609.367
000922.CSI,20240827,5027.4893,5020.7406,5031.9855,5009.5519,5028.4443,-0.955,-0.019,36593117.11,28836025.491
000922.CSI,20240826,5028.4443,5034.359,5040.4693,4994.6711,5034.1147,-5.6704,-0.1126,32847003.51,26580521.661
000922.CSI,20240823,5034.1147,5020.7899,5048.0834,5005.5474,5028.8785,5.2362,0.1041,33470240.93,27723704.091
000922.CSI,20240822,5028.8785,5035.0583,5054.4183,5021.4441,5036.835,-7.9565,-0.158,37282301.02,29064645.694
000922.CSI,20240821,5036.835,5065.5557,5066.8336,5009.6078,5076.7441,-39.9091,-0.7861,35710854.42,27569219.528
000922.CSI,20240820,5076.7441,5141.0829,5141.8155,5054.5436,5135.8034,-59.0593,-1.15,40895999.45,31324726.712
000922.CSI,20240819,5135.8034,5090.8774,5141.3543,5090.0713,5092.8593,42.9441,0.8432,39315961.76,29695800.27
000922.CSI,20240816,5092.8593,5092.3181,5109.9553,5080.4595,5092.5403,0.319,0.0063,35352163.84,27008739.987
000922.CSI,20240815,5092.5403,5045.2099,5110.6408,5035.9578,5047.3326,45.2077,0.8957,34912467.31,27975106.126
000922.CSI,20240814,5047.3326,5062.1236,5071.263,5046.021,5070.0426,-22.71,-0.4479,26866462.71,21394645.172
000922.CSI,20240813,5070.0426,5069.4911,5076.3605,5035.0667,5062.3355,7.7071,0.1522,31001682.19,23528991.746
000922.CSI,20240812,5062.3355,5036.6531,5078.6603,5022.9113,5034.2404,28.0951,0.5581,30291539.16,23566278.826
000922.CSI,20240809,5034.2404,5059.3287,5073.7437,5034.2404,5055.4244,-21.184,-0.419,32763123.48,25976267.955
000922.CSI,20240808,5055.4244,5032.434,5066.1707,5019.3338,5031.8537,23.5707,0.4684,28240091.3,22639088.51
000922.CSI,20240807,5031.8537,5011.7998,5057.8066,4998.7371,5018.3054,13.5483,0.27,32613500.53,26285632.852
000922.CSI,20240806,5018.3054,5053.7212,5075.0737,4982.1122,5034.1085,-15.8031,-0.3139,39506094.62,32008052.427
000922.CSI,20240805,5034.1085,5073.6284,5111.4709,5026.322,5092.7985,-58.69,-1.1524,44325977.78,35293555.673
000922.CSI,20240802,5092.7985,5085.1072,5118.3839,5067.4347,5105.844,-13.0455,-0.2555,33592636.37,26600455.205
000922.CSI,20240801,5105.844,5116.5644,5133.8208,5105.2653,5114.863,-9.019,-0.1763,45026092.07,35270246.816
000922.CSI,20240731,5114.863,5036.9957,5119.0769,5028.7691,5035.2247,79.6383,1.5816,51639976.34,40235503.675
000922.CSI,20240730,5035.2247,5057.3889,5057.3889,5013.3337,5067.1545,-31.9298,-0.6301,35735446.72,28251541.795
000922.CSI,20240729,5067.1545,5059.2971,5071.9367,5032.6741,5062.3531,4.8014,0.0948,37915229.23,28938802.535
000922.CSI,20240726,5062.3531,5057.368,5080.8167,5027.9856,5063.5377,-1.1846,-0.0234,43542223.84,35569416.884
000922.CSI,20240725,5063.5377,5064.7398,5073.6726,5023.7329,5075.7172,-12.1795,-0.24,47047156.0,35577671.005
000922.CSI,20240724,5075.7172,5078.6124,5100.351,5051.6336,5087.1029,-11.3857,-0.2238,44215305.94,34240754.99
000922.CSI,20240723,5087.1029,5144.7523,5147.0625,5087.1029,5151.023,-63.9201,-1.2409,44330018.19,34432471.502
000922.CSI,20240722,5151.023,5190.6795,5190.6795,5107.3511,5199.048,-48.025,-0.9237,43309553.66,35976500.054
000922.CSI,20240719,5199.048,5222.6479,5222.6479,5174.2101,5235.4347,-36.3867,-0.695,41414170.9,34054733.748
000922.CSI,20240718,5235.4347,5211.3464,5239.7128,5174.3494,5227.974,7.4607,0.1427,35918693.89,31081053.388
000922.CSI,20240717,5227.974,5251.2019,5261.4136,5214.207,5263.4867,-35.5127,-0.6747,39978183.53,33763956.009
000922.CSI,20240716,5263.4867,5283.6018,5289.1753,5242.5174,5300.0384,-36.5517,-0.6896,39475144.22,31048464.864
000922.CSI,20240715,5300.0384,5246.7929,5311.0667,5228.0793,5254.1366,45.9018,0.8736,39668528.36,33141621.971
000922.CSI,20240712,5254.1366,5260.8591,5289.3204,5244.614,5283.2287,-29.0921,-0.5507,43928014.79,35940769.176
000922.CSI,20240711,5283.2287,5292.2268,5298.6348,5253.7617,5273.2027,10.026,0.1901,41869127.23,35100482.253
000922.CSI,20240710,5273.2027,5351.5876,5355.9243,5268.3836,5382.263,-109.0603,-2.0263,39927954.28,35350830.527
000922.CSI,20240709,5382.263,5318.0515,5390.0185,5287.4412,5326.1849,56.0781,1.0529,39555869.53,33229468.03
000922.CSI,20240708,5326.1849,5347.2924,5365.5632,5316.9837,5365.1284,-38.9435,-0.7259,39481987.56,33722350.907
000922.CSI,20240705,5365.1284,5382.5152,5394.283,5328.5964,5384.2881,-19.1597,-0.3558,42145354.77,35617459.046
000922.CSI,20240704,5384.2881,5418.9801,5441.6565,5376.5465,5419.5076,-35.2195,-0.6499,35388205.83,29719450.198
000922.CSI,20240703,5419.5076,5456.3713,5471.7059,5411.1609,5464.4834,-44.9758,-0.8231,37325720.33,30698181.898
000922.CSI,20240702,5464.4834,5472.6892,5487.8362,5427.7368,5471.4649,-6.9815,-0.1276,44058089.01,35899738.656
000922.CSI,20240701,5471.4649,5353.7304,5475.1958,5353.5286,5354.8331,116.6318,2.1781,42458691.57,35638834.221
000922.CSI,20240628,5354.8331,5319.2164,5382.5326,5317.3244,5334.2483,20.5848,0.3859,40908679.77,33481574.261
000922.CSI,20240627,5334.2483,5354.1703,5371.8037,5321.7708,5368.9598,-34.7115,-0.6465,40649668.45,32735896.211
000922.CSI,20240626,5368.9598,5340.99,5372.0781,5313.2974,5360.9035,8.0563,0.1503,33556708.35,27524607.484
000922.CSI,20240625,5360.9035,5342.5603,5389.7893,5340.1447,5347.6185,13.285,0.2484,38294062.17,31327838.256
000922.CSI,20240624,5347.6185,5400.8694,5401.3839,5322.8517,5417.796,-70.1775,-1.2953,39129798.45,33175711.97
000922.CSI,20240621,5417.796,5408.8488,5442.9558,5397.5824,5421.5287,-3.7327,-0.0688,35188058.66,29917648.647
000922.CSI,20240620,5421.5287,5430.8819,5450.6632,5407.0087,5438.202,-16.6733,-0.3066,33695459.16,29465570.759
000922.CSI,20240619,5438.202,5452.9621,5469.5922,5431.5135,5460.8694,-22.6674,-0.4151,33938007.23,28147233.855
000922.CSI,20240618,5460.8694,5440.7282,5469.4749,5412.4641,5442.6937,18.1757,0.3339,34957837.95,29133182.924
000922.CSI,20240617,5442.6937,5500.0873,5522.8836,5436.0809,5514.7118,-72.0181,-1.3059,46945791.12,39358863.806
000922.CSI,20240614,5514.7118,5504.8862,5527.7329,5485.8588,5528.935,-14.2232,-0.2573,57192316.29,50661912.132
000922.CSI,20240613,5528.935,5584.508,5591.2656,5513.0494,5597.6489,-68.7139,-1.2275,39129509.01,33168988.439
000922.CSI,20240612,5597.6489,5525.4421,5605.3215,5511.4409,5535.7516,61.8973,1.1181,43638724.82,37051043.32
000922.CSI,20240611,5535.7516,5621.5092,5626.5765,5517.046,5629.323,-93.5714,-1.6622,47705268.86,39559084.873
000922.CSI,20240607,5629.323,5600.1417,5633.3276,5589.2401,5596.0987,33.2243,0.5937,43350032.75,35822535.276
000922.CSI,20240606,5596.0987,5582.9637,5636.874,5579.884,5591.3914,4.7073,0.0842,43186973.74,39088403.266
000922.CSI,20240605,5591.3914,5662.0276,5668.9189,5589.747,5663.5283,-72.1369,-1.2737,37141869.92,33016490.418
000922.CSI,20240604,5663.5283,5622.5778,5671.9583,5598.7947,5634.7944,28.7339,0.5099,40702396.92,37759592.958
000922.CSI,20240603,5634.7944,5663.6464,5674.4433,5600.9476,5669.4873,-34.6929,-0.6119,47728172.12,41478118.125
000922.CSI,20240531,5669.4873,5674.2439,5709.3341,5669.4873,5664.7676,4.7197,0.0833,37552694.31,33525153.626
000922.CSI,20240530,5664.7676,5701.2121,5743.7886,5651.9683,5716.2082,-51.4406,-0.8999,41841587.98,36089732.61
000922.CSI,20240529,5716.2082,5694.2745,5755.9879,5687.0027,5705.0825,11.1257,0.195,37767438.72,33341731.086
000922.CSI,20240528,5705.0825,5731.1354,5747.364,5697.4385,5732.4452,-27.3627,-0.4773,39187332.16,35255183.297
000922.CSI,20240527,5732.4452,5658.2772,5735.2603,5658.2772,5650.8707,81.5745,1.4436,44544181.57,40975513.193
000922.CSI,20240524,5650.8707,5654.6905,5721.7515,5647.6181,5675.4423,-24.5716,-0.4329,41480838.78,36684800.523
000922.CSI,20240523,5675.4423,5732.5132,5733.8052,5662.3588,5754.615,-79.1727,-1.3758,47708334.2,41724732.386
000922.CSI,20240522,5754.615,5756.7697,5806.6297,5752.8434,5757.0172,-2.4022,-0.0417,53402834.25,47866151.464
000922.CSI,20240521,5757.0172,5728.5409,5770.8488,5720.4771,5742.413,14.6042,0.2543,46354697.48,42128586.465
000922.CSI,20240520,5742.413,5690.5338,5759.6265,5688.5202,5689.0775,53.3355,0.9375,66920433.09,61117265.335
000922.CSI,20240517,5689.0775,5633.348,5691.0164,5609.6337,5633.5526,55.5249,0.9856,63058047.19,53826478.835
000922.CSI,20240516,5633.5526,5623.4489,5660.0171,5617.4298,5621.3279,12.2247,0.2175,55943982.07,47069767.065
000922.CSI,20240515,5621.3279,5616.7998,5658.9058,5595.8754,5627.962,-6.6341,-0.1179,39848513.69,35168264.958
000922.CSI,20240514,5627.962,5638.8817,5644.0314,5597.3824,5644.1629,-16.2009,-0.287,44098165.5,39350641.291
000922.CSI,20240513,5644.1629,5610.6344,5653.7702,5569.583,5628.2981,15.8648,0.2819,48478546.6,42518217.266
000922.CSI,20240510,5628.2981,5602.7778,5632.7664,5576.6526,5602.7265,25.5716,0.4564,50174278.51,43698691.695
000922.CSI,20240509,5602.7265,5562.458,5613.9135,5560.6447,5563.1492,39.5773,0.7114,45940437.68,38701997.957
000922.CSI,20240508,5563.1492,5550.1637,5588.3389,5544.9598,5556.497,6.6522,0.1197,47019317.96,41621735.909
000922.CSI,20240507,5556.497,5548.5719,5562.736,5528.608,5554.3174,2.1796,0.0392,55207335.44,46308536.338
000922.CSI,20240506,5554.3174,5532.2343,5557.4981,5494.5873,5499.6595,54.6579,0.9938,72242174.52,63056094.103
000922.CSI,20240430,5499.6595,5482.7842,5536.1135,5469.7897,5495.3081,4.3514,0.0792,64522770.83,56543811.635
000922.CSI,20240429,5495.3081,5470.3802,5503.7662,5427.316,5502.1408,-6.8327,-0.1242,75759487.43,65462673.12
000922.CSI,20240426,5502.1408,5523.1176,5554.1365,5459.5752,5536.7855,-34.6447,-0.6257,68592400.64,56326937.445
000922.CSI,20240425,5536.7855,5501.3006,5539.1895,5493.6899,5509.2218,27.5637,0.5003,37438047.84,32143774.413
000922.CSI,20240424,5509.2218,5500.4199,5509.6794,5451.1152,5501.328,7.8938,0.1435,38784609.78,33939900.753
000922.CSI,20240423,5501.328,5564.3603,5567.2742,5490.8981,5594.3976,-93.0696,-1.6636,49196871.81,41071047.72
000922.CSI,20240422,5594.3976,5708.5678,5741.4368,5592.5378,5710.2691,-115.8715,-2.0292,53287876.82,46939996.879
000922.CSI,20240419,5710.2691,5659.1091,5748.3114,5655.5531,5693.4158,16.8533,0.296,50089295.0,43782356.816
000922.CSI,20240418,5693.4158,5663.7697,5742.6803,5660.4793,5669.0568,24.359,0.4297,63276899.24,54232652.065
000922.CSI,20240417,5669.0568,5555.8794,5669.0568,5536.002,5566.742,102.3148,1.838,59092736.66,48635748.9
000922.CSI,20240416,5566.742,5578.3177,5641.2776,5536.7827,5585.2625,-18.5205,-0.3316,62092530.5,53573973.126
000922.CSI,20240415,5585.2625,5486.1469,5591.438,5457.3231,5483.8509,101.4116,1.8493,58516229.64,50029058.103
000922.CSI,20240412,5483.8509,5492.4211,5519.7467,5469.2855,5502.4367,-18.5858,-0.3378,40023282.79,34370188.588
000922.CSI,20240411,5502.4367,5431.987,5530.8185,5422.6899,5454.4099,48.0268,0.8805,41219991.95,36846737.894
000922.CSI,20240410,5454.4099,5436.461,5486.4514,5429.501,5441.7507,12.6592,0.2326,44554378.41,40351173.878
000922.CSI,20240409,5441.7507,5457.1173,5480.1042,5419.416,5461.6517,-19.901,-0.3644,42608120.52,36795296.973
000922.CSI,20240408,5461.6517,5455.3423,5516.773,5432.7296,5470.4836,-8.8319,-0.1614,50688172.19,45415125.735
000922.CSI,20240403,5470.4836,5413.3721,5471.9749,5411.3988,5416.8936,53.59,0.9893,43919262.37,40524574.398
000922.CSI,20240402,5416.8936,5391.0761,5434.5215,5388.9502,5396.8299,20.0637,0.3718,49385123.47,43089014.4
000922.CSI,20240401,5396.8299,5369.6998,5399.0248,5360.9343,5380.7251,16.1048,0.2993,46833091.49,42366311.517
000922.CSI,20240329,5380.7251,5317.6756,5381.6358,5314.9522,5325.6544,55.0707,1.0341,44114501.5,36605051.483
000922.CSI,20240328,5325.6544,5321.6766,5357.3909,5288.5591,5330.6982,-5.0438,-0.0946,49382024.12,38101362.23
000922.CSI,20240327,5330.6982,5345.5684,5381.498,5330.6982,5348.7607,-18.0625,-0.3377,40478016.19,34280913.61
000922.CSI,20240326,5348.7607,5355.0521,5367.0153,5306.4407,5352.3645,-3.6038,-0.0673,40994237.23,36110527.633
000922.CSI,20240325,5352.3645,5328.4621,5418.115,5323.5643,5347.7352,4.6293,0.0866,42683513.58,38086987.569
000922.CSI,20240322,5347.7352,5359.7376,5377.4602,5312.3712,5365.8258,-18.0906,-0.3371,38437406.96,33573778.87
000922.CSI,20240321,5365.8258,5358.6598,5379.6083,5337.4712,5359.2121,6.6137,0.1234,34343084.45,30316152.315
000922.CSI,20240320,5359.2121,5328.5334,5368.2402,5309.2215,5338.3232,20.8889,0.3913,36595196.8,33576590.54
000922.CSI,20240319,5338.3232,5352.4348,5378.4615,5333.3033,5357.7926,-19.4694,-0.3634,38993387.63,35286515.769
000922.CSI,20240318,5357.7926,5361.5183,5366.0866,5324.7622,5370.6004,-12.8078,-0.2385,40803821.34,37297075.547
000922.CSI,20240315,5370.6004,5365.4622,5375.0883,5324.4072,5370.8322,-0.2318,-0.0043,42990760.92,38649637.185
000922.CSI,20240314,5370.8322,5345.5825,5386.9779,5345.0593,5356.5324,14.2998,0.267,39493646.9,35613109.479
000922.CSI,20240313,5356.5324,5365.5404,5375.2313,5314.9561,5379.1772,-22.6448,-0.421,44509117.88,41624379.281
000922.CSI,20240312,5379.1772,5468.6971,5469.3571,5365.3159,5482.4938,-103.3166,-1.8845,62537384.47,57415930.186
000922.CSI,20240311,5482.4938,5518.7837,5529.3627,5435.7148,5524.1934,-41.6996,-0.7549,46985760.97,42602676.246
000922.CSI,20240308,5524.1934,5490.3117,5526.6839,5468.2972,5493.8044,30.389,0.5532,38042236.38,33548334.398
000922.CSI,20240307,5493.8044,5467.276,5537.4955,5467.2526,5467.6202,26.1842,0.4789,41488853.68,36495715.404
000922.CSI,20240306,5467.6202,5464.3402,5504.2212,5459.959,5469.1493,-1.5291,-0.028,42905033.12,37619345.422
000922.CSI,20240305,5469.1493,5427.8038,5479.8533,5417.8777,5439.7557,29.3936,0.5403,50455131.27,43532400.065
000922.CSI,20240304,5439.7557,5404.9514,5441.9121,5384.4067,5414.2425,25.5132,0.4712,48342033.98,43543477.867
000922.CSI,20240301,5414.2425,5405.8461,5433.1602,5391.4617,5414.0184,0.2241,0.0041,42609085.99,37397338.899
000922.CSI,20240229,5414.0184,5331.0761,5414.0184,5329.0225,5352.3587,61.6597,1.152,44078503.31,38399887.328
000922.CSI,20240228,5352.3587,5394.9242,5430.7705,5350.7435,5402.8901,-50.5314,-0.9353,53757444.7,46725278.099
000922.CSI,20240227,5402.8901,5358.5246,5408.296,5345.349,5374.6779,28.2122,0.5249,42001293.08,35701398.728
000922.CSI,20240226,5374.6779,5461.0505,5465.601,5354.3931,5470.9763,-96.2984,-1.7602,54178321.03,46698995.76
000922.CSI,20240223,5470.9763,5489.9922,5513.8787,5440.4724,5490.3956,-19.4193,-0.3537,50936326.35,43208227.039
000922.CSI,20240222,5490.3956,5398.7774,5490.3956,5396.3171,5411.4537,78.9419,1.4588,45875971.91,41662335.58
000922.CSI,20240221,5411.4537,5386.168,5487.6493,5371.1292,5410.1912,1.2625,0.0233,62152496.95,52597383.897
000922.CSI,20240220,5410.1912,5333.9059,5414.8638,5312.9972,5348.8828,61.3084,1.1462,49307509.5,41885787.439
000922.CSI,20240219,5348.8828,5267.6006,5349.7215,5212.5383,5244.2155,104.6673,1.9959,69691983.75,55378746.645
000922.CSI,20240208,5244.2155,5228.1083,5295.3556,5209.613,5240.3177,3.8978,0.0744,73389605.7,56138257.36
000922.CSI,20240207,5240.3177,5135.0568,5240.3177,5094.5691,5139.1514,101.1663,1.9685,88554579.71,67434600.047
000922.CSI,20240206,5139.1514,4985.0414,5167.7826,4970.2292,5020.678,118.4734,2.3597,75025224.79,58149843.103
000922.CSI,20240205,5020.678,5008.149,5078.8917,4907.3229,5024.7982,-4.1202,-0.082,78256556.99,58801630.981
000922.CSI,20240202,5024.7982,5029.8904,5108.7568,4923.5157,5028.7856,-3.9874,-0.0793,62335731.23,47543789.482
000922.CSI,20240201,5028.7856,5053.6147,5081.7596,5009.1454,5079.3378,-50.5522,-0.9953,48665870.5,37777994.298
000922.CSI,20240131,5079.3378,5074.5574,5138.2492,5053.8113,5098.2721,-18.9343,-0.3714,52382726.4,42509220.123
000922.CSI,20240130,5098.2721,5146.9299,5187.5363,5094.8154,5166.2084,-67.9363,-1.315,49853195.43,38908509.104
000922.CSI,20240129,5166.2084,5168.2906,5213.4767,5158.8168,5152.4047,13.8037,0.2679,65585195.65,50776320.705
000922.CSI,20240126,5152.4047,5084.0661,5168.4735,5081.1504,5085.8927,66.512,1.3078,63435654.54,47761774.621
000922.CSI,20240125,5085.8927,4955.6505,5085.8927,4950.7738,4943.458,142.4347,2.8813,59802788.27,45349066.315
000922.CSI,20240124,4943.458,4846.8616,4945.5239,4817.6857,4835.9292,107.5288,2.2235,49091178.61,36046875.592
000922.CSI,20240123,4835.9292,4770.1715,4855.1128,4734.0954,4778.6825,57.2467,1.198,42284715.12,31223087.153
000922.CSI,20240122,4778.6825,4931.3302,4931.3302,4751.0691,4942.0795,-163.397,-3.3062,54452149.22,39668495.507
000922.CSI,20240119,4942.0795,4958.9364,4978.6869,4926.2141,4971.3035,-29.224,-0.5879,41375514.19,31160889.739
000922.CSI,20240118,4971.3035,4991.4224,4991.4224,4842.9832,5004.1065,-32.803,-0.6555,64091605.55,45341722.971
000922.CSI,20240117,5004.1065,5066.042,5085.8264,5004.1065,5075.1494,-71.0429,-1.3998,40482337.14,30485949.902
000922.CSI,20240116,5075.1494,5052.3307,5081.6717,5027.2522,5057.5149,17.6345,0.3487,38171962.33,28593066.615
000922.CSI,20240115,5057.5149,5018.1864,5064.0866,5013.8392,5032.4176,25.0973,0.4987,31802311.46,25384118.198
000922.CSI,20240112,5032.4176,5013.6381,5059.6257,5012.3689,5020.5794,11.8382,0.2358,30488206.1,23510205.267
000922.CSI,20240111,5020.5794,5041.285,5049.2825,5013.5187,5046.523,-25.9436,-0.5141,39232073.38,29617919.798
000922.CSI,20240110,5046.523,5064.1301,5077.6071,5046.523,5074.4042,-27.8812,-0.5494,30884134.83,24859338.006
000922.CSI,20240109,5074.4042,5040.9095,5084.8795,5014.8822,5046.0217,28.3825,0.5625,36745598.69,28808910.025
000922.CSI,20240108,5046.0217,5092.0029,5092.2539,5044.1768,5099.2457,-53.224,-1.0438,41645525.69,32427755.078
000922.CSI,20240105,5099.2457,5092.5583,5166.3539,5077.3376,5096.1593,3.0864,0.0606,52005595.1,40531404.665
000922.CSI,20240104,5096.1593,5074.3017,5100.0157,5056.4629,5074.1832,21.9761,0.4331,41077774.19,32707800.308
000922.CSI,20240103,5074.1832,5014.1135,5074.7529,5012.4149,5020.9933,53.1899,1.0594,40495455.84,31735446.24
000922.CSI,20240102,5020.9933,4970.2634,5042.2218,4968.392,4969.6698,51.3235,1.0327,41503726.92,33939023.612
000922.CSI,20231229,4969.6698,4935.5262,4975.8751,4933.9823,4943.7964,25.8734,0.5234,33036896.87,26179154.193
000922.CSI,20231228,4943.7964,4950.9455,4960.8236,4924.745,4950.1365,-6.3401,-0.1281,46516505.08,35745967.674
000922.CSI,20231227,4950.1365,4924.1902,4953.6358,4902.9768,4921.8706,28.2659,0.5743,30005831.23,23185752.173
000922.CSI,20231226,4921.8706,4956.4218,4981.4998,4917.7815,4951.0593,-29.1887,-0.5895,27276983.27,23818034.917
000922.CSI,20231225,4951.0593,4936.5444,4955.0597,4911.6403,4943.319,7.7403,0.1566,23997206.67,19569445.619
000922.CSI,20231222,4943.319,4955.6391,4978.2107,4932.3904,4954.7063,-11.3873,-0.2298,34933227.36,28352826.223
000922.CSI,20231221,4954.7063,4948.1346,4956.7937,4909.4025,4959.6461,-4.9398,-0.0996,34804247.25,27877318.398
000922.CSI,20231220,4959.6461,4985.0712,5010.1705,4959.6461,4981.9427,-22.2966,-0.4475,30676057.29,26037791.677
000922.CSI,20231219,4981.9427,4995.111,4995.111,4957.6528,4990.6419,-8.6992,-0.1743,25185444.18,18864616.153
000922.CSI,20231218,4990.6419,4988.549,5027.038,4974.5435,5001.821,-11.1791,-0.2235,31116110.17,22432793.118
000922.CSI,20231215,5001.821,5039.4135,5049.5335,4996.5309,5031.5238,-29.7028,-0.5903,32017711.64,24693241.103
000922.CSI,20231214,5031.5238,5045.715,5059.3447,5028.4355,5036.1163,-4.5925,-0.0912,26003385.62,20846557.799
000922.CSI,20231213,5036.1163,5066.8501,5074.5544,5034.3241,5078.0651,-41.9488,-0.8261,31780497.17,24610030.437
000922.CSI,20231212,5078.0651,5035.3618,5078.7925,5009.8629,5039.6988,38.3663,0.7613,40944719.04,31030749.152
000922.CSI,20231211,5039.6988,4952.2166,5044.0987,4900.3479,4963.7549,75.9439,1.53,51159199.05,38065304.372
000922.CSI,20231208,4963.7549,4957.7359,4986.2528,4939.7649,4964.688,-0.9331,-0.0188,49886014.7,34852204.909
000922.CSI,20231207,4964.688,4953.2881,4978.2077,4931.2581,4957.1893,7.4987,0.1513,36299882.82,26134355.728
000922.CSI,20231206,4957.1893,4954.5674,4971.5322,4918.3908,4959.3167,-2.1274,-0.0429,38543161.38,26946677.289
000922.CSI,20231205,4959.3167,5018.3844,5018.3844,4956.7595,5024.1428,-64.8261,-1.2903,32554945.34,24889049.035
000922.CSI,20231204,5024.1428,5025.0865,5038.6894,5012.9718,5023.6238,0.519,0.0103,30250419.75,23490805.919
000922.CSI,20231201,5023.6238,5008.9186,5027.5363,5000.5278,5008.6145,15.0093,0.2997,35238245.66,26738942.746
000922.CSI,20231130,5008.6145,4991.0011,5011.5423,4985.8108,4992.1274,16.4871,0.3303,32900520.9,25711773.542
000922.CSI,20231129,4992.1274,5027.1714,5030.1319,4986.5142,5027.3766,-35.2492,-0.7011,33984608.65,26314187.402
000922.CSI,20231128,5027.3766,5022.8519,5030.4315,4992.7381,5027.7528,-0.3762,-0.0075,27513911.28,21497912.171
000922.CSI,20231127,5027.7528,5041.5888,5041.5888,5001.6504,5041.0734,-13.3206,-0.2642,36177212.17,28826274.928
000922.CSI,20231124,5041.0734,5036.6982,5057.1891,5028.7333,5037.9512,3.1222,0.062,28464297.34,23030276.281
000922.CSI,20231123,5037.9512,5000.6804,5042.0593,4990.6749,4998.8014,39.1498,0.7832,28051749.62,22584740.815
000922.CSI,20231122,4998.8014,5006.6929,5034.9302,4998.8014,5014.0273,-15.2259,-0.3037,25447938.39,19772638.57
000922.CSI,20231121,5014.0273,5003.0807,5049.5605,5003.0649,4995.5161,18.5112,0.3706,34864281.07,27333378.84
000922.CSI,20231120,4995.5161,4987.7106,5004.5114,4970.7914,4982.9461,12.57,0.2523,25698852.13,19685838.353
000922.CSI,20231117,4982.9461,4984.9631,4990.9091,4959.8336,4995.8553,-12.9092,-0.2584,25628645.92,19911086.929
000922.CSI,20231116,4995.8553,4994.2866,5009.5154,4982.5179,5002.0913,-6.236,-0.1247,28741874.98,22338611.836
000922.CSI,20231115,5002.0913,5002.6157,5006.8993,4988.6574,4977.8441,24.2472,0.4871,29408846.22,23372998.182
000922.CSI,20231114,4977.8441,4980.5869,4990.8465,4963.7048,4984.6953,-6.8512,-0.1374,31085209.06,23809446.345
000922.CSI,20231113,4984.6953,4983.6495,4993.5201,4944.5725,4975.8006,8.8947,0.1788,31220697.68,24660763.956
000922.CSI,20231110,4975.8006,4981.2248,4989.0393,4953.0967,4993.8853,-18.0847,-0.3621,34178642.29,26903421.044
000922.CSI,20231109,4993.8853,4961.6711,5005.5744,4959.4843,4961.33,32.5553,0.6562,37463995.92,29414585.959
000922.CSI,20231108,4961.33,4962.5878,4980.3163,4946.0303,4967.4888,-6.1588,-0.124,32089013.14,25240236.046
000922.CSI,20231107,4967.4888,4968.9306,4980.4344,4947.2181,4969.887,-2.3982,-0.0483,31737552.62,24474991.073
000922.CSI,20231106,4969.887,4991.2956,5001.8894,4959.1525,4977.7857,-7.8987,-0.1587,46920157.14,35091186.974
000922.CSI,20231103,4977.7857,5004.9714,5019.8071,4976.1672,5001.1963,-23.4106,-0.4681,30631822.2,22162517.7
000922.CSI,20231102,5001.1963,4994.0477,5025.0532,4994.0477,4992.9413,8.255,0.1653,30397849.02,21881191.583
000922.CSI,20231101,4992.9413,5001.6001,5002.9032,4971.1664,4998.8946,-5.9533,-0.1191,31908247.11,23146880.733
000922.CSI,20231031,4998.8946,4985.8158,5009.2171,4973.5278,4989.67,9.2246,0.1849,39506919.55,29447423.939
000922.CSI,20231030,4989.67,5033.56,5043.3715,4982.2801,5041.4708,-51.8008,-1.0275,49806798.36,34926485.921
000922.CSI,20231027,5041.4708,5016.3206,5061.9313,5012.3079,5021.195,20.2758,0.4038,38566396.54,28600492.802
000922.CSI,20231026,5021.195,4980.0389,5027.9714,4973.5282,4997.211,23.984,0.4799,35002677.42,25254275.569
000922.CSI,20231025,4997.211,5001.2765,5019.2634,4983.6844,4953.0429,44.1681,0.8917,41796254.1,30340760.139
000922.CSI,20231024,4953.0429,4931.2096,4962.2412,4915.3758,4915.646,37.3969,0.7608,37432129.1,25857001.966
000922.CSI,20231023,4915.646,4972.8755,4980.0312,4894.8594,4982.368,-66.722,-1.3392,31773722.76,22375291.197
000922.CSI,20231020,4982.368,4994.7826,5015.7258,4975.5378,5008.1936,-25.8256,-0.5157,32299023.83,23051683.896
000922.CSI,20231019,5008.1936,5077.1515,5077.1515,5007.4255,5093.106,-84.9124,-1.6672,41786056.53,28810485.706
000922.CSI,20231018,5093.106,5132.8473,5135.9095,5090.8629,5140.4928,-47.3868,-0.9218,34298682.02,24556851.009
000922.CSI,20231017,5140.4928,5132.3876,5143.1024,5117.1728,5130.5163,9.9765,0.1945,30376130.87,22684961.219
000922.CSI,20231016,5130.5163,5125.1435,5136.8779,5102.883,5120.7103,9.806,0.1915,33368050.41,24629427.171
000922.CSI,20231013,5120.7103,5108.9964,5129.3776,5098.2626,5127.166,-6.4557,-0.1259,38672658.33,25351308.597
000922.CSI,20231012,5127.166,5099.7487,5131.6717,5099.0386,5075.7901,51.3759,1.0122,45656198.12,29469221.358
000922.CSI,20231011,5075.7901,5098.6059,5105.1348,5067.8071,5091.6277,-15.8376,-0.3111,34797352.71,25233206.178
000922.CSI,20231010,5091.6277,5145.0979,5157.993,5088.0844,5142.7127,-51.085,-0.9933,32008111.51,23556218.294
000922.CSI,20231009,5142.7127,5141.9527,5153.8995,5100.1715,5161.125,-18.4123,-0.3567,34953363.17,26091226.015
000922.CSI,20230928,5161.125,5175.6912,5184.741,5156.784,5160.2086,0.9164,0.0178,25562188.66,19648101.502
000922.CSI,20230927,5160.2086,5181.6373,5191.9935,5160.2086,5178.0539,-17.8453,-0.3446,30135563.63,22165393.368
000922.CSI,20230926,5178.0539,5199.5174,5206.5315,5175.5574,5201.5588,-23.5049,-0.4519,26873218.04,19740404.236
000922.CSI,20230925,5201.5588,5206.6869,5232.1101,5192.1272,5211.9694,-10.4106,-0.1997,35525612.07,26141205.01
000922.CSI,20230922,5211.9694,5190.255,5214.9215,5166.7233,5189.7566,22.2128,0.428,36933138.59,27885328.579
000922.CSI,20230921,5189.7566,5220.4954,5236.1696,5188.3113,5223.7886,-34.032,-0.6515,31994556.08,23886155.711
000922.CSI,20230920,5223.7886,5212.8637,5237.8279,5191.2884,5216.8452,6.9434,0.1331,33270506.27,24950337.351
000922.CSI,20230919,5216.8452,5180.3695,5222.5424,5175.8635,5182.1694,34.6758,0.6691,36575140.69,28284673.04
000922.CSI,20230918,5182.1694,5172.6126,5187.896,5136.3417,5176.4278,5.7416,0.1109,32437981.52,25639772.152
000922.CSI,20230915,5176.4278,5194.795,5222.2518,5162.4814,5188.4465,-12.0187,-0.2316,41695887.16,32450696.256
000922.CSI,20230914,5188.4465,5137.095,5189.6016,5128.2513,5136.9986,51.4479,1.0015,43307263.96,33533623.821
000922.CSI,20230913,5136.9986,5131.309,5164.1634,5116.5237,5122.7665,14.2321,0.2778,29600460.96,23222040.002
000922.CSI,20230912,5122.7665,5129.7769,5137.5252,5117.1996,5129.3779,-6.6114,-0.1289,23597794.06,19246592.05
000922.CSI,20230911,5129.3779,5099.5157,5140.6744,5099.5157,5092.095,37.2829,0.7322,34785919.72,27577092.831
000922.CSI,20230908,5092.095,5113.5354,5115.3419,5079.8695,5125.6082,-33.5132,-0.6538,24242164.62,18655038.758
000922.CSI,20230907,5125.6082,5146.8439,5167.6434,5122.4404,5152.7007,-27.0925,-0.5258,32715011.06,25802295.187
000922.CSI,20230906,5152.7007,5144.6002,5164.4936,5125.4232,5153.7671,-1.0664,-0.0207,30568512.18,25743645.84
000922.CSI,20230905,5153.7671,5190.6556,5190.6556,5144.5289,5194.1615,-40.3944,-0.7777,36857435.69,30382274.215
000922.CSI,20230904,5194.1615,5138.1072,5206.7829,5138.1072,5114.916,79.2455,1.5493,53811938.46,44922670.022
000922.CSI,20230901,5114.916,5070.8057,5129.1633,5070.8057,5060.8994,54.0166,1.0673,42785418.26,36009780.015
000922.CSI,20230831,5060.8994,5113.1159,5136.6458,5055.0578,5113.6297,-52.7303,-1.0312,41475883.27,32557096.571
000922.CSI,20230830,5113.6297,5149.8064,5164.8155,5108.4601,5151.0754,-37.4457,-0.7269,39759093.06,31209209.812
000922.CSI,20230829,5151.0754,5134.6611,5164.1256,5109.5454,5141.9299,9.1455,0.1779,50653418.74,38626690.481
000922.CSI,20230828,5141.9299,5286.1618,5288.8955,5128.8353,5071.8677,70.0622,1.3814,61933775.11,50185791.045
000922.CSI,20230825,5071.8677,5056.6493,5108.9597,5044.8471,5061.5614,10.3063,0.2036,32367079.48,24287734.707
000922.CSI,20230824,5061.5614,5092.5999,5110.5033,5056.7075,5085.6213,-24.0599,-0.4731,32592607.73,24028514.778
000922.CSI,20230823,5085.6213,5098.138,5137.1112,5082.2102,5099.7647,-14.1434,-0.2773,31730258.84,24016848.713
000922.CSI,20230822,5099.7647,5073.9764,5107.3874,5048.3469,5059.3748,40.3899,0.7983,32794726.6,24334753.966
000922.CSI,20230821,5059.3748,5108.55,5129.4333,5059.3748,5112.6633,-53.2885,-1.0423,30862036.7,23272962.431
000922.CSI,20230818,5112.6633,5131.9776,5182.2936,5112.6633,5134.9776,-22.3143,-0.4346,30910800.75,22741352.751
000922.CSI,20230817,5134.9776,5116.7456,5141.6971,5090.233,5134.5093,0.4683,0.0091,30134637.48,22437916.892
000922.CSI,20230816,5134.5093,5126.2764,5164.4389,5100.1334,5137.0411,-2.5318,-0.0493,27276079.03,21088676.978
000922.CSI,20230815,5137.0411,5105.9454,5143.2469,5094.3241,5103.1855,33.8556,0.6634,30917864.64,21876133.235
000922.CSI,20230814,5103.1855,5071.0227,5111.817,5039.7857,5105.884,-2.6985,-0.0529,31596560.23,24264161.076
000922.CSI,20230811,5105.884,5189.1146,5194.3666,5105.884,5185.8257,-79.9417,-1.5415,33071407.13,25533450.806
000922.CSI,20230810,5185.8257,5164.1385,5196.0521,5156.4337,5172.8763,12.9494,0.2503,24807220.46,20944404.472
000922.CSI,20230809,5172.8763,5189.3137,5191.6251,5163.8785,5195.8537,-22.9774,-0.4422,24953255.26,19715348.852
000922.CSI,20230808,5195.8537,5196.4728,5214.2753,5171.9531,5203.1077,-7.254,-0.1394,27093294.3,21869331.503
000922.CSI,20230807,5203.1077,5234.9707,5234.9707,5188.1584,5248.909,-45.8013,-0.8726,35737580.6,28101407.348
000922.CSI,20230804,5248.909,5288.7151,5310.6733,5247.8006,5264.085,-15.176,-0.2883,43461434.5,34244811.316
000922.CSI,20230803,5264.085,5227.8403,5267.5667,5206.2162,5235.2922,28.7928,0.55,39632266.84,30611843.8
000922.CSI,20230802,5235.2922,5272.5332,5281.5503,5221.7947,5283.4628,-48.1706,-0.9117,44593890.72,32555968.308
000922.CSI,20230801,5283.4628,5278.3919,5305.5032,5264.5774,5278.6579,4.8049,0.091,42284558.34,34202490.773
000922.CSI,20230731,5278.6579,5263.4586,5315.8481,5261.7692,5241.7957,36.8622,0.7032,59147807.48,49736447.514
000922.CSI,20230728,5241.7957,5139.6936,5246.4311,5137.3202,5147.4536,94.3421,1.8328,55192434.59,45014670.153
000922.CSI,20230727,5147.4536,5139.2775,5194.3252,5133.9952,5141.997,5.4566,0.1061,41876806.66,32612683.183
000922.CSI,20230726,5141.997,5131.8038,5149.2123,5120.8356,5132.8386,9.1584,0.1784,32718049.48,27436570.766
000922.CSI,20230725,5132.8386,5087.9365,5133.9154,5087.9365,5048.471,84.3676,1.6712,49478347.67,42832258.129
000922.CSI,20230724,5048.471,5045.3721,5068.0749,5023.7905,5046.854,1.617,0.032,23127706.33,17828218.099
000922.CSI,20230721,5046.854,5041.6675,5061.0395,5028.8989,5048.749,-1.895,-0.0375,24199274.11,18983948.42
000922.CSI,20230720,5048.749,5073.4458,5088.3981,5043.7519,5076.3131,-27.5641,-0.543,27420202.69,21658140.5
000922.CSI,20230719,5076.3131,5047.8543,5077.1312,5043.5909,5056.1214,20.1917,0.3994,24525803.72,18809177.214
000922.CSI,20230718,5056.1214,5060.6326,5072.9139,5033.9993,5060.9423,-4.8209,-0.0953,27422043.0,19982455.204
000922.CSI,20230717,5060.9423,5077.2231,5077.2715,5037.6695,5111.7184,-50.7761,-0.9933,27558391.36,20055913.739
000922.CSI,20230714,5111.7184,5108.8114,5133.2273,5099.2633,5113.901,-2.1826,-0.0427,31353650.22,23699090.91
000922.CSI,20230713,5113.901,5065.7748,5120.0109,5065.5854,5064.7159,49.1851,0.9711,30803103.8,24329008.271
000922.CSI,20230712,5064.7159,5095.9265,5102.6976,5060.7611,5103.3483,-38.6324,-0.757,27508971.21,23392954.703
000922.CSI,20230711,5103.3483,5101.9515,5108.2739,5072.112,5093.4076,9.9407,0.1952,25057702.27,20784712.721
000922.CSI,20230710,5093.4076,5092.1481,5103.3081,5070.4509,5072.59,20.8176,0.4104,24051175.64,20050033.415
000922.CSI,20230707,5072.59,5045.6231,5090.1312,5041.1934,5054.0354,18.5546,0.3671,24877609.39,19564407.825
000922.CSI,20230706,5054.0354,5067.573,5085.932,5045.3282,5086.7693,-32.7339,-0.6435,26943235.63,20230000.487
000922.CSI,20230705,5086.7693,5087.8977,5103.0177,5071.2297,5100.7727,-14.0034,-0.2745,23445268.87,19216579.784
000922.CSI,20230704,5100.7727,5123.2963,5123.2963,5081.752,5125.9614,-25.1887,-0.4914,30996927.97,24738046.025
000922.CSI,20230703,5125.9614,5082.1119,5131.4649,5082.1119,5072.5473,53.4141,1.053,33955605.22,26752012.605
000922.CSI,20230630,5072.5473,5056.1425,5091.4154,5052.7865,5067.4507,5.0966,0.1006,27618942.28,21345711.879
000922.CSI,20230629,5067.4507,5070.9038,5084.0088,5049.355,5084.6346,-17.1839,-0.338,27294089.55,21203857.414
000922.CSI,20230628,5084.6346,5053.0468,5084.6346,5032.538,5060.8202,23.8144,0.4706,29060642.63,23699777.225
000922.CSI,20230627,5060.8202,4981.5253,5072.6914,4973.0299,4974.2752,86.545,1.7399,34479187.35,26896899.637
000922.CSI,20230626,4974.2752,5017.9251,5017.9251,4964.635,5040.6996,-66.4244,-1.3178,37873899.35,27870321.982
000922.CSI,20230621,5040.6996,5073.7857,5095.4986,5040.6996,5090.2633,-49.5637,-0.9737,33355333.58,24444109.445
000922.CSI,20230620,5090.2633,5129.6246,5131.0902,5089.9041,5132.5413,-42.278,-0.8237,31543015.56,24735040.981
000922.CSI,20230619,5132.5413,5196.9788,5197.542,5131.1162,5197.7652,-65.2239,-1.2548,40551679.22,30880605.603
000922.CSI,20230616,5197.7652,5212.4697,5228.2571,5196.7502,5216.5775,-18.8123,-0.3606,36706484.93,30826241.096
000922.CSI,20230615,5216.5775,5213.6499,5219.6102,5188.3951,5214.8935,1.684,0.0323,32166809.15,27634001.639
000922.CSI,20230614,5214.8935,5245.7418,5267.6129,5213.9165,5243.4003,-28.5068,-0.5437,39464007.66,29889384.931
000922.CSI,20230613,5243.4003,5247.1824,5268.6796,5229.6832,5252.3151,-8.9148,-0.1697,30529248.76,24597026.988
000922.CSI,20230612,5252.3151,5275.1286,5277.6618,5245.1724,5284.1484,-31.8333,-0.6024,42003798.91,33180681.039
000922.CSI,20230609,5284.1484,5293.6605,5307.7181,5269.8526,5295.1971,-11.0487,-0.2087,38300176.17,31740045.322
000922.CSI,20230608,5295.1971,5240.7016,5302.1616,5212.4171,5247.881,47.3161,0.9016,42511167.78,32837497.717
000922.CSI,20230607,5247.881,5212.0564,5259.5847,5211.4829,5209.3483,38.5327,0.7397,31971809.5,25801555.924
000922.CSI,20230606,5209.3483,5243.3506,5291.1181,5198.9414,5252.5754,-43.2271,-0.823,39046494.72,31786624.08
000922.CSI,20230605,5252.5754,5221.2981,5259.6159,5206.0051,5225.2303,27.3451,0.5233,36088632.98,27433745.154
000922.CSI,20230602,5225.2303,5200.7646,5229.8217,5197.9095,5195.6708,29.5595,0.5689,37918697.74,32374535.658
000922.CSI,20230601,5195.6708,5205.5828,5241.7711,5178.4172,5214.2105,-18.5397,-0.3556,40340379.54,31635381.49
000922.CSI,20230531,5214.2105,5239.5638,5252.2299,5196.4567,5262.09,-47.8795,-0.9099,37481895.84,32451525.527
000922.CSI,20230530,5262.09,5254.1236,5273.7008,5203.0246,5268.174,-6.084,-0.1155,41094272.41,32472740.533
000922.CSI,20230529,5268.174,5220.5887,5295.166,5218.914,5233.144,35.03,0.6694,42981936.4,33448524.926
000922.CSI,20230526,5233.144,5186.2868,5243.9089,5164.8563,5188.2419,44.9021,0.8655,33418122.14,26189101.761
000922.CSI,20230525,5188.2419,5197.7931,5216.5505,5137.0855,5211.9924,-23.7505,-0.4557,40155556.0,29813243.262
000922.CSI,20230524,5211.9924,5276.1265,5276.1265,5206.3986,5287.3933,-75.4009,-1.4261,53746408.68,37192048.651
000922.CSI,20230523,5287.3933,5356.1072,5364.8019,5287.3933,5355.0149,-67.6216,-1.2628,43132810.02,30844863.337
000922.CSI,20230522,5355.0149,5346.9187,5384.5853,5334.6628,5360.5872,-5.5723,-0.1039,36927356.83,29371190.725
000922.CSI,20230519,5360.5872,5414.3659,5414.5009,5354.16,5426.5123,-65.9251,-1.2149,39671526.87,30217150.391
000922.CSI,20230518,5426.5123,5405.0768,5464.3684,5401.2467,5396.7055,29.8068,0.5523,49828009.8,36346666.684
000922.CSI,20230517,5396.7055,5407.6486,5432.3598,5379.4924,5423.5172,-26.8117,-0.4944,38701435.27,30691335.164
000922.CSI,20230516,5423.5172,5459.5474,5479.2628,5410.0613,5461.7814,-38.2642,-0.7006,50400672.83,37801533.58
000922.CSI,20230515,5461.7814,5457.9936,5461.7814,5353.0568,5463.1357,-1.3543,-0.0248,66491883.26,47299437.535
000922.CSI,20230512,5463.1357,5487.1088,5534.7226,5458.3499,5495.8546,-32.7189,-0.5953,51148318.49,39139460.019
000922.CSI,20230511,5495.8546,5502.4132,5533.7894,5473.4518,5499.4512,-3.5966,-0.0654,54391966.81,40383953.448
000922.CSI,20230510,5499.4512,5588.4524,5600.0066,5477.2429,5607.7164,-108.2652,-1.9306,87975985.93,60779408.954
000922.CSI,20230509,5607.7164,5663.1008,5715.6051,5600.8646,5653.0053,-45.2889,-0.8011,115554075.48,84351931.253
000922.CSI,20230508,5653.0053,5527.982,5670.0044,5527.9289,5537.914,115.0913,2.0782,117381447.57,88063381.644
000922.CSI,20230505,5537.914,5538.5833,5579.4924,5484.2025,5523.839,14.075,0.2548,83950194.94,64443829.574
000922.CSI,20230504,5523.839,5387.8547,5528.4456,5384.1168,5414.9459,108.8931,2.011,94342165.63,75039427.681
000922.CSI,20230428,5414.9459,5339.9475,5417.2679,5339.9475,5357.9061,57.0398,1.0646,53419784.37,46309690.051
000922.CSI,20230427,5357.9061,5343.6563,5378.2042,5318.8427,5345.3802,12.5259,0.2343,43903986.49,38518895.814
000922.CSI,20230426,5345.3802,5309.9763,5372.378,5276.7043,5332.1421,13.2381,0.2483,52403348.37,39407213.743
000922.CSI,20230425,5332.1421,5326.9593,5357.3844,5263.1034,5314.8677,17.2744,0.325,55478300.97,41673326.359
000922.CSI,20230424,5314.8677,5330.3355,5355.0229,5297.5005,5318.818,-3.9503,-0.0743,49701069.48,39846271.062
000922.CSI,20230421,5318.818,5383.4601,5417.92,5318.2422,5383.531,-64.713,-1.2021,47290982.68,38342766.979
000922.CSI,20230420,5383.531,5371.3309,5391.1565,5331.4156,5374.9389,8.5921,0.1599,44750915.1,36767872.573
000922.CSI,20230419,5374.9389,5379.9155,5397.5095,5366.3685,5379.556,-4.6171,-0.0858,45423183.88,37419013.421
000922.CSI,20230418,5379.556,5357.0853,5383.2628,5342.9302,5359.7568,19.7992,0.3694,52530205.26,43153512.94
000922.CSI,20230417,5359.7568,5285.0426,5359.7568,5278.0788,5287.0289,72.7279,1.3756,53272220.11,44578139.14
000922.CSI,20230414,5287.0289,5304.2664,5311.696,5265.5785,5293.2456,-6.2167,-0.1174,35563915.58,29653201.438
000922.CSI,20230413,5293.2456,5293.8212,5311.8828,5279.2071,5292.2625,0.9831,0.0186,39576688.97,31575041.766
000922.CSI,20230412,5292.2625,5250.9613,5295.208,5246.9653,5240.3212,51.9413,0.9912,43043453.51,33136847.436
000922.CSI,20230411,5240.3212,5206.4135,5241.7083,5191.3799,5206.9005,33.4207,0.6419,37224923.6,32643650.184
000922.CSI,20230410,5206.9005,5205.5753,5215.3904,5190.8492,5205.3899,1.5106,0.029,34817841.45,27891103.619
000922.CSI,20230407,5205.3899,5191.9322,5217.2928,5186.3459,5185.4373,19.9526,0.3848,29142517.71,26101547.862
000922.CSI,20230406,5185.4373,5212.9496,5212.9496,5184.0318,5217.9849,-32.5476,-0.6238,29462004.23,22990218.145
000922.CSI,20230404,5217.9849,5199.2658,5227.6188,5188.1858,5199.3675,18.6174,0.3581,42169837.41,31845841.809
000922.CSI,20230403,5199.3675,5181.8541,5209.7396,5177.7742,5175.8851,23.4824,0.4537,40249705.17,32685069.104
000922.CSI,20230331,5175.8851,5163.2468,5196.6444,5157.2684,5158.6573,17.2278,0.334,34841760.29,28463080.149
000922.CSI,20230330,5158.6573,5130.2604,5161.2479,5096.4221,5126.5222,32.1351,0.6268,36860504.66,31672532.986
000922.CSI,20230329,5126.5222,5155.2108,5158.8176,5123.0624,5141.399,-14.8768,-0.2894,35792170.71,28159993.735
000922.CSI,20230328,5141.399,5151.6723,5161.1933,5124.9609,5139.553,1.846,0.0359,33658311.12,28573185.928
000922.CSI,20230327,5139.553,5178.2845,5178.2845,5112.816,5181.6082,-42.0552,-0.8116,44526388.42,36411349.992
000922.CSI,20230324,5181.6082,5226.4624,5226.4755,5178.2049,5224.2042,-42.596,-0.8154,36607382.26,28838842.623
000922.CSI,20230323,5224.2042,5215.3631,5224.9519,5192.0384,5219.8761,4.3281,0.0829,33451150.2,26134351.157
000922.CSI,20230322,5219.8761,5205.0712,5244.6969,5197.5395,5195.3517,24.5244,0.472,33595978.86,25813367.099
000922.CSI,20230321,5195.3517,5207.6251,5222.8721,5182.7567,5196.1273,-0.7756,-0.0149,38960139.69,27782631.75
000922.CSI,20230320,5196.1273,5229.3392,5263.828,5192.6498,5220.7732,-24.6459,-0.4721,52899701.87,37330787.846
000922.CSI,20230317,5220.7732,5213.639,5265.5002,5208.5929,5189.8522,30.921,0.5958,49476171.82,36445653.568
000922.CSI,20230316,5189.8522,5214.5109,5239.2335,5185.407,5238.4384,-48.5862,-0.9275,51751015.56,35584303.904
000922.CSI,20230315,5238.4384,5196.3293,5248.6716,5185.5617,5175.8748,62.5636,1.2088,38693631.12,28650548.834
000922.CSI,20230314,5175.8748,5209.0893,5229.837,5154.2945,5219.0596,-43.1848,-0.8274,36167695.25,29570279.335
000922.CSI,20230313,5219.0596,5150.4869,5219.0596,5150.1977,5156.6232,62.4364,1.2108,37008364.06,30121788.209
000922.CSI,20230310,5156.6232,5230.8281,5230.8281,5154.3875,5250.3011,-93.6779,-1.7842,35558959.89,28363588.817
000922.CSI,20230309,5250.3011,5275.6757,5289.1584,5241.7968,5267.1538,-16.8527,-0.32,33700129.25,25331103.658
000922.CSI,20230308,5267.1538,5257.3787,5268.6576,5237.1712,5271.2937,-4.1399,-0.0785,35628229.69,27163239.908
000922.CSI,20230307,5271.2937,5306.6495,5360.2398,5268.9256,5302.978,-31.6843,-0.5975,68843403.93,49302968.585
000922.CSI,20230306,5302.978,5336.4912,5342.9397,5295.6582,5327.927,-24.949,-0.4683,47347268.04,38657236.993
000922.CSI,20230303,5327.927,5308.5308,5333.2252,5290.9113,5304.9916,22.9354,0.4323,47009780.31,34650501.627
000922.CSI,20230302,5304.9916,5277.4346,5319.1925,5269.907,5281.4776,23.514,0.4452,39246105.84,33051337.087
000922.CSI,20230301,5281.4776,5252.8064,5282.0949,5245.8658,5245.9443,35.5333,0.6773,35951483.66,31541488.17
000922.CSI,20230228,5245.9443,5225.8548,5249.2792,5201.227,5222.782,23.1623,0.4435,29232759.11,26180883.975
000922.CSI,20230227,5222.782,5222.5216,5256.6655,5212.7404,5230.0646,-7.2826,-0.1392,26076467.84,24201304.442
000922.CSI,20230224,5230.0646,5253.2966,5254.1986,5201.0197,5251.396,-21.3314,-0.4062,27543737.4,25256521.977
000922.CSI,20230223,5251.396,5264.7316,5286.8312,5231.7483,5244.3046,7.0914,0.1352,30517241.91,30836743.121
000922.CSI,20230222,5244.3046,5230.6115,5259.9261,5217.9052,5241.1907,3.1139,0.0594,27084828.49,26100659.503
000922.CSI,20230221,5241.1907,5202.2199,5250.6043,5193.7021,5182.7456,58.4451,1.1277,39728321.32,37517621.828
000922.CSI,20230220,5182.7456,5088.7949,5182.7456,5088.3174,5069.2342,113.5114,2.2392,44699468.63,39702222.849
000922.CSI,20230217,5069.2342,5062.066,5109.7172,5062.066,5062.7955,6.4387,0.1272,29763445.23,25012232.242
000922.CSI,20230216,5062.7955,5109.5314,5146.4579,5037.7942,5106.61,-43.8145,-0.858,35783706.07,30028250.006
000922.CSI,20230215,5106.61,5139.4718,5139.4718,5098.467,5138.1849,-31.5749,-0.6145,27342527.07,23649250.629
000922.CSI,20230214,5138.1849,5122.6403,5141.0324,5116.6064,5111.8712,26.3137,0.5148,27362807.6,23241448.726
000922.CSI,20230213,5111.8712,5093.2399,5115.2877,5071.0244,5093.7288,18.1424,0.3562,35800462.91,30892413.839
000922.CSI,20230210,5093.7288,5089.7429,5104.9011,5071.1701,5091.4248,2.304,0.0453,24535280.94,20225760.993
000922.CSI,20230209,5091.4248,5052.6691,5092.2998,5048.1775,5054.0931,37.3317,0.7386,22415490.86,19626070.344
000922.CSI,20230208,5054.0931,5082.3689,5085.1394,5051.7052,5076.7373,-22.6442,-0.446,22749582.27,19570655.771
000922.CSI,20230207,5076.7373,5056.0699,5081.3169,5053.3327,5049.7994,26.9379,0.5334,24875614.46,22575516.317
000922.CSI,20230206,5049.7994,5059.2155,5067.4194,5037.4492,5078.3412,-28.5418,-0.562,27581253.12,24280134.251
000922.CSI,20230203,5078.3412,5113.7078,5113.7078,5052.631,5123.7449,-45.4037,-0.8861,30631561.25,25630006.329
000922.CSI,20230202,5123.7449,5122.5409,5134.1155,5094.1614,5115.4126,8.3323,0.1629,32937134.46,29393365.679
000922.CSI,20230201,5115.4126,5106.7994,5117.2224,5076.9502,5099.7113,15.7013,0.3079,33322693.14,29326506.547
000922.CSI,20230131,5099.7113,5078.6534,5105.5017,5071.6017,5088.4584,11.2529,0.2211,29629540.19,26545975.312
000922.CSI,20230130,5088.4584,5147.5287,5151.2477,5085.481,5106.6742,-18.2158,-0.3567,40459308.51,35940448.688
000922.CSI,20230120,5106.6742,5063.0695,5106.6742,5059.654,5057.0592,49.615,0.9811,30469732.3,26566635.06
000922.CSI,20230119,5057.0592,5035.1082,5057.0592,5015.1213,5036.7192,20.34,0.4038,23781433.37,21380163.427
000922.CSI,20230118,5036.7192,5036.3428,5049.8984,5030.0312,5030.9612,5.758,0.1145,24105095.77,20727125.232
000922.CSI,20230117,5030.9612,5044.0479,5044.0479,5016.8,5038.5611,-7.5999,-0.1508,25282362.1,21712978.076
000922.CSI,20230116,5038.5611,5029.8165,5062.0235,5017.5946,5019.2458,19.3153,0.3848,39985888.81,32941169.93
000922.CSI,20230113,5019.2458,4980.2143,5019.2458,4977.0811,4976.5391,42.7067,0.8582,26489980.5,22772044.74
000922.CSI,20230112,4976.5391,4991.519,4991.519,4958.3843,4995.8475,-19.3084,-0.3865,25091791.79,21813111.414
000922.CSI,20230111,4995.8475,4972.8098,5014.8169,4968.0471,4968.9988,26.8487,0.5403,29279049.56,28697313.203
000922.CSI,20230110,4968.9988,4996.6556,4996.6556,4966.1458,4997.3119,-28.3131,-0.5666,28627367.52,24065045.719
000922.CSI,20230109,4997.3119,5012.4186,5016.6553,4986.0728,5000.1082,-2.7963,-0.0559,30636809.89,26153572.247
000922.CSI,20230106,5000.1082,5013.5504,5019.3212,4988.9742,5010.5086,-10.4004,-0.2076,29884265.58,24821685.853
000922.CSI,20230105,5010.5086,5004.5537,5017.8176,4992.16,4996.9112,13.5974,0.2721,31750754.92,26990465.577
000922.CSI,20230104,4996.9112,4957.7888,5012.8184,4945.9862,4957.7815,39.1297,0.7893,39729525.11,33240590.83
000922.CSI,20230103,4957.7815,4925.9635,4961.9449,4914.431,4925.8579,31.9236,0.6481,33364963.7,27865570.675
000922.CSI,20221230,4925.8579,4909.3442,4934.6138,4896.1463,4892.7946,33.0633,0.6758,27845240.49,21509555.228
000922.CSI,20221229,4892.7946,4926.167,4926.2076,4884.7136,4936.895,-44.1004,-0.8933,25610964.35,20606211.182
000922.CSI,20221228,4936.895,4919.0527,4948.3488,4898.7681,4928.713,8.182,0.166,26254837.52,20500285.642
000922.CSI,20221227,4928.713,4895.1347,4935.3182,4895.106,4877.9674,50.7456,1.0403,25973750.98,20646509.03
000922.CSI,20221226,4877.9674,4887.9248,4892.9541,4870.5852,4890.0072,-12.0398,-0.2462,23910426.03,19192548.371
000922.CSI,20221223,4890.0072,4882.9685,4923.1996,4870.8074,4896.1758,-6.1686,-0.126,20497135.84,16266747.552
000922.CSI,20221222,4896.1758,4962.3495,4974.5226,4881.0636,4930.9022,-34.7264,-0.7043,24039586.48,19878887.718
000922.CSI,20221221,4930.9022,4934.5976,4969.418,4920.8496,4928.7312,2.171,0.044,19013796.37,15597169.753
000922.CSI,20221220,4928.7312,4965.5146,4980.9215,4913.3904,4978.9303,-50.1991,-1.0082,26117655.17,21112288.688
000922.CSI,20221219,4978.9303,5076.2475,5090.5562,4959.719,5083.3404,-104.4101,-2.054,31056453.79,25904753.958
000922.CSI,20221216,5083.3404,5016.9328,5101.0786,5016.659,5030.6117,52.7287,1.0482,34386328.13,28484528.466
000922.CSI,20221215,5030.6117,5076.9188,5085.5751,5025.6831,5082.2494,-51.6377,-1.016,27474606.51,24087706.152
000922.CSI,20221214,5082.2494,5099.2942,5103.7595,5070.8733,5101.5963,-19.3469,-0.3792,28527950.06,24741197.735
000922.CSI,20221213,5101.5963,5074.7985,5115.0555,5074.2895,5077.8586,23.7377,0.4675,30599358.71,26009424.069
000922.CSI,20221212,5077.8586,5156.2634,5165.4988,5074.3628,5151.5545,-73.6959,-1.4306,42825677.77,37838611.351
000922.CSI,20221209,5151.5545,5109.6506,5158.5749,5092.8264,5106.7151,44.8394,0.878,54549106.14,45473969.214
000922.CSI,20221208,5106.7151,5096.2051,5123.9155,5078.3109,5095.9529,10.7622,0.2112,39136603.33,30474675.647
000922.CSI,20221207,5095.9529,5120.2032,5123.9174,5068.5792,5125.573,-29.6201,-0.5779,43815929.38,34673161.773
000922.CSI,20221206,5125.573,5137.1924,5148.6266,5103.9028,5151.1459,-25.5729,-0.4965,44657844.42,33620931.635
000922.CSI,20221205,5151.1459,5113.3422,5161.145,5113.3422,5077.2213,73.9246,1.456,57407025.35,44067565.857
000922.CSI,20221202,5077.2213,5083.9401,5086.959,5045.7194,5093.5771,-16.3558,-0.3211,42231869.18,33640457.958
000922.CSI,20221201,5093.5771,5149.9377,5165.7479,5086.9076,5120.0521,-26.475,-0.5171,56100923.1,41805038.498
000922.CSI,20221130,5120.0521,5128.0291,5180.4381,5099.6174,5129.6265,-9.5744,-0.1866,66473835.13,49743508.046
000922.CSI,20221129,5129.6265,5042.0512,5134.6687,5037.0452,4986.3839,143.2426,2.8727,70667181.27,53460997.28
000922.CSI,20221128,4986.3839,4948.6245,4990.0054,4919.8129,5007.6149,-21.231,-0.424,44442950.98,32371766.659
000922.CSI,20221125,5007.6149,4942.4603,5018.8399,4935.2006,4945.974,61.6409,1.2463,57340017.0,41139697.878
000922.CSI,20221124,4945.974,4931.6946,4952.3012,4919.5309,4910.7696,35.2044,0.7169,32640031.94,24921276.642
000922.CSI,20221123,4910.7696,4890.9366,4923.6709,4880.2804,4899.1869,11.5827,0.2364,42572784.0,28938307.951
000922.CSI,20221122,4899.1869,4899.6671,4937.4784,4877.3932,4894.16,5.0269,0.1027,41477939.24,29393587.561
000922.CSI,20221121,4894.16,4866.4275,4894.857,4827.6243,4891.5442,2.6158,0.0535,29448138.9,23617823.218
000922.CSI,20221118,4891.5442,4920.3052,4935.2481,4890.2535,4924.1986,-32.6544,-0.6631,31826516.28,24185761.045
000922.CSI,20221117,4924.1986,4933.2465,4936.5678,4890.9555,4943.7381,-19.5395,-0.3952,32877356.42,27792828.552
000922.CSI,20221116,4943.7381,4960.1295,4965.8644,4934.6854,4961.8809,-18.1428,-0.3656,34856911.95,27614645.065
000922.CSI,20221115,4961.8809,4907.4767,4962.6541,4893.8361,4914.2351,47.6458,0.9695,42857324.21,34802953.741
000922.CSI,20221114,4914.2351,4948.4909,4985.4432,4900.2188,4900.0226,14.2125,0.29,63448271.62,50224162.385
000922.CSI,20221111,4900.0226,4866.0839,4938.9683,4848.4257,4793.4693,106.5533,2.2229,58490571.84,43097802.329
000922.CSI,20221110,4793.4693,4773.6011,4811.0825,4734.9944,4795.2336,-1.7643,-0.0368,31894559.87,21634283.766
000922.CSI,20221109,4795.2336,4793.5522,4831.867,4793.5522,4790.0193,5.2143,0.1089,30917681.06,23230592.783
000922.CSI,20221108,4790.0193,4790.0389,4799.6709,4770.6041,4784.9273,5.092,0.1064,27140025.47,21486038.688
000922.CSI,20221107,4784.9273,4742.2558,4803.4974,4736.2619,4750.5437,34.3836,0.7238,32184445.92,24896361.659
000922.CSI,20221104,4750.5437,4656.7145,4768.4578,4656.2874,4654.3345,96.2092,2.0671,37690279.73,29335046.146
000922.CSI,20221103,4654.3345,4647.0392,4670.5543,4637.9239,4679.5331,-25.1986,-0.5385,29186963.46,21914273.901
000922.CSI,20221102,4679.5331,4613.8911,4697.7138,4604.3175,4622.1442,57.3889,1.2416,41048912.98,29963764.635
000922.CSI,20221101,4622.1442,4573.3595,4622.2285,4541.7094,4561.9989,60.1453,1.3184,52564431.04,37958157.771
000922.CSI,20221031,4561.9989,4595.0158,4614.5599,4547.5011,4628.8304,-66.8315,-1.4438,45917080.84,35269503.049
000922.CSI,20221028,4628.8304,4737.4238,4738.2108,4617.9718,4754.4951,-125.6647,-2.6431,38948058.02,30186108.249
000922.CSI,20221027,4754.4951,4740.0996,4787.8118,4737.8074,4741.7555,12.7396,0.2687,37276327.13,27656172.836
000922.CSI,20221026,4741.7555,4758.7633,4786.6189,4725.6021,4753.564,-11.8085,-0.2484,40245854.13,29338287.081
000922.CSI,20221025,4753.564,4765.4536,4784.3958,4709.3812,4772.9081,-19.3441,-0.4053,31395529.35,24026657.346
000922.CSI,20221024,4772.9081,4876.2082,4901.1113,4755.5074,4878.474,-105.5659,-2.1639,41669932.5,30937588.896
000922.CSI,20221021,4878.474,4864.2591,4912.0536,4860.4888,4855.4973,22.9767,0.4732,30563830.11,23068871.196
000922.CSI,20221020,4855.4973,4880.8329,4907.1768,4844.5388,4901.7465,-46.2492,-0.9435,28625265.96,22089480.531
000922.CSI,20221019,4901.7465,4929.0351,4956.4872,4900.4653,4941.3127,-39.5662,-0.8007,25001016.46,22159247.216
000922.CSI,20221018,4941.3127,4942.3173,4967.6705,4923.542,4935.9049,5.4078,0.1096,27659455.28,23245254.219
000922.CSI,20221017,4935.9049,4912.6068,4940.8123,4859.2638,4934.5125,1.3924,0.0282,30879158.49,25119713.389
000922.CSI,20221014,4934.5125,4891.2949,4959.6333,4891.2949,4878.2975,56.215,1.1523,35399463.85,26660549.489
000922.CSI,20221013,4878.2975,4897.1128,4905.7996,4831.0005,4924.6696,-46.3721,-0.9416,31510142.36,26629190.081
000922.CSI,20221012,4924.6696,4848.6358,4924.6696,4788.6066,4856.6655,68.0041,1.4002,29645092.85,23105253.546
000922.CSI,20221011,4856.6655,4857.268,4864.7888,4791.5573,4856.0239,0.6416,0.0132,28624069.1,22005463.901
000922.CSI,20221010,4856.0239,4886.7044,4952.7719,4847.247,4869.9909,-13.967,-0.2868,39102681.78,29705892.89
000922.CSI,20220930,4869.9909,4858.0305,4918.0915,4844.3332,4846.587,23.4039,0.4829,29771074.52,24141922.421
000922.CSI,20220929,4846.587,4904.8634,4921.6683,4823.2974,4869.6435,-23.0565,-0.4735,29732476.12,23251814.446
000922.CSI,20220928,4869.6435,4925.8583,4927.7125,4869.6435,4930.363,-60.7195,-1.2315,26985793.41,20933976.508
000922.CSI,20220927,4930.363,4883.8008,4930.363,4826.7324,4872.4905,57.8725,1.1877,29278271.05,23040669.207
000922.CSI,20220926,4872.4905,4934.4032,4962.1469,4865.7294,4962.2136,-89.7231,-1.8081,35778940.61,25614397.044
000922.CSI,20220923,4962.2136,5006.421,5052.4402,4950.4873,5015.0548,-52.8412,-1.0537,33762937.7,24311748.363
000922.CSI,20220922,5015.0548,4995.6335,5027.7759,4987.8599,5020.6196,-5.5648,-0.1108,29318077.58,23819071.119
000922.CSI,20220921,5020.6196,4970.8266,5036.0903,4938.6605,4980.3913,40.2283,0.8077,29711946.22,22215404.318
000922.CSI,20220920,4980.3913,5001.6831,5016.4708,4968.1474,4975.774,4.6173,0.0928,30635856.21,24143184.025
000922.CSI,20220919,4975.774,4969.6455,4999.4328,4931.6238,4975.1508,0.6232,0.0125,34029856.95,26102333.532
000922.CSI,20220916,4975.1508,5115.9224,5134.9884,4975.1508,5134.2684,-159.1176,-3.0991,45260540.02,37168477.309
000922.CSI,20220915,5134.2684,5173.7723,5206.6156,5074.9705,5144.5946,-10.3262,-0.2007,44736958.15,36731592.057
000922.CSI,20220914,5144.5946,5129.0657,5173.0907,5123.7601,5187.6275,-43.0329,-0.8295,28498903.5,22631482.095
000922.CSI,20220913,5187.6275,5227.3356,5228.9239,5174.1453,5222.8554,-35.2279,-0.6745,34705736.47,28142572.695
000922.CSI,20220909,5222.8554,5168.8282,5230.5849,5165.9242,5168.4662,54.3892,1.0523,38667193.22,33267660.782
000922.CSI,20220908,5168.4662,5180.0673,5188.6152,5144.4993,5187.116,-18.6498,-0.3595,27530695.96,23941274.764
000922.CSI,20220907,5187.116,5180.9807,5194.6039,5156.3347,5201.739,-14.623,-0.2811,28675258.6,25353522.252
000922.CSI,20220906,5201.739,5122.971,5201.739,5113.5425,5115.8301,85.9089,1.6793,36404161.91,31783678.711
000922.CSI,20220905,5115.8301,5050.3348,5115.8301,5037.2267,5040.1258,75.7043,1.502,30610996.94,27504805.799
000922.CSI,20220902,5040.1258,5039.4976,5058.7648,5020.094,5043.0279,-2.9021,-0.0575,26722211.8,22164453.885
000922.CSI,20220901,5043.0279,5018.2657,5098.2703,5000.5016,5009.623,33.4049,0.6668,32870991.61,29018391.526
000922.CSI,20220831,5009.623,5056.7486,5062.4971,4996.9244,5060.863,-51.24,-1.0125,39747471.96,33456441.392
000922.CSI,20220830,5060.863,5088.6025,5103.4579,5031.2108,5090.8457,-29.9827,-0.589,31234491.89,26881270.763
000922.CSI,20220829,5090.8457,5010.0736,5093.7643,4985.3465,5051.2158,39.6299,0.7846,31625442.83,29367782.068
000922.CSI,20220826,5051.2158,5069.0505,5095.9414,5037.6221,5073.6245,-22.4087,-0.4417,27327130.15,26686776.062
000922.CSI,20220825,5073.6245,5001.6474,5076.227,4997.7346,4984.4626,89.1619,1.7888,32064975.7,31253120.805
000922.CSI,20220824,4984.4626,5076.1571,5081.6827,4979.4336,5075.6273,-91.1647,-1.7961,31780429.96,28803019.709
000922.CSI,20220823,5075.6273,5043.0122,5087.5133,5021.1088,5050.9213,24.706,0.4891,27714924.85,26141923.076
000922.CSI,20220822,5050.9213,5007.4232,5054.5982,4997.5126,5006.9979,43.9234,0.8772,30010755.39,26747324.091
000922.CSI,20220819,5006.9979,4972.3108,5032.4249,4970.7051,4969.3372,37.6607,0.7579,31197005.33,27771103.997
000922.CSI,20220818,4969.3372,5006.8076,5010.18,4958.8397,5012.0491,-42.7119,-0.8522,24968148.3,22096440.699
000922.CSI,20220817,5012.0491,5001.9442,5019.6215,4982.387,4996.1046,15.9445,0.3191,32146937.05,28353308.414
000922.CSI,20220816,4996.1046,4976.3774,5003.4424,4969.067,4969.8452,26.2594,0.5284,28716058.79,25213933.744
000922.CSI,20220815,4969.8452,4956.6507,4989.1605,4943.6091,4957.3534,12.4918,0.252,27594591.72,24493933.464
000922.CSI,20220812,4957.3534,4924.5692,4965.1849,4922.4593,4923.7214,33.632,0.6831,28087576.96,22701915.699
000922.CSI,20220811,4923.7214,4885.5453,4926.0132,4876.6704,4862.6151,61.1063,1.2567,27581853.2,22368934.986
000922.CSI,20220810,4862.6151,4883.1815,4884.6679,4846.444,4883.649,-21.0339,-0.4307,21091412.4,18862880.624
000922.CSI,20220809,4883.649,4874.41,4890.4425,4854.0627,4873.2309,10.4181,0.2138,23908216.17,21256445.153
000922.CSI,20220808,4873.2309,4794.2707,4876.8677,4785.9355,4797.1442,76.0867,1.5861,27418668.64,23365633.172
000922.CSI,20220805,4797.1442,4768.3072,4800.6991,4733.7968,4762.2823,34.8619,0.732,24779906.07,21460350.152
000922.CSI,20220804,4762.2823,4753.1875,4764.1045,4705.0574,4736.1082,26.1741,0.5526,27909112.83,22641497.128
000922.CSI,20220803,4736.1082,4800.0923,4853.5604,4734.7714,4798.7797,-62.6715,-1.306,32530409.8,27697380.932
000922.CSI,20220802,4798.7797,4897.1975,4897.1975,4756.3516,4937.8859,-139.1062,-2.8171,39326021.71,31300061.939
000922.CSI,20220801,4937.8859,4918.2483,4946.6024,4889.9519,4921.7183,16.1676,0.3285,30166556.65,27756077.482
000922.CSI,20220729,4921.7183,4968.0206,4976.1209,4918.2899,4962.8899,-41.1716,-0.8296,32881206.77,28418824.738
000922.CSI,20220728,4962.8899,4954.9618,4968.7213,4939.6035,4943.2277,19.6622,0.3978,30744413.52,25417997.028
000922.CSI,20220727,4943.2277,4934.1908,4954.6441,4907.562,4938.786,4.4417,0.0899,27644283.97,23166154.782
000922.CSI,20220726,4938.786,4870.9269,4949.0462,4857.5592,4869.8414,68.9446,1.4157,31305886.8,25579929.32
000922.CSI,20220725,4869.8414,4881.6649,4901.4267,4860.5857,4874.2956,-4.4542,-0.0914,26448196.2,22745213.936
000922.CSI,20220722,4874.2956,4893.8415,4906.0805,4841.6134,4896.2076,-21.912,-0.4475,29835755.83,25334706.672
000922.CSI,20220721,4896.2076,4961.5763,4961.5763,4896.2076,4968.2179,-72.0103,-1.4494,35700354.92,32122939.017
000922.CSI,20220720,4968.2179,4957.9447,4972.0606,4945.831,4951.3882,16.8297,0.3399,28718935.49,25263746.967
000922.CSI,20220719,4951.3882,4940.2711,4958.5863,4918.229,4932.1107,19.2775,0.3909,32716174.89,28306945.014
000922.CSI,20220718,4932.1107,4829.2559,4932.1107,4829.2559,4813.9362,118.1745,2.4548,38259724.16,33073788.005
000922.CSI,20220715,4813.9362,4908.4162,4920.4759,4813.9362,4937.89,-123.9538,-2.5103,51266315.16,41711265.144
000922.CSI,20220714,4937.89,4977.6999,4982.5887,4926.0082,5004.2743,-66.3843,-1.3266,49253121.3,37356811.538
000922.CSI,20220713,5004.2743,4989.7801,5020.1071,4971.7098,4997.9361,6.3382,0.1268,43956002.65,35396719.082
000922.CSI,20220712,4997.9361,4994.6858,5032.976,4982.496,4997.901,0.0351,0.0007,41479162.83,33324979.016
000922.CSI,20220711,4997.901,5048.7124,5048.7124,4979.3563,5070.861,-72.96,-1.4388,40571811.04,34369334.68
000922.CSI,20220708,5070.861,5092.5358,5099.2137,5064.4143,5081.066,-10.205,-0.2008,32577428.14,30875357.741
000922.CSI,20220707,5081.066,5049.2665,5094.9254,5032.8175,5050.6118,30.4542,0.603,33450182.81,30879558.055
000922.CSI,20220706,5050.6118,5125.6491,5125.6491,5021.1633,5151.2179,-100.6061,-1.9531,42874216.99,36980464.837
000922.CSI,20220705,5151.2179,5150.8609,5173.8239,5108.3963,5143.8105,7.4074,0.144,42257170.62,38414337.498
000922.CSI,20220704,5143.8105,5127.9782,5143.8105,5110.5589,5125.9429,17.8676,0.3486,40246212.72,36938361.019
000922.CSI,20220701,5125.9429,5109.6496,5136.3496,5072.7603,5106.4698,19.4731,0.3813,38501811.98,36607140.357
000922.CSI,20220630,5106.4698,5089.917,5123.9051,5083.6141,5091.243,15.2268,0.2991,44771197.78,40881294.443
000922.CSI,20220629,5091.243,5107.4626,5145.9136,5090.3324,5125.1371,-33.8941,-0.6613,51483782.48,45355676.305
000922.CSI,20220628,5125.1371,5081.5707,5125.7771,5074.2775,5079.5629,45.5742,0.8972,41242168.6,36368351.272
000922.CSI,20220627,5079.5629,5042.1165,5090.0448,5039.2602,5033.9618,45.6011,0.9059,44806217.91,37864400.998
000922.CSI,20220624,5033.9618,5038.6755,5052.5618,5012.7192,5039.9466,-5.9848,-0.1187,40856703.96,34508973.204
000922.CSI,20220623,5039.9466,4973.6803,5039.9466,4958.1594,4970.5763,69.3703,1.3956,38844038.82,33007244.698
000922.CSI,20220622,4970.5763,5044.3561,5044.3561,4966.9849,5037.4703,-66.894,-1.3279,37094920.25,30538343.102
000922.CSI,20220621,5037.4703,5028.3424,5064.182,4998.6573,5035.0745,2.3958,0.0476,45522208.44,36618588.214
000922.CSI,20220620,5035.0745,5036.9139,5051.102,5005.7104,5056.8537,-21.7792,-0.4307,46828347.63,40697607.297
000922.CSI,20220617,5056.8537,5032.2436,5065.0715,4999.9302,5058.3695,-1.5158,-0.03,38452571.04,32207563.004
000922.CSI,20220616,5058.3695,5126.9988,5160.4408,5045.0638,5137.3642,-78.9947,-1.5377,46810174.57,40643577.01
000922.CSI,20220615,5137.3642,5134.3181,5214.9512,5119.6982,5143.2939,-5.9297,-0.1153,65390707.12,53520764.761
000922.CSI,20220614,5143.2939,5032.9185,5144.4366,5013.1087,5071.6427,71.6512,1.4128,46753529.76,38426887.61
000922.CSI,20220613,5071.6427,5099.8572,5122.3216,5032.1856,5134.1267,-62.484,-1.217,48232604.8,40165615.283
000922.CSI,20220610,5134.1267,5054.2693,5142.896,5045.5808,5100.7594,33.3673,0.6542,54240011.48,41273233.948
000922.CSI,20220609,5100.7594,5115.3173,5153.5789,5072.5138,5125.1709,-24.4115,-0.4763,48985627.57,41449858.893
000922.CSI,20220608,5125.1709,5090.8919,5127.2195,5029.138,5087.4234,37.7475,0.742,45600680.0,38443345.544
000922.CSI,20220607,5087.4234,5063.3103,5100.5123,5044.5824,5073.1216,14.3018,0.2819,43670106.78,36323226.696
000922.CSI,20220606,5073.1216,5053.7653,5074.7912,5019.3663,5054.2338,18.8878,0.3737,51978800.84,43420870.053
000922.CSI,20220602,5054.2338,5074.2898,5074.2898,5029.8912,5093.2163,-38.9825,-0.7654,36225861.73,31113092.474
000922.CSI,20220601,5093.2163,5057.378,5095.0753,5044.1671,5070.5271,22.6892,0.4475,36236707.33,30518736.622
000922.CSI,20220531,5070.5271,5062.7977,5077.5437,5040.7238,5072.0614,-1.5343,-0.0303,41495329.11,34313888.102
000922.CSI,20220530,5072.0614,5076.9815,5079.7123,5033.9529,5074.4263,-2.3649,-0.0466,39487319.94,31724080.241
000922.CSI,20220527,5074.4263,5081.2826,5093.3846,5039.0776,5081.9916,-7.5653,-0.1489,36977505.07,31378535.035
000922.CSI,20220526,5081.9916,5027.3598,5091.4468,4994.9453,5031.2878,50.7038,1.0078,40170150.64,33476382.095
000922.CSI,20220525,5031.2878,4943.8912,5031.2878,4932.8213,4951.5297,79.7581,1.6108,35530382.55,28296238.722
000922.CSI,20220524,4951.5297,5080.7772,5085.4132,4951.5297,5084.9867,-133.457,-2.6245,46263531.12,37526672.357
000922.CSI,20220523,5084.9867,5081.7755,5092.41,5057.1433,5070.655,14.3317,0.2826,43254205.83,36286473.541
000922.CSI,20220520,5070.655,5021.5815,5072.3274,5020.2838,5024.2502,46.4048,0.9236,48836106.62,39794175.379
000922.CSI,20220519,5024.2502,4935.531,5024.278,4926.6645,5006.19,18.0602,0.3608,40534658.05,31617217.639
000922.CSI,20220518,5006.19,5027.8082,5041.6578,4987.9161,5040.8226,-34.6326,-0.687,36885674.74,30854796.319
000922.CSI,20220517,5040.8226,5065.8236,5071.2044,4994.2652,5078.7809,-37.9583,-0.7474,43515497.33,36109396.47
000922.CSI,20220516,5078.7809,5081.0284,5093.7274,5033.1272,5028.3112,50.4697,1.0037,47109106.91,39843701.071
000922.CSI,20220513,5028.3112,4920.3562,5028.3112,4920.3562,4911.5352,116.776,2.3776,43638990.92,37743072.729
000922.CSI,20220512,4911.5352,4909.2481,4951.668,4869.0558,4923.273,-11.7378,-0.2384,36583039.59,29369478.121
000922.CSI,20220511,4923.273,4923.4742,4978.7479,4916.6312,4930.6719,-7.3989,-0.1501,50511419.72,40004286.959
000922.CSI,20220510,4930.6719,4856.3177,4930.9977,4816.3221,4934.0392,-3.3673,-0.0682,48600856.63,38092889.857
000922.CSI,20220509,4934.0392,4897.783,4942.8679,4879.1917,4921.834,12.2052,0.248,34809203.03,27769535.124
000922.CSI,20220506,4921.834,4952.8746,4995.3522,4905.3742,5052.006,-130.172,-2.5766,42740288.15,33630257.127
000922.CSI,20220505,5052.006,5022.9494,5067.2259,4999.9503,5019.2283,32.7777,0.653,60283566.85,46331662.094
000922.CSI,20220429,5019.2283,4910.5239,5020.6255,4881.077,4883.1703,136.058,2.7863,66446413.53,53019833.746
000922.CSI,20220428,4883.1703,4806.5296,4905.7999,4796.0614,4820.5909,62.5794,1.2982,56543788.38,44636330.783
000922.CSI,20220427,4820.5909,4720.6684,4820.8503,4675.2166,4766.7064,53.8845,1.1304,59101939.21,45571279.827
000922.CSI,20220426,4766.7064,4857.6133,4899.5016,4753.8386,4859.1573,-92.4509,-1.9026,53213738.71,39540021.392
000922.CSI,20220425,4859.1573,5057.9999,5057.9999,4858.6673,5128.399,-269.2417,-5.25,61272034.11,47056873.305
000922.CSI,20220422,5128.399,5039.0126,5154.2582,5014.333,5062.8475,65.5515,1.2948,48214870.84,37808320.736
000922.CSI,20220421,5062.8475,5176.6512,5207.7207,5047.2979,5182.9115,-120.064,-2.3165,49464053.88,38839903.726
000922.CSI,20220420,5182.9115,5321.4683,5331.9383,5166.5332,5338.5267,-155.6152,-2.9149,49186072.4,42122120.747
000922.CSI,20220419,5338.5267,5278.1851,5346.5607,5238.9264,5276.5601,61.9666,1.1744,45365062.36,39171974.74
000922.CSI,20220418,5276.5601,5297.792,5341.2713,5263.416,5347.8981,-71.338,-1.3339,51820600.31,43802546.489
000922.CSI,20220415,5347.8981,5368.9812,5439.6585,5325.4371,5379.7854,-31.8873,-0.5927,57487670.91,51723392.381
000922.CSI,20220414,5379.7854,5274.7247,5399.2111,5259.6024,5254.4667,125.3187,2.385,47592143.98,42360439.613
000922.CSI,20220413,5254.4667,5245.9713,5323.9267,5205.3733,5264.8159,-10.3492,-0.1966,49205531.11,41631567.805
000922.CSI,20220412,5264.8159,5269.9605,5301.3244,5203.9344,5280.0061,-15.1902,-0.2877,54578255.72,44521062.565
000922.CSI,20220411,5280.0061,5371.4048,5376.7214,5262.605,5399.535,-119.5289,-2.2137,58456659.86,47967217.568
000922.CSI,20220408,5399.535,5349.5557,5400.783,5285.1459,5342.5239,57.0111,1.0671,58589878.07,47446941.926
000922.CSI,20220407,5342.5239,5408.2743,5442.1196,5342.3424,5447.7716,-105.2477,-1.9319,61509450.92,48134743.329
000922.CSI,20220406,5447.7716,5365.1235,5453.7463,5339.5853,5357.4278,90.3438,1.6863,77522836.2,61150305.44
000922.CSI,20220401,5357.4278,5270.6932,5363.4888,5262.0846,5303.2837,54.1441,1.021,59892091.03,49352673.363
000922.CSI,20220331,5303.2837,5242.1622,5348.4804,5240.246,5244.3886,58.8951,1.123,62778988.01,50527436.545
000922.CSI,20220330,5244.3886,5175.7204,5244.5809,5171.9664,5177.7105,66.6781,1.2878,53602563.3,43762747.515
000922.CSI,20220329,5177.7105,5178.678,5197.4013,5148.224,5187.1653,-9.4548,-0.1823,41046411.22,32262034.839
000922.CSI,20220328,5187.1653,5105.0607,5206.4535,5072.9535,5124.2886,62.8767,1.227,49465087.71,37343917.237
000922.CSI,20220325,5124.2886,5119.3995,5189.4007,5111.8258,5128.4379,-4.1493,-0.0809,39992917.65,30520995.599
000922.CSI,20220324,5128.4379,5123.4924,5153.7888,5108.4714,5145.7513,-17.3134,-0.3365,37965077.23,29616220.508
000922.CSI,20220323,5145.7513,5123.4572,5162.224,5086.0847,5131.9307,13.8206,0.2693,49922112.83,40654128.255
000922.CSI,20220322,5131.9307,5035.2121,5153.9862,5027.2612,5046.455,85.4757,1.6938,49477590.24,37865983.693
000922.CSI,20220321,5046.455,5028.1661,5066.4449,4994.5298,5025.4993,20.9557,0.417,40362920.46,33590073.074
000922.CSI,20220318,5025.4993,4887.5244,5034.2832,4875.524,4896.5771,128.9222,2.6329,51579024.95,41153365.505
000922.CSI,20220317,4896.5771,4876.718,4958.5541,4862.735,4811.543,85.0341,1.7673,52324540.48,41944946.219
000922.CSI,20220316,4811.543,4759.5623,4829.1248,4606.2018,4699.8654,111.6776,2.3762,57372583.98,43790934.8
000922.CSI,20220315,4699.8654,4974.1202,4974.7536,4699.8654,5009.3136,-309.4482,-6.1775,66667306.41,50113388.973
000922.CSI,20220314,5009.3136,5078.2452,5150.3537,5009.3136,5120.3066,-110.993,-2.1677,39853343.05,32315738.205
000922.CSI,20220311,5120.3066,5048.5401,5126.2478,4969.5334,5087.3541,32.9525,0.6477,42953514.58,33946698.18
000922.CSI,20220310,5087.3541,5078.095,5132.5889,5024.8915,5024.8136,62.5405,1.2446,38193254.81,32655721.188
000922.CSI,20220309,5024.8136,5107.3567,5142.7129,4866.5369,5090.0852,-65.2716,-1.2823,59872460.71,47731643.468
000922.CSI,20220308,5090.0852,5253.7505,5255.8257,5088.2142,5271.5195,-181.4343,-3.4418,49412143.67,41324895.577
000922.CSI,20220307,5271.5195,5344.163,5356.6645,5253.2988,5329.2221,-57.7026,-1.0828,48647603.72,41055138.612
000922.CSI,20220304,5329.2221,5336.9492,5365.8654,5282.299,5355.0094,-25.7873,-0.4816,42241721.28,36362940.482
000922.CSI,20220303,5355.0094,5311.6507,5364.4613,5311.4,5298.648,56.3614,1.0637,49329869.27,39855622.091
000922.CSI,20220302,5298.648,5260.5652,5303.5971,5253.2934,5263.5754,35.0726,0.6663,34441578.03,28759573.876
000922.CSI,20220301,5263.5754,5230.2904,5268.7262,5206.7513,5219.1452,44.4302,0.8513,35189584.76,29880445.683
000922.CSI,20220228,5219.1452,5214.2298,5220.985,5155.8982,5215.192,3.9532,0.0758,37109086.33,30944098.564
000922.CSI,20220225,5215.192,5230.7986,5280.4307,5187.3999,5216.4932,-1.3012,-0.0249,45807237.68,37563375.37
000922.CSI,20220224,5216.4932,5302.8696,5318.4725,5171.3525,5319.447,-102.9538,-1.9354,51055923.7,40343440.986
000922.CSI,20220223,5319.447,5332.8965,5345.29,5289.5797,5334.1764,-14.7294,-0.2761,37466448.19,32221297.9
000922.CSI,20220222,5334.1764,5347.0077,5364.0574,5297.4886,5379.5403,-45.3639,-0.8433,35682256.72,31556275.511
000922.CSI,20220221,5379.5403,5347.6333,5386.7711,5316.8285,5345.1594,34.3809,0.6432,36181597.69,31392376.611
000922.CSI,20220218,5345.1594,5228.9014,5345.8989,5220.6878,5244.6059,100.5535,1.9173,40788585.07,35596738.948
000922.CSI,20220217,5244.6059,5263.5659,5264.9561,5229.8109,5268.1763,-23.5704,-0.4474,31653354.44,27176180.353
000922.CSI,20220216,5268.1763,5232.2654,5271.0461,5228.1708,5221.0933,47.083,0.9018,31231829.86,26256436.713
000922.CSI,20220215,5221.0933,5241.2749,5247.9044,5187.3549,5242.9059,-21.8126,-0.416,37565948.78,31455090.965
000922.CSI,20220214,5242.9059,5310.1813,5317.1907,5227.5884,5325.3022,-82.3963,-1.5473,47871017.64,38455941.734
000922.CSI,20220211,5325.3022,5332.5888,5382.1909,5321.111,5336.1947,-10.8925,-0.2041,55370993.61,48401733.197
000922.CSI,20220210,5336.1947,5264.9083,5336.7453,5239.9362,5278.9268,57.2679,1.0848,45050654.33,39113931.648
000922.CSI,20220209,5278.9268,5252.3887,5302.7395,5237.5577,5254.5345,24.3923,0.4642,50166463.57,41058395.022
000922.CSI,20220208,5254.5345,5154.024,5254.5345,5149.9947,5140.6036,113.9309,2.2163,58985848.26,44082715.645
000922.CSI,20220207,5140.6036,5050.9756,5147.7148,5050.9756,5009.7414,130.8622,2.6122,50140661.98,38833412.541
000922.CSI,20220128,5009.7414,5056.4053,5065.5253,4973.5842,5033.8934,-24.152,-0.4798,41445158.85,32383866.463
000922.CSI,20220127,5033.8934,5104.7932,5114.1908,5033.8784,5102.6572,-68.7638,-1.3476,35511339.11,28680598.972
000922.CSI,20220126,5102.6572,5078.8549,5121.6001,5053.5176,5070.7303,31.9269,0.6296,31827258.06,25696096.524
000922.CSI,20220125,5070.7303,5224.2794,5229.0253,5070.317,5252.3922,-181.6619,-3.4587,40015107.74,32227466.288
000922.CSI,20220124,5252.3922,5258.0784,5286.1143,5209.6806,5276.7259,-24.3337,-0.4612,39027135.4,32515562.564
000922.CSI,20220121,5276.7259,5314.4053,5322.0046,5262.9882,5318.1383,-41.4124,-0.7787,43104389.31,36471540.273
000922.CSI,20220120,5318.1383,5340.9052,5375.8519,5300.3883,5338.3387,-20.2004,-0.3784,56943312.61,47729881.743
000922.CSI,20220119,5338.3387,5305.4758,5363.2069,5301.0429,5303.1783,35.1604,0.663,48790852.76,43797117.086
000922.CSI,20220118,5303.1783,5257.6672,5321.216,5237.5283,5251.1609,52.0174,0.9906,47230843.58,38948507.383
000922.CSI,20220117,5251.1609,5238.6126,5267.4137,5234.0559,5235.9777,15.1832,0.29,32025511.01,28016548.488
000922.CSI,20220114,5235.9777,5309.7882,5310.2257,5233.3304,5331.4973,-95.5196,-1.7916,47664453.27,38883923.752
000922.CSI,20220113,5331.4973,5346.2273,5386.6419,5329.9491,5347.7161,-16.2188,-0.3033,46053230.47,38212552.093
000922.CSI,20220112,5347.7161,5365.8796,5366.3964,5306.7839,5371.9026,-24.1865,-0.4502,42846877.65,37025144.957
000922.CSI,20220111,5371.9026,5340.9912,5400.6136,5338.6183,5347.8286,24.074,0.4502,50903626.94,44903401.181
000922.CSI,20220110,5347.8286,5293.7861,5348.7702,5289.3235,5296.2818,51.5468,0.9733,48843552.48,40959920.815
000922.CSI,20220107,5296.2818,5277.5235,5347.4737,5277.5235,5281.6173,14.6645,0.2777,58717789.44,48082318.089
000922.CSI,20220106,5281.6173,5242.0675,5284.4363,5237.6589,5258.0069,23.6104,0.449,44104249.99,38731914.308
000922.CSI,20220105,5258.0069,5257.4126,5272.9902,5223.6084,5272.7556,-14.7487,-0.2797,53610032.61,47402969.547
000922.CSI,20220104,5272.7556,5235.9328,5284.0567,5230.3987,5209.9023,62.8533,1.2064,43692615.38,41075424.301
000922.CSI,20211231,5209.9023,5160.572,5217.7138,5156.2729,5158.3534,51.5489,0.9993,30115162.44,28159297.16
000922.CSI,20211230,5158.3534,5144.3967,5166.5845,5143.2331,5145.0328,13.3206,0.2589,28949059.01,25272917.719
000922.CSI,20211229,5145.0328,5157.2478,5162.0807,5139.0359,5160.6195,-15.5867,-0.302,28081524.86,25172441.308
000922.CSI,20211228,5160.6195,5187.8864,5188.3154,5139.802,5186.5718,-25.9523,-0.5004,34823997.6,30482106.838
000922.CSI,20211227,5186.5718,5159.5512,5204.6185,5159.5512,5156.0637,30.5081,0.5917,33533873.64,31351696.516
000922.CSI,20211224,5156.0637,5189.2173,5189.6619,5140.7098,5186.9166,-30.8529,-0.5948,33299898.53,30384606.926
000922.CSI,20211223,5186.9166,5162.4443,5197.0173,5148.3666,5166.8515,20.0651,0.3883,35927991.16,33045114.986
000922.CSI,20211222,5166.8515,5191.7949,5191.7949,5150.29,5186.4851,-19.6336,-0.3786,35846134.73,29502482.948
000922.CSI,20211221,5186.4851,5078.0566,5190.4507,5077.9302,5084.1384,102.3467,2.0131,45543652.49,37161144.984
000922.CSI,20211220,5084.1384,5123.6066,5152.4378,5079.0257,5129.7383,-45.5999,-0.8889,37993456.66,33028691.76
000922.CSI,20211217,5129.7383,5162.056,5177.9795,5127.7641,5162.8637,-33.1254,-0.6416,39406459.67,36404589.114
000922.CSI,20211216,5162.8637,5104.8288,5163.4723,5103.9393,5087.3927,75.471,1.4835,46158581.99,39320565.648
000922.CSI,20211215,5087.3927,5063.8157,5107.7008,5052.4489,5064.5912,22.8015,0.4502,36241245.41,32544092.894
000922.CSI,20211214,5064.5912,5101.7936,5102.1915,5060.8686,5117.0872,-52.496,-1.0259,41381537.66,37662639.814
000922.CSI,20211213,5117.0872,5141.2264,5153.002,5112.7669,5118.5648,-1.4776,-0.0289,51453328.92,47945387.798
000922.CSI,20211210,5118.5648,5115.9326,5128.3404,5090.1559,5130.746,-12.1812,-0.2374,50753803.18,47795584.723
000922.CSI,20211209,5130.746,5121.8593,5144.3193,5109.3443,5124.2078,6.5382,0.1276,49718163.18,51961298.339
000922.CSI,20211208,5124.2078,5128.8188,5128.9606,5087.5548,5119.5989,4.6089,0.09,41019190.21,43235278.573
000922.CSI,20211207,5119.5989,5137.9928,5151.2658,5060.9392,5092.9239,26.675,0.5238,52715064.56,55962122.437
000922.CSI,20211206,5092.9239,5147.6962,5176.037,5091.7992,5150.0489,-57.125,-1.1092,44994715.82,47809188.128
000922.CSI,20211203,5150.0489,5118.2053,5159.2561,5072.1731,5114.324,35.7249,0.6985,37982287.27,41400146.722
000922.CSI,20211202,5114.324,5097.7025,5124.8469,5079.4706,5103.4783,10.8457,0.2125,41100007.91,45150114.543
000922.CSI,20211201,5103.4783,5049.3943,5103.4783,5036.3422,5044.1175,59.3608,1.1768,32980902.38,34411452.703
000922.CSI,20211130,5044.1175,5040.89,5071.461,5023.8041,5029.2862,14.8313,0.2949,29427955.1,30771032.059
000922.CSI,20211129,5029.2862,5000.9684,5029.8392,4983.8002,5061.096,-31.8098,-0.6285,32617546.81,31729653.554
000922.CSI,20211126,5061.096,5079.6473,5100.8571,5058.112,5097.9714,-36.8754,-0.7233,27804275.23,30545015.073
000922.CSI,20211125,5097.9714,5132.8872,5132.8872,5082.1565,5120.1412,-22.1698,-0.433,27673891.86,27932552.309
000922.CSI,20211124,5120.1412,5108.2,5127.0711,5086.2588,5095.6041,24.5371,0.4815,32960469.76,33704127.774
000922.CSI,20211123,5095.6041,5072.5792,5119.7936,5060.5692,5067.4266,28.1775,0.5561,34286583.08,35654940.725
000922.CSI,20211122,5067.4266,5068.3793,5083.1641,5050.171,5059.4292,7.9974,0.1581,34276301.17,36789463.64
000922.CSI,20211119,5059.4292,4985.6749,5063.4508,4969.205,4989.2881,70.1411,1.4058,35745168.15,36151127.595
000922.CSI,20211118,4989.2881,5002.2203,5018.2627,4986.498,4992.9592,-3.6711,-0.0735,27091273.36,29749368.72
000922.CSI,20211117,4992.9592,4961.9284,4994.587,4958.2214,4951.6303,41.3289,0.8347,25049592.48,25457741.736
000922.CSI,20211116,4951.6303,4982.0399,5001.9339,4947.075,4979.0,-27.3697,-0.5497,28565247.9,28546515.793
000922.CSI,20211115,4979.0,4963.6012,4982.2799,4940.9887,4970.9613,8.0387,0.1617,29481778.51,31650352.837
000922.CSI,20211112,4970.9613,4990.5437,4993.8706,4951.4084,5005.169,-34.2077,-0.6834,35053228.84,37246971.061
000922.CSI,20211111,5005.169,4930.7623,5007.8901,4925.4461,4932.4344,72.7346,1.4746,47482656.84,51649796.415
000922.CSI,20211110,4932.4344,4932.3022,4934.8812,4849.2307,4937.5171,-5.0827,-0.1029,36109125.99,38913227.442
000922.CSI,20211109,4937.5171,4926.0284,4941.8162,4906.4751,4912.0163,25.5008,0.5192,26911052.44,31691893.858
000922.CSI,20211108,4912.0163,4890.5958,4928.7376,4872.4337,4881.9479,30.0684,0.6159,29928484.62,35150384.983
000922.CSI,20211105,4881.9479,4946.63,4954.0753,4881.9195,4954.035,-72.0871,-1.4551,32733326.93,36281689.619
000922.CSI,20211104,4954.035,4953.8643,4956.6787,4922.3706,4952.7069,1.3281,0.0268,29942435.33,33434959.651
000922.CSI,20211103,4952.7069,4892.4354,4954.409,4886.013,4888.5758,64.1311,1.3119,30614168.05,32981377.502
000922.CSI,20211102,4888.5758,4988.1578,4996.7515,4835.2662,4990.2494,-101.6736,-2.0374,48538771.68,49863714.514
000922.CSI,20211101,4990.2494,4945.2035,5004.4513,4930.5859,4964.6733,25.5761,0.5152,41886616.64,41095883.929
000922.CSI,20211029,4964.6733,4945.4156,4965.9903,4915.6055,4940.0066,24.6667,0.4993,37782051.42,41000705.873
000922.CSI,20211028,4940.0066,5023.8143,5023.8143,4925.1668,5054.6222,-114.6156,-2.2675,38154639.1,39101307.647
000922.CSI,20211027,5054.6222,5110.0792,5110.0792,5034.6401,5132.1961,-77.5739,-1.5115,35968475.99,37693721.644
000922.CSI,20211026,5132.1961,5163.8747,5174.4074,5115.2567,5155.3052,-23.1091,-0.4483,33038024.87,38955364.568
000922.CSI,20211025,5155.3052,5144.4906,5164.5921,5102.8969,5149.8551,5.4501,0.1058,36421539.89,42120660.031
000922.CSI,20211022,5149.8551,5234.5337,5267.11,5146.1208,5243.4528,-93.5977,-1.785,42026659.94,44951873.534
000922.CSI,20211021,5243.4528,5190.8886,5291.3885,5188.7821,5205.6618,37.791,0.726,40447501.97,44093598.831
000922.CSI,20211020,5205.6618,5178.1668,5222.9718,5170.7287,5257.3297,-51.6679,-0.9828,34549451.29,36563696.852
000922.CSI,20211019,5257.3297,5209.852,5268.1057,5186.769,5220.437,36.8927,0.7067,34358379.7,38519790.366
000922.CSI,20211018,5220.437,5144.2907,5221.8924,5130.1437,5143.6428,76.7942,1.493,36936724.66,40208717.634
000922.CSI,20211015,5143.6428,5127.1094,5161.1649,5088.1637,5130.9031,12.7397,0.2483,36426215.46,37027056.57
000922.CSI,20211014,5130.9031,5138.2464,5162.5418,5091.6428,5151.1249,-20.2218,-0.3926,29031021.17,32012465.19
000922.CSI,20211013,5151.1249,5192.4664,5193.0327,5082.7442,5187.6337,-36.5088,-0.7038,36241807.68,37262841.738
000922.CSI,20211012,5187.6337,5271.024,5297.7452,5124.7809,5275.2232,-87.5895,-1.6604,45424607.12,47101390.154
000922.CSI,20211011,5275.2232,5250.3879,5301.4162,5216.843,5244.4434,30.7798,0.5869,44518337.2,48884197.483
000922.CSI,20211008,5244.4434,5316.7183,5326.6859,5207.6821,5245.3479,-0.9045,-0.0172,44777150.32,45987230.437
000922.CSI,20210930,5245.3479,5180.2898,5249.7202,5174.2792,5166.0006,79.3473,1.536,40634123.58,41499413.952
000922.CSI,20210929,5166.0006,5301.3077,5326.6772,5166.0006,5335.0436,-169.043,-3.1685,50703694.26,50047046.131
000922.CSI,20210928,5335.0436,5256.0669,5347.0628,5244.5088,5251.9312,83.1124,1.5825,50216291.05,51287597.526
000922.CSI,20210927,5251.9312,5418.3631,5428.6856,5212.1705,5404.9915,-153.0603,-2.8318,50360486.28,51849807.344
000922.CSI,20210924,5404.9915,5576.6397,5576.6397,5401.7945,5581.6786,-176.6871,-3.1655,49065085.7,52441662.848
000922.CSI,20210923,5581.6786,5649.9997,5685.0468,5564.6061,5574.2948,7.3838,0.1325,53282526.29,56851419.215
000922.CSI,20210922,5574.2948,5439.0246,5574.4621,5434.909,5496.1389,78.1559,1.422,53252269.09,55357050.84
000922.CSI,20210917,5496.1389,5577.7467,5640.8532,5400.9005,5601.5444,-105.4055,-1.8817,48589422.46,49654885.964
000922.CSI,20210916,5601.5444,5730.5541,5765.6534,5601.5444,5687.3106,-85.7662,-1.508,56218694.93,59693930.925
000922.CSI,20210915,5687.3106,5659.7999,5728.7294,5645.7314,5670.9439,16.3667,0.2886,49459782.41,55136475.139
000922.CSI,20210914,5670.9439,5764.6408,5775.268,5658.4828,5772.5134,-101.5695,-1.7595,65574609.75,67533369.091
000922.CSI,20210913,5772.5134,5675.1271,5786.1845,5670.771,5668.778,103.7354,1.8299,59875734.96,66305043.924
000922.CSI,20210910,5668.778,5733.267,5770.0588,5667.5005,5746.5065,-77.7285,-1.3526,72352194.27,74574671.618
000922.CSI,20210909,5746.5065,5650.1254,5749.3702,5620.7701,5639.6195,106.887,1.8953,66068272.02,64187665.445
000922.CSI,20210908,5639.6195,5583.2156,5666.6592,5576.2905,5592.5496,47.0699,0.8417,57764805.73,56213012.798
000922.CSI,20210907,5592.5496,5499.4547,5597.9293,5483.7649,5482.7048,109.8448,2.0035,58387400.23,57435616.917
000922.CSI,20210906,5482.7048,5457.3896,5497.4058,5415.2572,5431.9273,50.7775,0.9348,54011697.28,54750014.574
000922.CSI,20210903,5431.9273,5428.3347,5497.3541,5399.9517,5448.119,-16.1917,-0.2972,55612312.98,54924027.664
000922.CSI,20210902,5448.119,5350.5538,5452.6899,5347.1387,5361.02,87.099,1.6247,57042036.2,58446706.45
000922.CSI,20210901,5361.02,5408.2041,5436.9212,5303.2039,5385.9776,-24.9576,-0.4634,72410025.19,73340100.663
000922.CSI,20210831,5385.9776,5261.2606,5385.9776,5256.4195,5271.5155,114.4621,2.1713,53771718.37,57324938.422
000922.CSI,20210830,5271.5155,5241.3901,5277.1939,5230.8198,5240.6388,30.8767,0.5892,52050904.59,58040858.765
000922.CSI,20210827,5240.6388,5189.2968,5242.1002,5177.7214,5205.1769,35.4619,0.6813,40432363.56,45903507.45
000922.CSI,20210826,5205.1769,5191.9804,5237.3756,5186.6552,5184.7879,20.389,0.3932,41090808.31,44845102.864
000922.CSI,20210825,5184.7879,5130.6349,5186.7082,5110.4003,5122.6226,62.1653,1.2135,34182395.69,36698100.871
000922.CSI,20210824,5122.6226,5099.3188,5141.5499,5088.3677,5080.2207,42.4019,0.8346,36548780.69,40279677.448
000922.CSI,20210823,5080.2207,5047.8784,5088.4801,5047.8784,5022.0882,58.1325,1.1575,35143883.85,38976961.898
000922.CSI,20210820,5022.0882,5012.1724,5032.8968,4959.1787,5014.928,7.1602,0.1428,40655792.25,44972750.754
000922.CSI,20210819,5014.928,5021.0004,5033.6801,4975.5633,5043.6715,-28.7435,-0.5699,40478037.74,43225130.69
000922.CSI,20210818,5043.6715,5018.2171,5051.208,5008.2129,5011.6733,31.9982,0.6385,44717917.14,48739829.956
000922.CSI,20210817,5011.6733,5101.5869,5128.3304,5001.1885,5108.3711,-96.6978,-1.8929,46742471.56,49420715.028
000922.CSI,20210816,5108.3711,5118.7409,5144.4119,5091.9807,5108.1028,0.2683,0.0053,40864999.67,46148902.36
000922.CSI,20210813,5108.1028,5097.6996,5130.1274,5088.7476,5101.5779,6.5249,0.1279,35999885.01,43914367.723
000922.CSI,20210812,5101.5779,5032.0879,5108.9005,5016.4848,5036.9275,64.6504,1.2835,39372698.86,45894266.789
000922.CSI,20210811,5036.9275,4973.7418,5040.314,4973.7418,4959.3887,77.5388,1.5635,53615321.69,55158456.857
000922.CSI,20210810,4959.3887,4940.2876,4959.3887,4928.0524,4950.7131,8.6756,0.1752,38293257.2,43230386.3
000922.CSI,20210809,4950.7131,4875.6453,4953.2671,4862.352,4882.5564,68.1567,1.3959,45141312.48,50736654.817
000922.CSI,20210806,4882.5564,4859.1112,4883.8019,4831.7116,4856.8873,25.6691,0.5285,31045044.72,34406380.831
000922.CSI,20210805,4856.8873,4880.8798,4914.4445,4838.5479,4886.6957,-29.8084,-0.61,37883229.48,41260401.393
000922.CSI,20210804,4886.6957,4823.7764,4889.8135,4819.1446,4812.4302,74.2655,1.5432,34880781.98,37444382.054
000922.CSI,20210803,4812.4302,4847.7345,4870.1411,4806.0868,4870.7121,-58.2819,-1.1966,41206234.57,45132120.693
000922.CSI,20210802,4870.7121,4835.4348,4878.5748,4779.3054,4858.4323,12.2798,0.2528,50211024.07,51954598.25
000922.CSI,20210730,4858.4323,4817.9041,4862.1527,4787.2238,4799.0508,59.3815,1.2374,39717714.01,38492441.806
000922.CSI,20210729,4799.0508,4796.3566,4813.7334,4766.3205,4750.0305,49.0203,1.032,37725453.24,37784697.97
000922.CSI,20210728,4750.0305,4778.3489,4802.4474,4696.0353,4803.4369,-53.4064,-1.1118,45459647.65,43941064.385
000922.CSI,20210727,4803.4369,4949.2304,4982.8906,4803.4369,4951.1313,-147.6944,-2.983,48837643.31,48899293.984
000922.CSI,20210726,4951.1313,5059.0034,5060.8443,4914.1042,5054.1009,-102.9696,-2.0373,46155513.6,47867093.608
000922.CSI,20210723,5054.1009,5126.6966,5135.7404,5046.1014,5134.3525,-80.2516,-1.563,41197543.71,42135270.163
000922.CSI,20210722,5134.3525,5092.9786,5138.0956,5080.6512,5078.7577,55.5948,1.0947,39591512.64,42925268.929
000922.CSI,20210721,5078.7577,5099.734,5119.3371,5065.7496,5079.3166,-0.5589,-0.011,35697655.44,36859017.311
000922.CSI,20210720,5079.3166,5059.1393,5081.1055,5034.8878,5096.5915,-17.2749,-0.339,31269369.83,30227538.12
000922.CSI,20210719,5096.5915,5118.1662,5126.288,5083.2799,5107.8824,-11.2909,-0.221,36729316.63,35154915.265
000922.CSI,20210716,5107.8824,5089.8786,5135.2904,5080.6691,5102.5826,5.2998,0.1039,36292684.15,35659517.319
000922.CSI,20210715,5102.5826,5065.3949,5104.9469,5030.024,5076.1542,26.4284,0.5206,38965873.63,41062068.342
000922.CSI,20210714,5076.1542,5106.5196,5113.8021,5075.3197,5110.6191,-34.4649,-0.6744,42407641.23,43617322.79
000922.CSI,20210713,5110.6191,5079.1655,5113.8367,5059.4048,5077.1501,33.469,0.6592,40321222.55,38197674.046
000922.CSI,20210712,5077.1501,5066.6868,5104.0164,5058.0778,5041.7975,35.3526,0.7012,44922976.63,44834815.711
000922.CSI,20210709,5041.7975,4984.7202,5043.1887,4969.9013,4999.3961,42.4014,0.8481,36471720.65,37989321.246
000922.CSI,20210708,4999.3961,5087.5635,5087.7176,4995.7624,5097.0188,-97.6227,-1.9153,38808249.4,42733595.366
000922.CSI,20210707,5097.0188,5068.0598,5100.2161,5049.4611,5093.2563,3.7625,0.0739,30159771.98,30953639.738
000922.CSI,20210706,5093.2563,5102.505,5111.2705,5044.6176,5102.9435,-9.6872,-0.1898,35550370.48,37487534.271
000922.CSI,20210705,5102.9435,5105.8618,5121.3313,5076.9969,5095.1268,7.8167,0.1534,34491786.1,35304827.756
000922.CSI,20210702,5095.1268,5112.1874,5118.0177,5087.4422,5129.8208,-34.694,-0.6763,37947457.81,41044753.988
000922.CSI,20210701,5129.8208,5151.2758,5185.7391,5123.2474,5153.3965,-23.5757,-0.4575,37786326.68,41620966.529
000922.CSI,20210630,5153.3965,5137.5842,5163.8948,5124.9093,5136.9878,16.4087,0.3194,36716916.47,35946569.49
000922.CSI,20210629,5136.9878,5142.3545,5162.5189,5113.5611,5143.8309,-6.8431,-0.133,37573698.03,38907983.783
000922.CSI,20210628,5143.8309,5154.7485,5167.0294,5131.7754,5185.6348,-41.8039,-0.8061,35719865.75,39773826.955
000922.CSI,20210625,5185.6348,5163.2383,5199.6319,5145.4552,5163.1286,22.5062,0.4359,36531565.91,38626690.632
000922.CSI,20210624,5163.1286,5178.4643,5188.2023,5133.8218,5168.7381,-5.6095,-0.1085,34175550.24,34273834.849
000922.CSI,20210623,5168.7381,5116.7307,5180.1766,5095.8222,5096.1971,72.541,1.4234,37712283.49,39842504.082
000922.CSI,20210622,5096.1971,5045.8023,5101.4432,5040.7172,5036.6107,59.5864,1.1831,38027928.32,40161773.344
000922.CSI,20210621,5036.6107,5006.2829,5041.4187,4987.8612,5009.934,26.6767,0.5325,37919466.63,39816527.436
000922.CSI,20210618,5009.934,5031.3108,5031.5809,4983.0628,5029.8193,-19.8853,-0.3953,37085096.87,39172142.545
000922.CSI,20210617,5029.8193,5032.2973,5061.3883,5014.8385,5038.7454,-8.9261,-0.1771,35445138.13,32976226.762
000922.CSI,20210616,5038.7454,5100.4982,5107.703,5032.4777,5105.4489,-66.7035,-1.3065,35911949.9,36496992.486
000922.CSI,20210615,5105.4489,5167.9391,5172.1035,5089.101,5147.6327,-42.1838,-0.8195,43621844.29,44400644.334
000922.CSI,20210611,5147.6327,5174.7163,5184.2411,5145.0452,5169.6907,-22.058,-0.4267,45845629.11,45918452.437
000922.CSI,20210610,5169.6907,5154.8903,5198.6178,5142.1211,5157.3776,12.3131,0.2387,39110374.86,38637516.357
000922.CSI,20210609,5157.3776,5145.4816,5176.3415,5134.2448,5142.3618,15.0158,0.292,38495185.96,36290770.896
000922.CSI,20210608,5142.3618,5177.2914,5186.3095,5131.8944,5170.731,-28.3692,-0.5486,37240608.2,35916022.25
000922.CSI,20210607,5170.731,5178.2565,5189.0104,5147.8364,5179.9914,-9.2604,-0.1788,36992787.63,35247664.745
000922.CSI,20210604,5179.9914,5171.5532,5205.7045,5145.9214,5205.2785,-25.2871,-0.4858,38335988.41,39706223.414
000922.CSI,20210603,5205.2785,5202.4257,5250.2453,5193.8846,5209.298,-4.0195,-0.0772,42881558.48,41192710.275
000922.CSI,20210602,5209.298,5240.3097,5240.3097,5180.7548,5236.0795,-26.7815,-0.5115,43739496.52,42478956.45
000922.CSI,20210601,5236.0795,5199.2331,5238.2669,5152.2351,5204.7303,31.3492,0.6023,42896807.49,43294911.272
000922.CSI,20210531,5204.7303,5180.3795,5205.5427,5131.3749,5160.2055,44.5248,0.8628,43019097.65,42629752.945
000922.CSI,20210528,5160.2055,5157.4922,5194.6003,5144.8172,5152.8065,7.399,0.1436,40775932.49,41532952.663
000922.CSI,20210527,5152.8065,5121.5125,5157.6415,5108.0201,5136.1392,16.6673,0.3245,38939325.14,41535340.268
000922.CSI,20210526,5136.1392,5115.7582,5147.411,5102.1917,5105.8706,30.2686,0.5928,44678985.62,47695727.003
000922.CSI,20210525,5105.8706,5051.716,5109.8676,5033.7734,5042.4622,63.4084,1.2575,48136862.79,50299815.155
000922.CSI,20210524,5042.4622,5016.5157,5051.6478,5010.7279,5009.7341,32.7281,0.6533,32602670.04,32751683.019
000922.CSI,20210521,5009.7341,5000.7561,5029.8677,4982.0951,4994.9079,14.8262,0.2968,30335886.73,31324798.759
000922.CSI,20210520,4994.9079,5015.7751,5017.9481,4979.242,5068.8477,-73.9398,-1.4587,37026242.39,36071148.294
000922.CSI,20210519,5068.8477,5056.0135,5077.0624,5045.725,5070.8467,-1.999,-0.0394,33623107.07,34091808.698
000922.CSI,20210518,5070.8467,5040.2357,5070.9399,5033.0636,5043.012,27.8347,0.5519,28405235.31,28509118.493
000922.CSI,20210517,5043.012,5048.8959,5069.1251,5023.8567,5051.4249,-8.4129,-0.1665,37486996.42,38276038.408
000922.CSI,20210514,5051.4249,5034.6782,5068.1622,5023.6989,5016.7159,34.709,0.6919,38532992.53,39410749.131
000922.CSI,20210513,5016.7159,5045.163,5071.5409,5005.4896,5080.3761,-63.6602,-1.2531,31491084.32,31648207.461
000922.CSI,20210512,5080.3761,5030.5828,5081.6264,5029.8486,5033.7481,46.628,0.9263,34041939.86,34511886.484
000922.CSI,20210511,5033.7481,5042.1243,5042.1243,4950.2642,5080.8989,-47.1508,-0.928,37032084.72,36916449.357
000922.CSI,20210510,5080.8989,5054.1753,5082.3499,5034.0832,5037.8662,43.0327,0.8542,42881980.75,43127475.422
000922.CSI,20210507,5037.8662,5042.5279,5078.3164,5005.4812,5029.4069,8.4593,0.1682,45168425.39,45255898.753
000922.CSI,20210506,5029.4069,4976.5749,5036.5186,4976.5749,4956.5014,72.9055,1.4709,40489073.74,41322027.987
000922.CSI,20210430,4956.5014,4962.3954,4969.0133,4932.3473,4981.2588,-24.7574,-0.497,46337099.96,43067077.924
000922.CSI,20210429,4981.2588,4956.9329,4985.7892,4937.0334,4952.5541,28.7047,0.5796,36954127.56,36331744.56
000922.CSI,20210428,4952.5541,4912.1691,4953.0292,4892.4251,4922.7051,29.849,0.6064,30463675.92,31552626.399
000922.CSI,20210427,4922.7051,4918.96,4928.6956,4878.0896,4921.2913,1.4138,0.0287,27933589.65,29053325.488
000922.CSI,20210426,4921.2913,4964.8457,4982.9074,4919.308,4956.2111,-34.9198,-0.7046,34596147.55,39825006.873
000922.CSI,20210423,4956.2111,4960.9517,4965.6965,4926.2778,4971.0541,-14.843,-0.2986,31481062.33,33503430.602
000922.CSI,20210422,4971.0541,4964.8636,4999.974,4958.6714,4950.1738,20.8803,0.4218,33756086.54,32176097.888
000922.CSI,20210421,4950.1738,4938.9045,4962.7341,4915.9886,4955.3885,-5.2147,-0.1052,31132768.27,33088891.427
000922.CSI,20210420,4955.3885,4949.9047,4983.7214,4939.6427,4958.2629,-2.8744,-0.058,32163193.29,35393082.243
000922.CSI,20210419,4958.2629,4918.4963,4963.2943,4908.7664,4928.3477,29.9152,0.607,35874855.32,40518686.698
000922.CSI,20210416,4928.3477,4875.1589,4929.4132,4865.7255,4869.2945,59.0532,1.2128,28387155.12,29042842.12
000922.CSI,20210415,4869.2945,4860.0056,4871.6296,4839.7111,4864.066,5.2285,0.1075,28267248.55,31564072.821
000922.CSI,20210414,4864.066,4816.7731,4873.5104,4814.1516,4828.8053,35.2607,0.7302,29615425.97,30583516.451
000922.CSI,20210413,4828.8053,4859.8249,4861.4691,4821.6614,4871.1468,-42.3415,-0.8692,31691243.98,30123659.563
000922.CSI,20210412,4871.1468,4892.3815,4913.1155,4859.5003,4893.5398,-22.393,-0.4576,38716370.11,36472556.459
000922.CSI,20210409,4893.5398,4885.8104,4903.3272,4865.1479,4888.8475,4.6923,0.096,30486720.28,29903899.462
000922.CSI,20210408,4888.8475,4894.7192,4916.7341,4870.4068,4899.5453,-10.6978,-0.2183,33213485.47,31489281.494
000922.CSI,20210407,4899.5453,4855.7106,4900.6779,4837.2024,4857.8954,41.6499,0.8574,37226116.81,37402940.63
000922.CSI,20210406,4857.8954,4844.9661,4867.4712,4844.5281,4836.8336,21.0618,0.4354,26783387.93,27934470.247
000922.CSI,20210402,4836.8336,4864.8153,4866.4858,4826.8607,4865.1097,-28.2761,-0.5812,33936500.45,32035138.413
000922.CSI,20210401,4865.1097,4823.3384,4871.1846,4812.1405,4827.1964,37.9133,0.7854,33352605.65,30217294.063
000922.CSI,20210331,4827.1964,4836.7847,4836.7847,4796.7891,4841.7385,-14.5421,-0.3003,44517590.28,42701289.262
000922.CSI,20210330,4841.7385,4833.4187,4842.1203,4796.1896,4848.197,-6.4585,-0.1332,39316075.97,38752472.171
000922.CSI,20210329,4848.197,4817.0243,4855.1013,4795.0531,4794.539,53.658,1.1191,48513108.75,45719303.558
000922.CSI,20210326,4794.539,4746.8584,4797.8308,4744.7358,4735.6196,58.9194,1.2442,37733981.39,36607859.403
000922.CSI,20210325,4735.6196,4745.1063,4769.2186,4723.7357,4753.1943,-17.5747,-0.3697,33175516.27,32618168.319
000922.CSI,20210324,4753.1943,4805.3998,4820.9141,4741.1937,4828.3428,-75.1485,-1.5564,37710916.27,39332716.481
000922.CSI,20210323,4828.3428,4896.6797,4899.1425,4807.4598,4898.5712,-70.2284,-1.4337,38138395.32,39062712.079
000922.CSI,20210322,4898.5712,4834.6137,4900.6426,4834.6137,4832.374,66.1972,1.3699,40556516.16,41053860.033
000922.CSI,20210319,4832.374,4836.367,4873.8321,4807.8175,4880.9697,-48.5957,-0.9956,47453184.19,46287739.766
000922.CSI,20210318,4880.9697,4860.4769,4903.9499,4859.3149,4863.2756,17.6941,0.3638,35243144.06,36002951.065
000922.CSI,20210317,4863.2756,4873.8547,4873.8547,4826.9034,4886.4327,-23.1571,-0.4739,37600687.05,38129995.646
000922.CSI,20210316,4886.4327,4851.2453,4887.4044,4816.6708,4854.5476,31.8851,0.6568,43652677.91,44920371.443
000922.CSI,20210315,4854.5476,4833.672,4884.2521,4813.7779,4843.1182,11.4294,0.236,53968788.85,52106630.02
000922.CSI,20210312,4843.1182,4813.3259,4852.6588,4788.2075,4803.3034,39.8148,0.8289,54377656.63,55679336.834
000922.CSI,20210311,4803.3034,4700.5062,4806.3252,4697.0699,4696.0511,107.2523,2.2839,47378535.96,48950667.469
000922.CSI,20210310,4696.0511,4742.486,4753.7033,4691.1885,4721.3376,-25.2865,-0.5356,41716775.14,42459288.938
000922.CSI,20210309,4721.3376,4754.9264,4798.3544,4647.0505,4760.4053,-39.0677,-0.8207,58233716.27,57799975.584
000922.CSI,20210308,4760.4053,4829.8077,4860.4625,4758.052,4802.386,-41.9807,-0.8742,55338912.33,53508983.763
000922.CSI,20210305,4802.386,4785.8276,4820.0757,4758.6038,4832.9155,-30.5295,-0.6317,55131829.17,55386318.001
000922.CSI,20210304,4832.9155,4843.0489,4877.5395,4816.353,4870.2766,-37.3611,-0.7671,60480794.5,61687155.946
000922.CSI,20210303,4870.2766,4759.3718,4872.0351,4759.3718,4759.4813,110.7953,2.3279,61742913.38,63464021.362
000922.CSI,20210302,4759.4813,4826.5484,4830.3639,4731.8128,4801.196,-41.7147,-0.8688,49545945.38,54708467.426
000922.CSI,20210301,4801.196,4728.8477,4803.1688,4728.8477,4705.6248,95.5712,2.031,46015619.13,51933230.193
000922.CSI,20210226,4705.6248,4725.4134,4772.7788,4698.258,4805.2054,-99.5806,-2.0723,60221439.86,67564029.166
000922.CSI,20210225,4805.2054,4777.533,4833.6564,4764.6232,4737.7627,67.4427,1.4235,67539144.35,72399083.78
000922.CSI,20210224,4737.7627,4789.7232,4810.3778,4709.7266,4789.9579,-52.1952,-1.0897,51983894.04,56559666.498
000922.CSI,20210223,4789.9579,4815.1775,4828.9355,4777.8554,4826.0832,-36.1253,-0.7485,58124179.98,60208730.815
000922.CSI,20210222,4826.0832,4788.0887,4909.2514,4788.0887,4774.448,51.6352,1.0815,75221880.02,76657460.036
000922.CSI,20210219,4774.448,4685.921,4776.3217,4676.3196,4692.4479,82.0001,1.7475,52263156.72,58467444.93
000922.CSI,20210218,4692.4479,4648.8502,4698.3608,4648.8502,4581.2664,111.1815,2.4269,63373843.28,66750283.03
000922.CSI,20210210,4581.2664,4559.3867,4588.4052,4546.7027,4548.4678,32.7986,0.7211,50688331.1,53140995.088
000922.CSI,20210209,4548.4678,4493.907,4551.7572,4484.6613,4492.1841,56.2837,1.2529,43431951.38,50420874.868
000922.CSI,20210208,4492.1841,4454.1729,4501.0902,4442.0058,4447.2495,44.9346,1.0104,46083105.71,49949906.102
000922.CSI,20210205,4447.2495,4432.598,4474.6922,4429.5442,4431.3025,15.947,0.3599,58597546.72,59238607.595
000922.CSI,20210204,4431.3025,4463.4552,4463.4552,4391.59,4475.7413,-44.4388,-0.9929,39736651.0,47908820.565
000922.CSI,20210203,4475.7413,4510.3738,4511.6565,4461.4909,4512.3273,-36.586,-0.8108,38024211.88,46265729.276
000922.CSI,20210202,4512.3273,4485.9648,4513.852,4481.6894,4482.1023,30.225,0.6743,39315722.47,49515646.551
000922.CSI,20210201,4482.1023,4425.1869,4484.5748,4413.9326,4431.6174,50.4849,1.1392,40105644.86,45677613.49
000922.CSI,20210129,4431.6174,4483.4135,4490.7891,4398.1468,4469.6817,-38.0643,-0.8516,41262290.83,47791188.423
000922.CSI,20210128,4469.6817,4503.5393,4507.5779,4461.4724,4533.9075,-64.2258,-1.4166,35808522.11,41463790.442
000922.CSI,20210127,4533.9075,4528.1541,4560.9884,4525.7563,4530.2734,3.6341,0.0802,37423697.15,43440102.595
000922.CSI,20210126,4530.2734,4549.5115,4566.711,4520.2528,4559.4781,-29.2047,-0.6405,33111772.37,39770380.953
000922.CSI,20210125,4559.4781,4611.3388,4611.3388,4553.1217,4626.2076,-66.7295,-1.4424,41257247.75,50153810.556
000922.CSI,20210122,4626.2076,4669.1208,4669.1208,4611.1962,4676.9502,-50.7426,-1.085,41564070.91,48872852.767
000922.CSI,20210121,4676.9502,4655.0971,4693.9246,4643.4441,4656.5359,20.4143,0.4384,41809792.75,48972322.559
000922.CSI,20210120,4656.5359,4656.4881,4669.5003,4633.8639,4663.3179,-6.782,-0.1454,42066062.92,47044642.312
000922.CSI,20210119,4663.3179,4633.3442,4693.3323,4620.1213,4638.6807,24.6372,0.5311,53314533.16,58931610.973
000922.CSI,20210118,4638.6807,4602.6011,4644.2139,4597.6846,4603.7158,34.9649,0.7595,48109396.04,57479618.739
000922.CSI,20210115,4603.7158,4582.5659,4614.6443,4571.7239,4576.9088,26.807,0.5857,62129176.75,68738224.68
000922.CSI,20210114,4576.9088,4575.9491,4600.6956,4558.9402,4593.3933,-16.4845,-0.3589,51894999.74,56013143.237
000922.CSI,20210113,4593.3933,4600.1332,4605.5773,4567.2031,4600.2092,-6.8159,-0.1482,54880240.09,62113001.98
000922.CSI,20210112,4600.2092,4551.1434,4600.7916,4548.3095,4562.9926,37.2166,0.8156,43947832.14,50812286.514
000922.CSI,20210111,4562.9926,4610.1733,4622.9276,4553.5703,4614.1771,-51.1845,-1.1093,55903974.28,65575141.901
000922.CSI,20210108,4614.1771,4598.9729,4631.9964,4560.623,4600.7744,13.4027,0.2913,47258221.03,55707796.787
000922.CSI,20210107,4600.7744,4639.7937,4641.6781,4566.6354,4632.2019,-31.4275,-0.6785,49005249.12,55320430.181
000922.CSI,20210106,4632.2019,4631.6493,4646.6673,4596.9695,4621.5191,10.6828,0.2312,44283951.54,52785173.292
000922.CSI,20210105,4621.5191,4602.0117,4622.8843,4561.4464,4611.3054,10.2137,0.2215,49004975.73,57153149.027
000922.CSI,20210104,4611.3054,4595.0693,4620.8785,4571.4549,4595.5919,15.7135,0.3419,48318150.9,55840142.869
000922.CSI,20201231,4595.5919,4562.3269,4599.761,4562.1471,4562.0025,33.5894,0.7363,36898829.01,39501892.393
000922.CSI,20201230,4562.0025,4542.7646,4580.6351,4534.0278,4543.6309,18.3716,0.4043,31106796.02,33425021.176
000922.CSI,20201229,4543.6309,4583.3824,4592.6885,4540.313,4582.1406,-38.5097,-0.8404,30103383.33,34706593.228
000922.CSI,20201228,4582.1406,4617.3598,4619.9556,4570.9253,4612.8617,-30.7211,-0.666,32915179.82,37617174.999
000922.CSI,20201225,4612.8617,4570.4894,4632.0755,4552.8163,4580.1054,32.7563,0.7152,26391784.36,27954064.781
000922.CSI,20201224,4580.1054,4624.0034,4624.0034,4567.7171,4622.761,-42.6556,-0.9227,26337365.89,28185466.405
000922.CSI,20201223,4622.761,4620.3266,4649.5758,4608.6419,4620.2651,2.4959,0.054,33921023.48,37067172.255
000922.CSI,20201222,4620.2651,4709.2087,4709.2087,4613.8,4728.4945,-108.2294,-2.2889,42441679.83,43206054.274
000922.CSI,20201221,4728.4945,4722.3045,4742.0995,4684.0475,4713.2918,15.2027,0.3225,35088867.81,37718871.708
000922.CSI,20201218,4713.2918,4702.0629,4735.795,4698.8832,4692.568,20.7238,0.4416,34203882.79,36102022.967
000922.CSI,20201217,4692.568,4641.71,4695.069,4603.8753,4645.7717,46.7963,1.0073,34684934.3,34632345.556
000922.CSI,20201216,4645.7717,4660.9153,4668.5049,4631.8678,4664.899,-19.1273,-0.41,30167192.95,29539879.655
000922.CSI,20201215,4664.899,4674.8712,4674.8712,4631.1669,4674.2224,-9.3234,-0.1995,35417975.87,34250461.204
000922.CSI,20201214,4674.2224,4693.6898,4698.3514,4654.9513,4706.9426,-32.7202,-0.6951,36900754.72,38056552.579
000922.CSI,20201211,4706.9426,4751.4869,4754.2162,4626.8342,4735.4139,-28.4713,-0.6012,42681522.7,44896534.759
000922.CSI,20201210,4735.4139,4727.9037,4753.4861,4717.2782,4727.4821,7.9318,0.1678,33482914.95,36046199.72
000922.CSI,20201209,4727.4821,4796.2248,4801.9315,4727.4821,4786.7612,-59.2791,-1.2384,33288530.67,40569127.19
000922.CSI,20201208,4786.7612,4807.4913,4818.29,4770.5739,4800.9369,-14.1757,-0.2953,31734592.69,37390620.538
000922.CSI,20201207,4800.9369,4858.9214,4869.0058,4800.9369,4849.947,-49.0101,-1.0105,39283895.77,45960303.358
000922.CSI,20201204,4849.947,4855.2385,4855.6412,4811.5689,4856.698,-6.751,-0.139,35199329.18,41518766.248
000922.CSI,20201203,4856.698,4889.2788,4889.2788,4834.3983,4891.2809,-34.5829,-0.707,38323355.7,40721759.504
000922.CSI,20201202,4891.2809,4889.7051,4905.5281,4869.5175,4883.2179,8.063,0.1651,44669061.27,50118847.243
000922.CSI,20201201,4883.2179,4823.2388,4888.9065,4807.3255,4817.8177,65.4002,1.3575,51404996.44,55022788.688
000922.CSI,20201130,4817.8177,4879.0994,4911.5126,4817.8177,4871.0568,-53.2391,-1.093,83600116.25,81292311.596
000922.CSI,20201127,4871.0568,4852.1023,4871.6093,4814.7967,4837.0044,34.0524,0.704,55099232.09,53830041.599
000922.CSI,20201126,4837.0044,4853.2197,4858.2845,4801.8955,4856.1272,-19.1228,-0.3938,33711919.46,45174330.417
000922.CSI,20201125,4856.1272,4940.974,4947.1259,4856.1272,4924.3242,-68.197,-1.3849,39288603.25,46879329.173
000922.CSI,20201124,4924.3242,4935.5869,4936.9096,4905.6152,4943.5634,-19.2392,-0.3892,35314045.81,43302864.828
000922.CSI,20201123,4943.5634,4882.2378,4969.4004,4879.0819,4875.3424,68.221,1.3993,49697243.87,56867484.071
000922.CSI,20201120,4875.3424,4845.7261,4875.4238,4823.2708,4850.4348,24.9076,0.5135,31414620.91,39492064.79
000922.CSI,20201119,4850.4348,4861.7941,4864.2095,4824.0282,4870.8953,-20.4605,-0.4201,34158049.04,42479024.479
000922.CSI,20201118,4870.8953,4843.8433,4877.6616,4831.926,4852.2649,18.6304,0.384,45070813.14,52918852.292
000922.CSI,20201117,4852.2649,4823.8756,4852.3607,4811.299,4819.8287,32.4362,0.673,40035453.13,50504222.13
000922.CSI,20201116,4819.8287,4736.5227,4821.3795,4736.5227,4721.1943,98.6344,2.0892,35293497.24,43927105.624
000922.CSI,20201113,4721.1943,4742.078,4742.8592,4679.1915,4752.8383,-31.644,-0.6658,33585819.81,39823462.009
000922.CSI,20201112,4752.8383,4728.3227,4752.8383,4716.8997,4726.2945,26.5438,0.5616,30039373.79,37075047.3
000922.CSI,20201111,4726.2945,4693.9365,4756.8245,4692.99,4705.1057,21.1888,0.4503,44245557.74,50925236.708
000922.CSI,20201110,4705.1057,4734.6641,4736.6385,4686.4974,4720.2692,-15.1635,-0.3212,41309409.33,49233981.6
000922.CSI,20201109,4720.2692,4670.7685,4725.3358,4670.7685,4644.214,76.0552,1.6376,44923642.83,53045365.655
000922.CSI,20201106,4644.214,4638.5796,4646.7219,4613.7685,4636.8434,7.3706,0.159,36163670.17,46453772.268
000922.CSI,20201105,4636.8434,4584.9728,4640.6951,4582.5612,4558.1244,78.719,1.727,37019948.29,49479053.829
000922.CSI,20201104,4558.1244,4543.666,4576.3781,4522.8096,4532.8826,25.2418,0.5569,29715750.64,40773183.771
000922.CSI,20201103,4532.8826,4500.1359,4534.852,4495.7144,4476.9854,55.8972,1.2485,32601400.49,40968002.768
000922.CSI,20201102,4476.9854,4433.9195,4479.5691,4426.1054,4433.7703,43.2151,0.9747,35256148.01,44589677.694
000922.CSI,20201030,4433.7703,4508.8875,4514.0726,4429.2504,4502.0625,-68.2922,-1.5169,36636686.51,44224814.406
000922.CSI,20201029,4502.0625,4435.586,4517.668,4428.8443,4478.5753,23.4872,0.5244,30514889.59,38795557.591
000922.CSI,20201028,4478.5753,4479.6004,4484.6285,4432.4964,4479.0469,-0.4716,-0.0105,29472085.87,36689620.415
000922.CSI,20201027,4479.0469,4479.3623,4482.9923,4454.6941,4495.5415,-16.4946,-0.3669,26249801.63,29702973.382
000922.CSI,20201026,4495.5415,4487.6513,4498.4494,4448.4805,4488.6403,6.9012,0.1537,32974328.16,33906988.239
000922.CSI,20201023,4488.6403,4526.938,4549.4848,4482.1738,4524.9512,-36.3109,-0.8025,32377298.09,35014667.272
000922.CSI,20201022,4524.9512,4547.2639,4547.4905,4512.9414,4561.5778,-36.6266,-0.8029,26365658.88,33822158.376
000922.CSI,20201021,4561.5778,4577.7377,4578.9946,4536.1861,4576.6986,-15.1208,-0.3304,28702440.05,30668735.681
000922.CSI,20201020,4576.6986,4561.4466,4576.8356,4542.4242,4572.3537,4.3449,0.095,27879487.56,30536289.344
000922.CSI,20201019,4572.3537,4625.3527,4651.6152,4566.4699,4605.4378,-33.0841,-0.7184,43766406.04,45199974.894
000922.CSI,20201016,4605.4378,4590.005,4619.3657,4587.913,4593.67,11.7678,0.2562,40162209.69,40718197.484
000922.CSI,20201015,4593.67,4606.3108,4609.6866,4584.4352,4612.2124,-18.5424,-0.402,29451292.6,35801960.083
000922.CSI,20201014,4612.2124,4615.6835,4618.4956,4596.7751,4612.9617,-0.7493,-0.0162,27172256.8,32994467.343
000922.CSI,20201013,4612.9617,4599.0203,4617.2137,4584.4893,4603.8462,9.1155,0.198,28614652.63,34103140.132
000922.CSI,20201012,4603.8462,4514.7336,4604.4827,4514.3905,4492.4739,111.3723,2.4791,39063976.01,45327690.639
000922.CSI,20201009,4492.4739,4451.6542,4502.1805,4450.4947,4395.7497,96.7242,2.2004,25059402.76,30738981.459
000922.CSI,20200930,4395.7497,4428.5794,4437.2096,4378.8562,4417.6347,-21.885,-0.4954,23259403.24,26555597.582
000922.CSI,20200929,4417.6347,4414.2745,4441.5449,4403.6652,4399.771,17.8637,0.406,19511650.98,23673498.986
000922.CSI,20200928,4399.771,4413.5057,4426.179,4395.7005,4403.5915,-3.8205,-0.0868,22045367.93,22993065.664
000922.CSI,20200925,4403.5915,4437.6412,4448.2539,4386.7263,4429.3824,-25.7909,-0.5823,20943841.12,23644506.002
000922.CSI,20200924,4429.3824,4494.3339,4494.8977,4426.3655,4514.7264,-85.344,-1.8903,25189658.01,27802165.14
000922.CSI,20200923,4514.7264,4523.4878,4532.7487,4503.6305,4508.2597,6.4667,0.1434,19932277.51,22958309.521
000922.CSI,20200922,4508.2597,4535.767,4562.9954,4498.7464,4574.1727,-65.913,-1.441,24568110.99,27496404.345
000922.CSI,20200921,4574.1727,4612.0481,4612.5757,4564.0927,4602.2442,-28.0715,-0.61,28751819.77,32741765.446
000922.CSI,20200918,4602.2442,4534.6483,4603.7892,4523.5594,4532.6955,69.5487,1.5344,41702131.48,48051600.289
000922.CSI,20200917,4532.6955,4512.6919,4553.5769,4495.7573,4515.3066,17.3889,0.3851,23229111.0,31006401.966
000922.CSI,20200916,4515.3066,4514.2064,4533.8665,4496.709,4516.8913,-1.5847,-0.0351,22186053.23,27169261.865
000922.CSI,20200915,4516.8913,4494.8729,4516.9709,4480.0781,4496.2244,20.6669,0.4597,21339796.99,26580921.111
000922.CSI,20200914,4496.2244,4491.0555,4501.941,4467.3582,4476.8604,19.364,0.4325,22280788.58,26572605.082
000922.CSI,20200911,4476.8604,4442.3554,4481.3376,4427.3611,4458.3036,18.5568,0.4162,24380564.9,27169994.436
000922.CSI,20200910,4458.3036,4532.196,4538.3736,4451.1876,4500.0898,-41.7862,-0.9286,33551479.57,35576857.136
000922.CSI,20200909,4500.0898,4536.9553,4555.4897,4484.0244,4569.3497,-69.2599,-1.5157,34073656.26,35168840.732
000922.CSI,20200908,4569.3497,4548.4941,4575.7562,4518.367,4542.9461,26.4036,0.5812,31379886.91,36946118.883
000922.CSI,20200907,4542.9461,4592.2399,4632.3859,4534.6889,4595.5079,-52.5618,-1.1438,32862567.02,41787492.145
000922.CSI,20200904,4595.5079,4552.9325,4600.8499,4538.0276,4608.6977,-13.1898,-0.2862,27841076.61,33354317.767
000922.CSI,20200903,4608.6977,4625.8559,4649.9176,4596.1416,4615.7821,-7.0844,-0.1535,32308048.53,38619205.051
000922.CSI,20200902,4615.7821,4629.7138,4633.6062,4577.3672,4619.7309,-3.9488,-0.0855,34291004.22,37228109.854
000922.CSI,20200901,4619.7309,4605.6455,4619.7309,4576.0323,4610.9184,8.8125,0.1911,31278724.04,36856744.711
000922.CSI,20200831,4610.9184,4651.4108,4669.8542,4609.3172,4635.4796,-24.5612,-0.5299,46620659.32,52775286.952
000922.CSI,20200828,4635.4796,4554.7655,4637.5533,4539.5091,4555.3381,80.1415,1.7593,36045964.67,43835195.831
000922.CSI,20200827,4555.3381,4534.9149,4556.5838,4515.3734,4528.4295,26.9086,0.5942,27883576.17,32025004.886
000922.CSI,20200826,4528.4295,4602.8216,4605.1981,4514.7722,4605.1796,-76.7501,-1.6666,30943429.89,34372705.01
000922.CSI,20200825,4605.1796,4618.8772,4640.774,4591.306,4608.7511,-3.5715,-0.0775,29552501.85,32785202.58
000922.CSI,20200824,4608.7511,4593.8369,4624.9726,4584.667,4582.3947,26.3564,0.5752,30902548.42,36443325.997
000922.CSI,20200821,4582.3947,4597.0328,4609.0932,4550.8523,4586.651,-4.2563,-0.0928,29397093.92,31312284.525
000922.CSI,20200820,4586.651,4606.5193,4613.2293,4570.5451,4621.7577,-35.1067,-0.7596,36200278.29,35466430.825
000922.CSI,20200819,4621.7577,4660.3067,4678.7151,4616.4003,4666.2255,-44.4678,-0.953,38680107.57,41011382.895
000922.CSI,20200818,4666.2255,4663.4354,4674.2538,4639.0775,4658.8365,7.389,0.1586,40347242.71,41255863.986
000922.CSI,20200817,4658.8365,4577.1926,4676.3955,4565.3569,4563.8757,94.9608,2.0807,65565720.7,66329092.106
000922.CSI,20200814,4563.8757,4526.5803,4568.3963,4499.9892,4529.9908,33.8849,0.748,33120830.48,35795867.726
000922.CSI,20200813,4529.9908,4529.1494,4549.7687,4518.786,4513.0017,16.9891,0.3764,30625613.6,32974421.504
000922.CSI,20200812,4513.0017,4530.1566,4536.8203,4440.5237,4541.7668,-28.7651,-0.6333,44862785.9,47792724.03
000922.CSI,20200811,4541.7668,4601.1905,4634.9879,4537.8682,4587.9794,-46.2126,-1.0073,47752019.94,53990346.09
000922.CSI,20200810,4587.9794,4526.881,4603.1163,4521.5128,4529.1729,58.8065,1.2984,41862694.64,46854213.741
000922.CSI,20200807,4529.1729,4555.8418,4555.8418,4475.6342,4564.0939,-34.921,-0.7651,36557602.36,40160313.042
000922.CSI,20200806,4564.0939,4570.2418,4580.1849,4507.527,4565.9072,-1.8133,-0.0397,38027947.49,43727422.359
000922.CSI,20200805,4565.9072,4557.6244,4578.7235,4506.4239,4568.5499,-2.6427,-0.0578,37764581.21,40374242.453
000922.CSI,20200804,4568.5499,4570.2389,4591.0843,4532.6517,4555.7665,12.7834,0.2806,56611550.73,58285683.047
000922.CSI,20200803,4555.7665,4494.8383,4555.8482,4492.8057,4468.8955,86.871,1.9439,43763717.73,48345013.872
000922.CSI,20200731,4468.8955,4428.0049,4502.1816,4411.2773,4431.1343,37.7612,0.8522,39619687.63,42437651.45
000922.CSI,20200730,4431.1343,4440.4128,4460.1741,4425.1383,4433.8222,-2.6879,-0.0606,31657020.15,36965376.168
000922.CSI,20200729,4433.8222,4354.9653,4434.8699,4321.0733,4361.5218,72.3004,1.6577,35239338.6,39273409.642
000922.CSI,20200728,4361.5218,4342.5905,4379.9643,4333.9015,4320.2699,41.2519,0.9548,27929059.97,30507953.992
000922.CSI,20200727,4320.2699,4348.9303,4362.3215,4284.4787,4331.9042,-11.6343,-0.2686,32103382.07,35720154.621
000922.CSI,20200724,4331.9042,4479.7618,4496.3337,4315.7161,4499.9809,-168.0767,-3.7351,50579623.79,53508417.621
000922.CSI,20200723,4499.9809,4515.9697,4543.6973,4421.7178,4553.9856,-54.0047,-1.1859,46532690.03,50479145.54
000922.CSI,20200722,4553.9856,4561.9261,4607.6936,4540.8415,4558.6545,-4.6689,-0.1024,44969272.22,48146749.521
000922.CSI,20200721,4558.6545,4574.4773,4578.2493,4535.7061,4568.2735,-9.619,-0.2106,40482489.81,47904252.818
000922.CSI,20200720,4568.2735,4411.3262,4568.2735,4411.3262,4378.3546,189.9189,4.3377,56357471.52,67424867.326
000922.CSI,20200717,4378.3546,4362.574,4423.5349,4335.7861,4355.2638,23.0908,0.5302,43004171.88,47670881.625
000922.CSI,20200716,4355.2638,4496.5379,4528.8426,4353.5389,4498.9915,-143.7277,-3.1947,59347856.91,63666026.811
000922.CSI,20200715,4498.9915,4598.1034,4608.1962,4473.4115,4584.5846,-85.5931,-1.867,58940516.37,62545648.816
000922.CSI,20200714,4584.5846,4613.8173,4636.6168,4510.1858,4608.9599,-24.3753,-0.5289,64771941.88,67217417.846
000922.CSI,20200713,4608.9599,4494.4979,4614.4703,4494.4979,4487.6148,121.3451,2.704,73808481.39,74611631.167
000922.CSI,20200710,4487.6148,4550.658,4567.2362,4475.6709,4592.6054,-104.9906,-2.2861,69119931.23,70632455.089
000922.CSI,20200709,4592.6054,4545.5978,4592.9409,4506.2042,4556.2766,36.3288,0.7973,73228414.99,74361940.872
000922.CSI,20200708,4556.2766,4494.2391,4572.7965,4465.2175,4503.7753,52.5013,1.1657,73959360.69,74341575.092
000922.CSI,20200707,4503.7753,4567.5697,4604.0227,4484.9232,4526.0218,-22.2465,-0.4915,94563620.17,94960967.551
000922.CSI,20200706,4526.0218,4341.7737,4529.3245,4341.7737,4298.9479,227.0739,5.2821,105539211.15,102260849.69
000922.CSI,20200703,4298.9479,4261.997,4298.9479,4261.997,4256.9824,41.9655,0.9858,63782771.48,65832435.68
000922.CSI,20200702,4256.9824,4159.7564,4258.1633,4156.6186,4162.9478,94.0346,2.2588,61349742.29,64730767.712
000922.CSI,20200701,4162.9478,4096.4671,4163.2222,4087.6332,4089.5372,73.4106,1.7951,44557049.13,49531587.346
000922.CSI,20200630,4089.5372,4067.7002,4093.4987,4067.6053,4060.7957,28.7415,0.7078,25922448.35,26731445.24
000922.CSI,20200629,4060.7957,4071.2268,4074.0553,4049.5729,4082.3144,-21.5187,-0.5271,30945786.5,31399239.063
000922.CSI,20200624,4082.3144,4078.1412,4089.1354,4072.9518,4083.4126,-1.0982,-0.0269,27179451.39,30242251.686
000922.CSI,20200623,4083.4126,4085.1699,4086.0288,4063.1929,4083.9572,-0.5446,-0.0133,25142447.46,26390199.049
000922.CSI,20200622,4083.9572,4110.9031,4115.3821,4080.3274,4115.0278,-31.0706,-0.7551,29562889.47,29445733.358
000922.CSI,20200619,4115.0278,4104.2351,4121.4729,4096.6457,4108.186,6.8418,0.1665,34855974.3,33854069.367
000922.CSI,20200618,4108.186,4068.3114,4110.5633,4060.8916,4076.7745,31.4115,0.7705,34667303.76,31418777.403
000922.CSI,20200617,4076.7745,4069.8495,4080.5392,4055.8763,4070.1585,6.616,0.1625,26442895.63,25433223.995
000922.CSI,20200616,4070.1585,4025.5495,4070.1585,4020.7477,4001.99,68.1685,1.7034,24963088.58,24924013.448
000922.CSI,20200615,4001.99,4009.7116,4037.2284,4000.3754,4035.6883,-33.6983,-0.835,28523902.77,28484836.279
000922.CSI,20200612,4035.6883,3987.0313,4041.4846,3978.7789,4043.1587,-7.4704,-0.1848,31316942.45,29003598.779
000922.CSI,20200611,4043.1587,4076.0595,4087.6363,4035.4445,4080.9793,-37.8206,-0.9268,27555505.66,28906822.838
000922.CSI,20200610,4080.9793,4094.4798,4094.5394,4071.3237,4107.684,-26.7047,-0.6501,22573469.24,24888334.742
000922.CSI,20200609,4107.684,4098.3186,4107.684,4089.3891,4092.0723,15.6117,0.3815,23160267.65,25666000.97
000922.CSI,20200608,4092.0723,4099.5846,4105.7559,4088.0215,4088.8884,3.1839,0.0779,25318402.7,28019649.798
000922.CSI,20200605,4088.8884,4108.2247,4108.2247,4064.7823,4104.4761,-15.5877,-0.3798,20838979.76,22554323.256
000922.CSI,20200604,4104.4761,4112.4921,4113.1914,4085.6774,4091.7063,12.7698,0.3121,21562329.6,22902590.743
000922.CSI,20200603,4091.7063,4103.9164,4116.3019,4090.3625,4091.5298,0.1765,0.0043,28905833.82,29522185.472
000922.CSI,20200602,4091.5298,4078.9311,4095.1674,4068.9515,4082.1947,9.3351,0.2287,27589722.58,28368840.666
000922.CSI,20200601,4082.1947,4020.1251,4085.0417,4019.7322,4002.1808,80.0139,1.9993,27396515.09,29722231.403
000922.CSI,20200529,4002.1808,4014.1737,4019.6264,3999.2757,4026.004,-23.8232,-0.5917,22754546.06,22455860.288
000922.CSI,20200528,4026.004,4022.0671,4043.1771,3994.4876,4033.7463,-7.7423,-0.1919,24054945.05,25093453.338
000922.CSI,20200527,4033.7463,4019.1145,4041.5508,4009.2406,4016.3524,17.3939,0.4331,22199774.01,21472732.933
000922.CSI,20200526,4016.3524,3992.0863,4018.5439,3992.0863,3985.3853,30.9671,0.777,17572415.1,19008709.218
000922.CSI,20200525,3985.3853,3972.9055,3991.7449,3956.487,3965.2171,20.1682,0.5086,18136074.99,19969155.288
000922.CSI,20200522,3965.2171,4029.5713,4029.7952,3961.1357,4034.8766,-69.6595,-1.7264,23159669.55,23050356.55
000922.CSI,20200521,4034.8766,4069.7435,4072.9889,4031.6177,4057.0651,-22.1885,-0.5469,18380865.91,19452244.87
000922.CSI,20200520,4057.0651,4085.4107,4085.4107,4050.5168,4089.5434,-32.4783,-0.7942,18910859.43,22257681.402
000922.CSI,20200519,4089.5434,4094.2452,4101.0736,4076.0697,4064.5841,24.9593,0.6141,20905814.09,23592543.727
000922.CSI,20200518,4064.5841,4069.1821,4087.1371,4048.3396,4067.6979,-3.1138,-0.0765,21621496.96,27114964.702
000922.CSI,20200515,4067.6979,4096.9355,4103.6361,4064.9748,4082.3725,-14.6746,-0.3595,19002861.26,21488246.927
000922.CSI,20200514,4082.3725,4112.912,4112.912,4079.628,4125.9122,-43.5397,-1.0553,19799085.45,23001804.47
000922.CSI,20200513,4125.9122,4106.357,4127.7901,4085.8718,4121.5079,4.4043,0.1069,19376345.07,21030984.232
000922.CSI,20200512,4121.5079,4138.7651,4139.1485,4097.1282,4134.9394,-13.4315,-0.3248,21731241.03,24292431.187
000922.CSI,20200511,4134.9394,4138.0768,4155.1399,4121.3859,4132.8085,2.1309,0.0516,25834969.61,28966592.243
000922.CSI,20200508,4132.8085,4111.0897,4139.9772,4106.5118,4100.4833,32.3252,0.7883,26379446.87,29163800.922
000922.CSI,20200507,4100.4833,4088.7349,4104.6998,4075.2843,4094.1991,6.2842,0.1535,25168209.55,26420187.185
000922.CSI,20200506,4094.1991,4052.7593,4096.8225,4044.7247,4090.1243,4.0748,0.0996,32610135.85,34615742.344
000922.CSI,20200430,4090.1243,4050.1968,4093.3795,4049.5454,4053.9494,36.1749,0.8923,28048501.05,30059742.961
000922.CSI,20200429,4053.9494,4008.527,4053.9494,4007.5929,4018.5063,35.4431,0.882,26282669.63,28664494.191
000922.CSI,20200428,4018.5063,4047.0036,4047.0036,3937.5424,4042.9854,-24.4791,-0.6055,25043007.27,25038080.223
000922.CSI,20200427,4042.9854,4025.494,4064.3357,4025.3927,4019.4197,23.5657,0.5863,23137991.4,24340245.947
000922.CSI,20200424,4019.4197,4049.4049,4052.9893,4010.2016,4043.8565,-24.4368,-0.6043,18371036.83,19300265.667
000922.CSI,20200423,4043.8565,4065.5984,4068.2881,4041.3545,4056.4417,-12.5852,-0.3103,22416556.99,22045247.417
000922.CSI,20200422,4056.4417,4019.4955,4056.6477,4008.1346,4039.7047,16.737,0.4143,18762277.45,19533137.435
000922.CSI,20200421,4039.7047,4047.6074,4049.5223,4009.6763,4064.3126,-24.6079,-0.6055,22275611.67,23591416.406
000922.CSI,20200420,4064.3126,4051.435,4064.7661,4033.8885,4040.9176,23.395,0.579,23298285.46,24880866.552
000922.CSI,20200417,4040.9176,4044.6615,4062.2185,4037.0416,4029.002,11.9156,0.2957,25646066.23,28323769.529
000922.CSI,20200416,4029.002,4020.0695,4035.7179,4010.0274,4041.3918,-12.3898,-0.3066,17631596.29,18704827.181
000922.CSI,20200415,4041.3918,4066.8946,4068.2203,4035.666,4063.7087,-22.3169,-0.5492,18650957.37,21395432.833
000922.CSI,20200414,4063.7087,4026.1235,4063.9074,4026.1235,4012.5881,51.1206,1.274,21285063.27,24169350.591
000922.CSI,20200413,4012.5881,4010.3984,4025.5759,3989.0611,4023.0803,-10.4922,-0.2608,18033990.86,19673601.579
000922.CSI,20200410,4023.0803,4070.1353,4079.3845,4012.4887,4065.4533,-42.373,-1.0423,20949908.43,24472982.475
000922.CSI,20200409,4065.4533,4064.9856,4073.4426,4056.6393,4054.2861,11.1672,0.2754,17583473.98,19184585.195
000922.CSI,20200408,4054.2861,4040.3734,4061.8541,4021.1224,4057.7078,-3.4217,-0.0843,21295167.51,21989715.351
000922.CSI,20200407,4057.7078,4033.8167,4062.9116,4027.2745,3984.0784,73.6294,1.8481,28759689.19,31861878.951
000922.CSI,20200403,3984.0784,3997.6674,4011.389,3969.3075,4005.2169,-21.1385,-0.5278,19597691.4,19729892.389
000922.CSI,20200402,4005.2169,3931.6508,4005.2169,3923.0133,3950.9549,54.262,1.3734,21989549.44,22371528.183
000922.CSI,20200401,3950.9549,3970.8065,4005.0791,3947.4815,3975.1352,-24.1803,-0.6083,22420024.45,24711961.713
000922.CSI,20200331,3975.1352,4010.1559,4014.2408,3964.2756,3982.0273,-6.8921,-0.1731,26147514.66,25231221.314
000922.CSI,20200330,3982.0273,3991.4671,3999.9455,3953.857,4033.9435,-51.9162,-1.287,27950490.88,30026876.236
000922.CSI,20200327,4033.9435,4041.5969,4072.6308,4025.2461,4004.6053,29.3382,0.7326,28385734.58,30695524.462
000922.CSI,20200326,4004.6053,4019.7384,4031.0839,4000.5771,4044.2634,-39.6581,-0.9806,24010205.17,26334988.894
000922.CSI,20200325,4044.2634,4030.0175,4052.2855,3996.6573,3962.0932,82.1702,2.0739,32151268.65,37297833.29
000922.CSI,20200324,3962.0932,3925.4249,3964.7357,3888.1884,3866.5652,95.528,2.4706,29680368.01,32761288.564
000922.CSI,20200323,3866.5652,3892.0727,3922.9286,3860.4473,3981.6434,-115.0782,-2.8902,27794739.08,30643744.529
000922.CSI,20200320,3981.6434,3965.1936,3989.9745,3922.6935,3927.0576,54.5858,1.39,31794964.23,34715275.058
000922.CSI,20200319,3927.0576,3961.2971,3984.6773,3860.7182,3967.0998,-40.0422,-1.0094,42255899.1,44968919.114
000922.CSI,20200318,3967.0998,4052.5762,4082.879,3966.9283,4025.3744,-58.2746,-1.4477,34276256.06,38934686.743
000922.CSI,20200317,4025.3744,4042.7494,4091.6695,3940.9537,4040.0484,-14.674,-0.3632,35919709.15,37157899.307
000922.CSI,20200316,4040.0484,4191.9762,4191.9971,4030.1225,4169.3959,-129.3475,-3.1023,40228457.37,40654450.995
000922.CSI,20200313,4169.3959,4059.8965,4197.1802,4047.0418,4235.8481,-66.4522,-1.5688,42391003.73,42401787.237
000922.CSI,20200312,4235.8481,4261.9288,4279.5486,4212.2083,4313.0862,-77.2381,-1.7908,33453873.26,33392127.299
000922.CSI,20200311,4313.0862,4360.6663,4375.4055,4313.0862,4351.1167,-38.0305,-0.874,31840203.98,32282288.218
000922.CSI,20200310,4351.1167,4234.6985,4351.3552,4223.0634,4274.9411,76.1756,1.7819,40013686.95,41741072.183
000922.CSI,20200309,4274.9411,4354.645,4354.645,4274.3639,4411.6368,-136.6957,-3.0985,47514612.51,46778550.501
000922.CSI,20200306,4411.6368,4419.0208,4425.7143,4396.1388,4464.6084,-52.9716,-1.1865,34047323.95,36744488.193
000922.CSI,20200305,4464.6084,4436.9185,4470.0393,4420.0646,4409.942,54.6664,1.2396,48390592.27,54550736.157
000922.CSI,20200304,4409.942,4331.8293,4410.6229,4324.7812,4353.8437,56.0983,1.2885,37835237.54,42922319.698
000922.CSI,20200303,4353.8437,4405.5459,4419.7559,4327.3183,4354.6481,-0.8044,-0.0185,44994728.81,51140094.172
000922.CSI,20200302,4354.6481,4214.9984,4364.438,4214.9984,4189.4146,165.2335,3.9441,47736999.45,54210374.272
000922.CSI,20200228,4189.4146,4233.4891,4270.5465,4174.1392,4323.5345,-134.1199,-3.1021,46672155.89,49918014.914
000922.CSI,20200227,4323.5345,4330.1121,4348.7222,4307.5384,4318.0416,5.4929,0.1272,34554279.43,39297267.42
000922.CSI,20200226,4318.0416,4271.6854,4374.2166,4264.5442,4320.0839,-2.0423,-0.0473,48007039.37,51689476.653
000922.CSI,20200225,4320.0839,4292.0738,4324.5739,4223.8311,4363.5993,-43.5154,-0.9972,38892702.4,44651510.646
000922.CSI,20200224,4363.5993,4379.5366,4384.9469,4330.2874,4394.1839,-30.5846,-0.696,36264190.83,42931538.514
000922.CSI,20200221,4394.1839,4379.5061,4413.5065,4374.0072,4377.5907,16.5932,0.379,32979031.52,39077378.377
000922.CSI,20200220,4377.5907,4325.3847,4381.2537,4308.8012,4316.4548,61.1359,1.4163,35305910.48,38648668.456
000922.CSI,20200219,4316.4548,4326.8085,4349.6045,4312.8461,4333.7472,-17.2924,-0.399,28050075.14,30366390.436
000922.CSI,20200218,4333.7472,4324.3943,4342.2858,4293.8134,4324.7986,8.9486,0.2069,29994360.99,34490673.215
000922.CSI,20200217,4324.7986,4238.1948,4324.8199,4238.1948,4236.9137,87.8849,2.0743,33895624.41,38737345.538
000922.CSI,20200214,4236.9137,4197.1104,4236.9137,4196.5714,4205.112,31.8017,0.7563,25447890.1,29698290.851
000922.CSI,20200213,4205.112,4231.0681,4250.33,4203.1786,4231.0031,-25.8911,-0.6119,27744899.55,31364488.515
000922.CSI,20200212,4231.0031,4194.0832,4231.5998,4185.9076,4204.2317,26.7714,0.6368,23555868.6,26595211.062
000922.CSI,20200211,4204.2317,4192.3977,4225.8587,4176.9211,4189.8881,14.3436,0.3423,31186162.92,33780456.301
000922.CSI,20200210,4189.8881,4109.8394,4190.4382,4094.55,4127.115,62.7731,1.521,30541577.32,34611097.3
000922.CSI,20200207,4127.115,4099.2912,4127.1399,4068.9157,4113.1138,14.0012,0.3404,28676119.34,30909363.156
000922.CSI,20200206,4113.1138,4065.5852,4120.571,4032.7734,4062.176,50.9378,1.254,33999698.74,36231680.189
000922.CSI,20200205,4062.176,4023.7807,4107.3809,4007.9972,4015.7101,46.4659,1.1571,34600283.98,36785907.236
000922.CSI,20200204,4015.7101,3841.4286,4016.7037,3841.4286,3933.3853,82.3248,2.093,46316636.81,45432308.48
000922.CSI,20200203,3933.3853,3901.66,3957.2189,3901.66,4318.0388,-384.6535,-8.9081,54626824.73,54659910.145
000922.CSI,20200123,4318.0388,4409.172,4416.0575,4290.8707,4438.0485,-120.0097,-2.7041,35446213.42,40089578.119
000922.CSI,20200122,4438.0485,4406.4502,4448.1725,4355.1844,4422.5625,15.486,0.3502,26175569.3,31811599.914
000922.CSI,20200121,4422.5625,4493.9609,4493.9609,4421.0532,4505.3943,-82.8318,-1.8385,27782965.9,32135242.439
000922.CSI,20200120,4505.3943,4501.1481,4506.5326,4477.637,4499.9952,5.3991,0.12,22960759.51,29292842.98
000922.CSI,20200117,4499.9952,4519.2767,4523.4957,4491.3665,4498.1032,1.892,0.0421,21009945.19,24659874.422
000922.CSI,20200116,4498.1032,4537.1797,4538.145,4493.6305,4521.7278,-23.6246,-0.5225,24374188.31,26833110.689
000922.CSI,20200115,4521.7278,4545.8439,4545.8439,4504.8278,4545.1634,-23.4356,-0.5156,21819965.58,25323749.641
000922.CSI,20200114,4545.1634,4544.0257,4568.3846,4542.8675,4540.4434,4.72,0.104,25083460.36,28467863.69
000922.CSI,20200113,4540.4434,4508.1075,4540.4434,4489.721,4508.7979,31.6455,0.7019,26283585.92,31878747.499
000922.CSI,20200110,4508.7979,4534.6155,4537.6308,4488.5983,4525.8725,-17.0746,-0.3773,23161616.56,27331021.043
000922.CSI,20200109,4525.8725,4505.2918,4525.8937,4496.5195,4469.4776,56.3949,1.2618,28151907.82,33178996.776
000922.CSI,20200108,4469.4776,4506.2886,4512.5374,4457.2993,4522.2214,-52.7438,-1.1663,30812432.45,34107079.947
000922.CSI,20200107,4522.2214,4491.8894,4522.3038,4489.6749,4485.7783,36.4431,0.8124,30500655.61,31822367.074
000922.CSI,20200106,4485.7783,4483.5921,4528.4754,4464.7818,4501.6374,-15.8591,-0.3523,39991605.98,44159347.457
000922.CSI,20200103,4501.6374,4509.4822,4511.3774,4481.2033,4503.087,-1.4496,-0.0322,30034987.43,34207825.456
000922.CSI,20200102,4503.087,4473.1689,4517.2386,4473.1689,4440.5917,62.4953,1.4074,43471413.29,48123435.436
000922.CSI,20191231,4440.5917,4408.3429,4442.0731,4396.5443,4412.5709,28.0208,0.635,26919475.58,29118053.898
000922.CSI,20191230,4412.5709,4352.2767,4412.5958,4344.1431,4354.5524,58.0185,1.3324,32795796.51,35663943.422
000922.CSI,20191227,4354.5524,4361.3844,4390.2974,4351.9894,4362.7269,-8.1745,-0.1874,26953637.59,28408783.078
000922.CSI,20191226,4362.7269,4317.8567,4362.7269,4316.9069,4313.7281,48.9988,1.1359,20597985.21,23067432.9
000922.CSI,20191225,4313.7281,4317.562,4323.9348,4298.2004,4319.6452,-5.9171,-0.137,15817066.05,19207001.438
000922.CSI,20191224,4319.6452,4297.8692,4319.7279,4287.8108,4295.5499,24.0953,0.5609,16452746.01,20116494.787
000922.CSI,20191223,4295.5499,4342.1779,4353.8546,4292.3404,4349.8548,-54.3049,-1.2484,24783662.0,27959960.689
000922.CSI,20191220,4349.8548,4374.4311,4377.9647,4344.9314,4369.5944,-19.7396,-0.4517,22839697.34,25142110.623
000922.CSI,20191219,4369.5944,4360.7008,4372.7591,4355.2875,4363.925,5.6694,0.1299,23657113.09,25445717.738
000922.CSI,20191218,4363.925,4372.1762,4386.6298,4355.7901,4372.2936,-8.3686,-0.1914,28252807.47,32081651.578
000922.CSI,20191217,4372.2936,4343.2695,4396.283,4324.9195,4338.6284,33.6652,0.7759,38834841.72,42028788.264
000922.CSI,20191216,4338.6284,4316.6647,4338.6284,4303.8776,4306.3384,32.29,0.7498,29430521.07,33819827.605
000922.CSI,20191213,4306.3384,4290.3016,4309.1062,4283.7991,4266.6722,39.6662,0.9297,36054104.67,41675274.99
000922.CSI,20191212,4266.6722,4264.3652,4273.7243,4256.1297,4261.1683,5.5039,0.1292,22666554.13,24976537.968
000922.CSI,20191211,4261.1683,4240.8048,4262.5001,4238.6847,4234.7072,26.4611,0.6249,25116231.59,28524390.278
000922.CSI,20191210,4234.7072,4229.56,4235.5564,4220.4531,4237.0992,-2.392,-0.0565,19267116.78,22889041.899
000922.CSI,20191209,4237.0992,4224.8208,4237.471,4215.3972,4219.0519,18.0473,0.4278,24977653.96,28484629.705
000922.CSI,20191206,4219.0519,4218.6093,4220.9761,4200.173,4212.4806,6.5713,0.156,17733562.06,21097449.22
000922.CSI,20191205,4212.4806,4202.838,4214.4345,4196.0025,4193.2539,19.2267,0.4585,18841904.44,21794232.073
000922.CSI,20191204,4193.2539,4203.1781,4209.8285,4181.7727,4214.6489,-21.395,-0.5076,17629538.27,20514667.674
000922.CSI,20191203,4214.6489,4189.1629,4214.6489,4178.2902,4197.9521,16.6968,0.3977,18398311.96,21896763.641
000922.CSI,20191202,4197.9521,4188.6855,4212.8486,4188.6855,4183.4148,14.5373,0.3475,19964862.47,24088915.977
000922.CSI,20191129,4183.4148,4193.2575,4201.3694,4165.4088,4191.528,-8.1132,-0.1936,18534576.01,21736329.818
000922.CSI,20191128,4191.528,4203.2961,4212.1727,4183.1164,4204.7601,-13.2321,-0.3147,16153003.96,18513082.242
000922.CSI,20191127,4204.7601,4218.5587,4226.2718,4197.8336,4226.1661,-21.406,-0.5065,18574307.45,22392644.66
000922.CSI,20191126,4226.1661,4240.2493,4240.2787,4206.1357,4235.1345,-8.9684,-0.2118,29451903.76,32381482.332
000922.CSI,20191125,4235.1345,4182.5864,4235.1345,4182.5864,4180.0869,55.0476,1.3169,30493908.71,33422781.656
000922.CSI,20191122,4180.0869,4202.2302,4228.1822,4164.9755,4195.5942,-15.5073,-0.3696,23509067.03,26991385.519
000922.CSI,20191121,4195.5942,4189.1132,4203.3039,4173.4538,4198.8019,-3.2077,-0.0764,19294035.74,20905758.811
000922.CSI,20191120,4198.8019,4229.5686,4231.8568,4195.2372,4232.6081,-33.8062,-0.7987,21118332.74,25662821.437
000922.CSI,20191119,4232.6081,4187.3731,4232.8291,4184.2189,4188.182,44.4261,1.0607,22114625.29,27009973.351
000922.CSI,20191118,4188.182,4142.0204,4190.1103,4137.88,4146.2589,41.9231,1.0111,22392625.97,26479429.179
000922.CSI,20191115,4146.2589,4194.2953,4194.2953,4146.2589,4189.982,-43.7231,-1.0435,20660543.97,23939601.773
000922.CSI,20191114,4189.982,4194.1934,4200.3218,4178.273,4188.0214,1.9606,0.0468,20098638.21,23491724.538
000922.CSI,20191113,4188.0214,4210.9606,4211.0858,4174.2241,4208.5153,-20.4939,-0.487,19848324.85,22583338.042
000922.CSI,20191112,4208.5153,4200.0027,4211.5336,4178.073,4197.0067,11.5086,0.2742,19106664.44,22505922.088
000922.CSI,20191111,4197.0067,4252.387,4252.387,4191.579,4274.701,-77.6943,-1.8175,27616848.0,30602758.703
000922.CSI,20191108,4274.701,4304.5152,4313.2895,4274.4794,4283.1935,-8.4925,-0.1983,26739429.77,30397313.299
000922.CSI,20191107,4283.1935,4272.6709,4300.51,4268.6575,4270.6687,12.5248,0.2933,21911381.94,25283683.62
000922.CSI,20191106,4270.6687,4303.9759,4304.1381,4256.6492,4301.9492,-31.2805,-0.7271,27836016.63,32831511.472
000922.CSI,20191105,4301.9492,4286.1763,4323.3669,4269.7238,4283.2711,18.6781,0.4361,34880775.59,41772496.472
000922.CSI,20191104,4283.2711,4279.5642,4291.8642,4273.2779,4273.9833,9.2878,0.2173,28648943.92,36408578.393
000922.CSI,20191101,4273.9833,4217.8948,4273.9833,4204.671,4220.2214,53.7619,1.2739,29943304.0,40145059.614
000922.CSI,20191031,4220.2214,4250.3314,4253.468,4213.3044,4246.2945,-26.0731,-0.614,25699518.9,34425137.21
000922.CSI,20191030,4246.2945,4264.8937,4265.9898,4234.2411,4282.0576,-35.7631,-0.8352,22566668.11,28729903.212
000922.CSI,20191029,4282.0576,4312.5089,4312.6455,4281.7907,4311.2341,-29.1765,-0.6768,21326664.56,25673532.614
000922.CSI,20191028,4311.2341,4279.0457,4311.6875,4279.0457,4289.3986,21.8355,0.5091,24281458.98,27093277.615
000922.CSI,20191025,4289.3986,4271.5235,4290.0931,4244.6467,4265.6799,23.7187,0.556,21835159.03,24085104.006
000922.CSI,20191024,4265.6799,4256.7364,4275.6671,4244.6716,4258.8274,6.8525,0.1609,22796974.45,23739929.072
000922.CSI,20191023,4258.8274,4276.7014,4289.0541,4246.7687,4276.5637,-17.7363,-0.4147,21503508.01,21896567.448
000922.CSI,20191022,4276.5637,4269.2783,4276.9726,4249.3841,4257.1807,19.383,0.4553,20775798.49,22515202.845
000922.CSI,20191021,4257.1807,4236.7043,4262.0216,4220.2823,4241.1916,15.9891,0.377,24061540.68,26509740.415
000922.CSI,20191018,4241.1916,4306.8406,4312.1275,4230.68,4298.5442,-57.3526,-1.3342,24357843.94,25942268.393
000922.CSI,20191017,4298.5442,4315.8095,4318.4452,4289.5135,4312.4909,-13.9467,-0.3234,18624492.09,20918304.336
000922.CSI,20191016,4312.4909,4336.1391,4360.6937,4308.0426,4330.1878,-17.6969,-0.4087,26530171.36,29552778.546
000922.CSI,20191015,4330.1878,4356.7164,4356.7164,4319.7986,4360.7759,-30.5881,-0.7014,25676461.78,28097686.443
000922.CSI,20191014,4360.7759,4335.9563,4382.1495,4335.9563,4312.5793,48.1966,1.1176,40388955.15,41710455.366
000922.CSI,20191011,4312.5793,4299.549,4324.0043,4280.8501,4287.3174,25.2619,0.5892,28052509.04,33300623.444
000922.CSI,20191010,4287.3174,4264.0568,4287.3174,4257.5507,4262.8558,24.4616,0.5738,21965493.53,25396426.602
000922.CSI,20191009,4262.8558,4214.5389,4262.8558,4205.7097,4225.8166,37.0392,0.8765,27984516.08,32587429.602
000922.CSI,20191008,4225.8166,4202.1255,4240.9686,4199.0466,4193.8942,31.9224,0.7612,25466408.36,31172886.524
000922.CSI,20190930,4193.8942,4213.0683,4231.3449,4193.3075,4216.9991,-23.1049,-0.5479,18323326.54,20918039.667
000922.CSI,20190927,4216.9991,4233.0316,4233.8101,4212.1354,4227.6949,-10.6958,-0.253,22500772.1,25183224.298
000922.CSI,20190926,4227.6949,4264.5205,4272.1824,4225.5057,4255.694,-27.9991,-0.6579,28278234.99,32929802.393
000922.CSI,20190925,4255.694,4299.2977,4299.3014,4255.6778,4312.8502,-57.1562,-1.3253,18631557.2,23875231.229
000922.CSI,20190924,4312.8502,4309.1966,4337.8955,4292.7035,4309.9999,2.8503,0.0661,18045751.26,23719525.111
000922.CSI,20190923,4309.9999,4351.5276,4351.5276,4283.5775,4367.6231,-57.6232,-1.3193,22220908.9,26832695.697
000922.CSI,20190920,4367.6231,4362.0338,4373.0512,4352.9489,4355.5272,12.0959,0.2777,24865379.28,29974362.896
000922.CSI,20190919,4355.5272,4355.6947,4355.6947,4326.6158,4346.5862,8.941,0.2057,17686969.16,23082239.432
000922.CSI,20190918,4346.5862,4329.2871,4356.0714,4326.5693,4320.9414,25.6448,0.5935,19742718.87,25004844.672
000922.CSI,20190917,4320.9414,4385.8337,4386.2587,4310.3937,4393.7295,-72.7881,-1.6566,25237416.08,27909747.029
000922.CSI,20190916,4393.7295,4409.7169,4409.9746,4379.5494,4393.2915,0.438,0.01,26395082.58,30979091.699
000922.CSI,20190912,4393.2915,4378.2883,4399.3763,4365.4104,4365.5175,27.774,0.6362,25685120.63,30658679.635
000922.CSI,20190911,4365.5175,4389.906,4389.906,4358.5815,4381.2487,-15.7312,-0.3591,27229135.67,31596319.169
000922.CSI,20190910,4381.2487,4400.6142,4400.6142,4364.4337,4401.274,-20.0253,-0.455,25542185.3,30456914.394
000922.CSI,20190909,4401.274,4412.5128,4416.9286,4375.1795,4373.7625,27.5115,0.629,31548385.43,38509494.573
000922.CSI,20190906,4373.7625,4358.3323,4373.7625,4351.6984,4343.921,29.8415,0.687,26993768.25,32975040.079
000922.CSI,20190905,4343.921,4337.3007,4391.7444,4337.3007,4319.3989,24.5221,0.5677,43791503.11,48854093.899
000922.CSI,20190904,4319.3989,4262.7523,4319.3989,4257.7468,4265.1451,54.2538,1.272,34754385.97,39030183.374
000922.CSI,20190903,4265.1451,4261.3774,4265.1451,4239.5083,4257.8691,7.276,0.1709,23953764.75,30142318.046
000922.CSI,20190902,4257.8691,4199.8847,4265.3848,4195.2662,4196.7733,61.0958,1.4558,29020064.96,35960063.107
000922.CSI,20190830,4196.7733,4239.9792,4249.5576,4184.3912,4219.5649,-22.7916,-0.5401,26098715.9,33606728.12
000922.CSI,20190829,4219.5649,4246.0915,4247.1423,4204.3933,4240.3692,-20.8043,-0.4906,23889889.59,30705302.852
000922.CSI,20190828,4240.3692,4241.418,4263.0644,4224.6163,4236.4421,3.9271,0.0927,24115596.91,32948612.931
000922.CSI,20190827,4236.4421,4197.3131,4261.0315,4197.3131,4181.7443,54.6978,1.308,33174527.85,40264870.732
000922.CSI,20190826,4181.7443,4161.6031,4192.4035,4154.5736,4229.0487,-47.3044,-1.1186,25682287.95,31245477.573
000922.CSI,20190823,4229.0487,4218.8835,4234.494,4211.21,4220.3955,8.6532,0.205,22265169.39,28875240.764
000922.CSI,20190822,4220.3955,4228.653,4230.4486,4197.8364,4222.6847,-2.2892,-0.0542,19133600.69,22701703.688
000922.CSI,20190821,4222.6847,4222.9702,4236.406,4216.4605,4230.3766,-7.6919,-0.1818,19698256.14,23929259.283
000922.CSI,20190820,4230.3766,4232.8811,4240.5401,4215.4673,4232.7618,-2.3852,-0.0564,24780237.4,26969256.001
000922.CSI,20190819,4232.7618,4184.1005,4232.7618,4171.3943,4151.9481,80.8137,1.9464,36734931.38,38799996.564
000922.CSI,20190816,4151.9481,4145.2234,4172.3681,4137.168,4146.7767,5.1714,0.1247,19822699.8,23462237.808
000922.CSI,20190815,4146.7767,4074.8956,4150.5385,4063.9985,4138.5042,8.2725,0.1999,21031128.31,23650522.538
000922.CSI,20190814,4138.5042,4159.2401,4169.9265,4134.4981,4117.793,20.7112,0.503,21089358.38,25491971.215
000922.CSI,20190813,4117.793,4123.5352,4129.7659,4107.3441,4151.9734,-34.1804,-0.8232,18122061.45,20555878.438
000922.CSI,20190812,4151.9734,4094.7511,4151.9734,4092.1506,4091.6853,60.2881,1.4734,20119127.5,23824810.304
000922.CSI,20190809,4091.6853,4139.9606,4147.3965,4085.6193,4129.1967,-37.5114,-0.9084,21172038.08,24710652.141
000922.CSI,20190808,4129.1967,4113.6535,4134.3497,4113.5907,4099.1431,30.0536,0.7332,21447981.11,24161320.178
000922.CSI,20190807,4099.1431,4126.958,4133.4028,4098.5478,4109.8134,-10.6703,-0.2596,23580129.93,27307866.876
000922.CSI,20190806,4109.8134,4122.4269,4122.4269,4047.9445,4184.1586,-74.3452,-1.7768,33284215.49,38368275.689
000922.CSI,20190805,4184.1586,4240.3828,4244.5125,4184.1586,4253.1394,-68.9808,-1.6219,26870067.78,30038084.697
000922.CSI,20190802,4253.1394,4250.7059,4256.994,4227.1619,4320.2128,-67.0734,-1.5525,28259992.4,31026890.682
000922.CSI,20190801,4320.2128,4339.5862,4349.7314,4306.506,4350.9547,-30.7419,-0.7066,22407389.5,26096779.335
000922.CSI,20190731,4350.9547,4384.6654,4384.9673,4348.6025,4393.8581,-42.9034,-0.9764,22704670.2,27813312.564
000922.CSI,20190730,4393.8581,4374.2968,4408.9355,4374.29,4368.1196,25.7385,0.5892,22675798.05,27036402.864
000922.CSI,20190729,4368.1196,4375.9841,4377.3671,4354.7779,4372.9903,-4.8707,-0.1114,22245691.1,24299885.04
000922.CSI,20190726,4372.9903,4355.5553,4378.9668,4348.7662,4361.7969,11.1934,0.2566,21540448.58,24090977.843
000922.CSI,20190725,4361.7969,4351.3756,4362.6508,4336.4635,4348.9616,12.8353,0.2951,22232630.96,26514013.471
000922.CSI,20190724,4348.9616,4333.8782,4370.0643,4332.9855,4324.948,24.0136,0.5552,23694574.71,27052920.451
000922.CSI,20190723,4324.948,4307.0566,4325.1561,4296.005,4303.8912,21.0568,0.4893,20689553.26,24091568.703
000922.CSI,20190722,4303.8912,4357.6749,4357.6749,4288.675,4356.663,-52.7718,-1.2113,23309375.79,25322009.07
000922.CSI,20190719,4356.663,4338.3648,4379.0197,4338.3648,4330.7755,25.8875,0.5978,22927414.28,27365760.692
000922.CSI,20190718,4330.7755,4376.4622,4376.4622,4330.6489,4394.8238,-64.0483,-1.4574,18184504.79,21221570.246
000922.CSI,20190717,4394.8238,4391.7486,4407.7286,4378.6151,4399.2023,-4.3785,-0.0995,18074034.77,21594828.757
000922.CSI,20190716,4399.2023,4397.3858,4405.4062,4387.1898,4400.4132,-1.2109,-0.0275,18063364.63,23354860.815
000922.CSI,20190715,4400.4132,4369.3193,4412.215,4309.9403,4374.9531,25.4601,0.582,25312390.63,29513291.684
000922.CSI,20190712,4374.9531,4356.9161,4383.8558,4341.9222,4360.9748,13.9783,0.3205,19607181.38,24695542.754
000922.CSI,20190711,4360.9748,4384.3431,4406.4731,4348.931,4367.0151,-6.0403,-0.1383,18900947.69,25293066.524
000922.CSI,20190710,4367.0151,4416.6154,4420.072,4353.6821,4404.0334,-37.0183,-0.8406,19292871.57,23722949.804
000922.CSI,20190709,4404.0334,4389.1903,4412.5248,4384.1853,4391.9857,12.0477,0.2743,21580075.23,25820165.746
000922.CSI,20190708,4391.9857,4492.0864,4492.658,4368.5523,4508.1218,-116.1361,-2.5762,31624584.46,35362886.03
000922.CSI,20190705,4508.1218,4488.5446,4515.0658,4470.5441,4491.0135,17.1083,0.3809,22372653.03,27230853.725
000922.CSI,20190704,4491.0135,4506.987,4529.8624,4473.7355,4501.2198,-10.2063,-0.2267,29096904.34,33700993.507
000922.CSI,20190703,4501.2198,4501.7775,4513.3509,4484.386,4511.8725,-10.6527,-0.2361,30640325.09,36334313.425
000922.CSI,20190702,4511.8725,4485.1489,4512.1308,4472.286,4486.7653,25.1072,0.5596,31473365.25,37353493.149
000922.CSI,20190701,4486.7653,4465.3741,4488.8539,4449.9735,4406.9071,79.8582,1.8121,36994466.08,43618951.558
000922.CSI,20190628,4406.9071,4425.8235,4425.8235,4388.5804,4438.9167,-32.0096,-0.7211,22936409.79,23769754.599
000922.CSI,20190627,4438.9167,4422.7128,4458.6015,4421.3316,4416.4573,22.4594,0.5085,28483421.5,32824380.859
000922.CSI,20190626,4416.4573,4401.3536,4432.1149,4390.0337,4413.8151,2.6422,0.0599,21929991.33,24240019.109
000922.CSI,20190625,4413.8151,4459.2099,4460.1758,4377.6598,4465.8858,-52.0707,-1.166,32247062.38,38662370.972
000922.CSI,20190624,4465.8858,4449.7286,4468.0179,4443.1126,4449.9508,15.935,0.3581,25207459.3,29274007.303
000922.CSI,20190621,4449.9508,4441.4218,4469.0272,4434.0196,4446.1375,3.8133,0.0858,36782715.66,40316293.498
000922.CSI,20190620,4446.1375,4374.4598,4464.2847,4363.9224,4373.7491,72.3884,1.6551,45269012.84,47629033.027
000922.CSI,20190619,4373.7491,4416.9796,4432.0315,4371.985,4350.5059,23.2432,0.5343,34289026.75,34721236.93
000922.CSI,20190618,4350.5059,4355.1313,4369.4027,4331.4679,4355.131,-4.6251,-0.1062,21189126.94,21374428.491
000922.CSI,20190617,4355.131,4351.7741,4374.7632,4333.2155,4357.2443,-2.1133,-0.0485,19370295.44,20110781.717
000922.CSI,20190614,4357.2443,4404.1679,4411.4859,4343.1825,4402.203,-44.9587,-1.0213,23127290.58,23741712.868
000922.CSI,20190613,4402.203,4404.5212,4409.6382,4363.9294,4416.9965,-14.7935,-0.3349,21445651.63,22488982.567
000922.CSI,20190612,4416.9965,4445.291,4447.1113,4409.3717,4460.8018,-43.8053,-0.982,24004416.69,25862181.834
000922.CSI,20190611,4460.8018,4353.691,4461.085,4351.6708,4341.986,118.8158,2.7364,36095479.26,41002422.02
000922.CSI,20190610,4341.986,4316.0637,4364.1594,4310.2811,4303.8016,38.1844,0.8872,25190709.37,27754893.046
000922.CSI,20190606,4303.8016,4351.7345,4351.7345,4297.5101,4358.3891,-54.5875,-1.2525,21114640.57,22093493.185
000922.CSI,20190605,4358.3891,4398.7553,4408.3248,4355.6426,4377.4695,-19.0804,-0.4359,25418993.59,26206071.83
000922.CSI,20190604,4377.4695,4415.924,4418.604,4357.5328,4425.7077,-48.2382,-1.09,22914310.7,24686113.1
000922.CSI,20190603,4425.7077,4472.8995,4490.9695,4414.8396,4469.5125,-43.8048,-0.9801,27459941.14,29018204.315
000922.CSI,20190531,4469.5125,4466.2114,4488.7039,4448.6288,4468.9045,0.608,0.0136,24608796.56,25593991.004
000922.CSI,20190530,4468.9045,4460.9428,4468.9443,4421.6201,4477.0117,-8.1072,-0.1811,25241841.93,27139827.124
000922.CSI,20190529,4477.0117,4464.3158,4498.7044,4455.8407,4489.7334,-12.7217,-0.2834,23508880.62,26351233.86
000922.CSI,20190528,4489.7334,4448.4028,4507.5445,4439.3318,4449.3151,40.4183,0.9084,35170789.39,37427306.084
000922.CSI,20190527,4449.3151,4394.7173,4460.9554,4357.7692,4399.022,50.2931,1.1433,29509474.28,31000493.136
000922.CSI,20190524,4399.022,4390.2442,4425.4288,4373.2114,4403.7754,-4.7534,-0.1079,24137733.35,24861610.713
000922.CSI,20190523,4403.7754,4443.0231,4443.1688,4384.3128,4460.095,-56.3196,-1.2627,27879480.36,27732704.598
000922.CSI,20190522,4460.095,4479.7396,4491.0076,4446.4395,4490.1695,-30.0745,-0.6698,23757074.3,27642242.384
000922.CSI,20190521,4490.1695,4405.8161,4499.2081,4403.526,4406.0276,84.1419,1.9097,26205080.4,27805420.55
000922.CSI,20190520,4406.0276,4430.0231,4438.7329,4361.7046,4441.8247,-35.7971,-0.8059,31501993.21,29762611.299
000922.CSI,20190517,4441.8247,4557.1621,4557.8871,4426.2341,4556.4264,-114.6017,-2.5152,29536654.52,29888956.864
000922.CSI,20190516,4556.4264,4535.1507,4558.3146,4527.4068,4535.7319,20.6945,0.4563,28758922.53,29733106.819
000922.CSI,20190515,4535.7319,4482.1152,4547.2489,4482.1152,4455.7918,79.9401,1.7941,30700964.52,33292432.362
000922.CSI,20190514,4455.7918,4438.0446,4488.5707,4429.616,4480.7915,-24.9997,-0.5579,28181453.92,29279023.211
000922.CSI,20190513,4480.7915,4469.4408,4495.9564,4450.9492,4521.1071,-40.3156,-0.8917,26618443.47,26756846.961
000922.CSI,20190510,4521.1071,4436.4187,4521.1071,4365.2647,4400.1224,120.9847,2.7496,36782817.28,38575199.685
000922.CSI,20190509,4400.1224,4437.0353,4465.2366,4389.4988,4471.7038,-71.5814,-1.6008,30057973.86,32262148.118
000922.CSI,20190508,4471.7038,4443.5967,4531.8008,4429.8245,4534.7066,-63.0028,-1.3893,32491241.9,32954778.051
000922.CSI,20190507,4534.7066,4494.4567,4544.7537,4474.833,4475.7656,58.941,1.3169,38723053.62,43482728.913
000922.CSI,20190506,4475.7656,4614.6852,4614.6852,4430.3629,4735.7371,-259.9715,-5.4896,61505608.78,63279962.062
000922.CSI,20190430,4735.7371,4663.0876,4737.8418,4662.9855,4672.4299,63.3072,1.3549,34893456.07,39960168.832
000922.CSI,20190429,4672.4299,4712.6434,4749.9636,4667.1128,4705.7223,-33.2924,-0.7075,39805959.06,43778319.469
000922.CSI,20190426,4705.7223,4758.3003,4772.7478,4697.391,4769.5611,-63.8388,-1.3385,39254624.94,44050045.104
000922.CSI,20190425,4769.5611,4868.9879,4884.0343,4766.0719,4897.1929,-127.6318,-2.6062,39092714.83,40859575.423
000922.CSI,20190424,4897.1929,4863.5026,4897.6694,4821.5832,4854.2647,42.9282,0.8843,35502965.3,38022144.424
000922.CSI,20190423,4854.2647,4884.2493,4902.5232,4840.2846,4891.7212,-37.4565,-0.7657,39182943.47,42887486.045
000922.CSI,20190422,4891.7212,4993.1611,4998.7818,4882.8443,4993.6784,-101.9572,-2.0417,49435700.14,54861860.21
000922.CSI,20190419,4993.6784,4966.7775,4993.73,4921.7517,4968.6238,25.0546,0.5043,32930188.78,36983256.127
000922.CSI,20190418,4968.6238,5030.4057,5030.4057,4966.0339,5032.0236,-63.3998,-1.2599,35424701.83,37754186.946
000922.CSI,20190417,5032.0236,4999.9081,5052.1528,4978.9176,5011.6597,20.3639,0.4063,52885170.91,55831307.377
000922.CSI,20190416,5011.6597,4911.0961,5011.6597,4857.992,4940.2172,71.4425,1.4461,69484764.44,66928826.651
000922.CSI,20190415,4940.2172,5036.0832,5055.2204,4939.6753,4993.3498,-53.1326,-1.0641,61330090.15,63277518.513
000922.CSI,20190412,4993.3498,5015.5292,5041.0647,4973.0256,5018.3902,-25.0404,-0.499,37749931.75,41091573.278
000922.CSI,20190411,5018.3902,5080.8406,5105.7436,5007.2554,5080.5407,-62.1505,-1.2233,47252946.42,54195785.383
000922.CSI,20190410,5080.5407,5040.522,5106.8357,5013.3464,5066.9395,13.6012,0.2684,50282314.64,59102491.927
000922.CSI,20190409,5066.9395,5067.4092,5095.1891,5029.6499,5071.9967,-5.0572,-0.0997,53042319.01,61536211.519
000922.CSI,20190408,5071.9967,5055.8562,5092.4902,4986.0254,5021.842,50.1547,0.9987,77714963.93,80397890.953
000922.CSI,20190404,5021.842,4977.4876,5026.5714,4966.2669,4954.0193,67.8227,1.369,70323665.34,72680738.899
000922.CSI,20190403,4954.0193,4858.1124,4960.2368,4846.3715,4885.6086,68.4107,1.4002,60112282.76,59408734.077
000922.CSI,20190402,4885.6086,4905.1345,4914.0335,4870.0774,4881.1092,4.4994,0.0922,58059467.46,61224610.777
000922.CSI,20190401,4881.1092,4765.8985,4883.5559,4765.8985,4742.9552,138.154,2.9128,73564645.22,79507771.678
000922.CSI,20190329,4742.9552,4608.2145,4749.0285,4602.1801,4612.9753,129.9799,2.8177,56878231.87,61670174.019
000922.CSI,20190328,4612.9753,4654.3128,4674.7568,4607.3373,4659.7669,-46.7916,-1.0042,36531493.49,37378196.222
000922.CSI,20190327,4659.7669,4613.7221,4659.9099,4578.4559,4592.3513,67.4156,1.468,37532597.25,39948207.63
000922.CSI,20190326,4592.3513,4682.0532,4695.6686,4576.6977,4662.4456,-70.0943,-1.5034,40152303.14,39351637.724
000922.CSI,20190325,4662.4456,4663.6738,4727.3006,4651.2497,4734.3988,-71.9532,-1.5198,50038096.6,48737205.026
000922.CSI,20190322,4734.3988,4698.4326,4736.4157,4653.7226,4705.451,28.9478,0.6152,37808284.65,38912674.278
000922.CSI,20190321,4705.451,4689.7126,4732.6628,4688.7711,4685.0497,20.4013,0.4355,44146942.04,45566600.358
000922.CSI,20190320,4685.0497,4662.7637,4692.8889,4617.9615,4679.0672,5.9825,0.1279,42202311.84,44297219.494
000922.CSI,20190319,4679.0672,4704.174,4720.9142,4656.5007,4703.4712,-24.404,-0.5189,43266921.38,46746237.452
000922.CSI,20190318,4703.4712,4589.6573,4703.5023,4565.6872,4574.0335,129.4377,2.8298,58936679.19,64587727.792
000922.CSI,20190315,4574.0335,4508.2726,4597.4686,4507.9227,4493.9759,80.0576,1.7814,43046966.46,46413971.134
000922.CSI,20190314,4493.9759,4545.5189,4582.1186,4468.1844,4557.1027,-63.1268,-1.3852,40191979.86,41215987.028
000922.CSI,20190313,4557.1027,4595.6447,4620.2105,4539.5126,4598.8543,-41.7516,-0.9079,50586242.06,49993738.944
000922.CSI,20190312,4598.8543,4584.8986,4648.1202,4553.8874,4562.2607,36.5936,0.8021,57277872.5,56393196.362
000922.CSI,20190311,4562.2607,4471.0385,4562.819,4457.9333,4469.6472,92.6135,2.0721,48152755.45,47741006.68
000922.CSI,20190308,4469.6472,4584.9537,4611.6895,4465.0498,4658.764,-189.1168,-4.0594,65788892.17,62153305.957
000922.CSI,20190307,4658.764,4656.7653,4678.4674,4608.0597,4664.2342,-5.4702,-0.1173,67307339.96,65659806.777
000922.CSI,20190306,4664.2342,4612.7541,4664.8392,4578.6824,4608.0176,56.2166,1.22,61973347.27,59309856.253
000922.CSI,20190305,4608.0176,4549.7938,4608.0176,4535.2504,4555.7983,52.2193,1.1462,55262836.17,54570615.552
000922.CSI,20190304,4555.7983,4524.5905,4633.2599,4518.9135,4502.0344,53.7639,1.1942,86009681.96,84340561.34
000922.CSI,20190301,4502.0344,4459.7079,4502.1774,4417.1114,4440.8664,61.168,1.3774,50413480.98,50320586.735
000922.CSI,20190228,4440.8664,4444.1134,4469.9717,4421.971,4444.2202,-3.3538,-0.0755,41925208.59,41002033.135
000922.CSI,20190227,4444.2202,4455.8804,4505.3555,4400.6686,4453.7772,-9.557,-0.2146,62588204.54,57683454.348
000922.CSI,20190226,4453.7772,4464.085,4525.2503,4429.7003,4470.2635,-16.4863,-0.3688,74735777.98,70059286.748
000922.CSI,20190225,4470.2635,4313.7776,4473.7702,4309.8643,4287.4095,182.854,4.2649,85798215.38,80898510.077
000922.CSI,20190222,4287.4095,4228.8802,4287.5421,4210.663,4230.3796,57.0299,1.3481,36733803.0,36375017.757
000922.CSI,20190221,4230.3796,4257.9561,4290.6247,4219.5043,4258.2487,-27.8691,-0.6545,31657735.82,32277465.397
000922.CSI,20190220,4258.2487,4256.3217,4261.4813,4224.0351,4255.2193,3.0294,0.0712,26644232.78,26707308.828
000922.CSI,20190219,4255.2193,4276.8076,4293.7054,4232.2348,4260.3113,-5.092,-0.1195,37116088.94,36175777.841
000922.CSI,20190218,4260.3113,4185.6234,4260.6473,4185.6234,4159.9385,100.3728,2.4128,34836501.67,34262167.152
000922.CSI,20190215,4159.9385,4205.7188,4207.8765,4156.2111,4216.8263,-56.8878,-1.3491,28922100.02,30028579.142
000922.CSI,20190214,4216.8263,4208.0787,4233.9415,4198.1296,4216.6085,0.2178,0.0052,25209698.2,26384590.123
000922.CSI,20190213,4216.6085,4166.5015,4225.7314,4156.1822,4163.6749,52.9336,1.2713,33011647.8,33223690.958
000922.CSI,20190212,4163.6749,4124.6662,4172.3134,4121.2181,4126.9981,36.6768,0.8887,25986743.97,26201588.514
000922.CSI,20190211,4126.9981,4060.7241,4128.4509,4060.6492,4065.2377,61.7604,1.5192,24925052.86,26062852.949
000922.CSI,20190201,4065.2377,4026.7657,4065.2377,4018.6202,4012.0687,53.169,1.3252,21715787.01,22127942.72
000922.CSI,20190131,4012.0687,4011.1026,4042.5974,3992.147,4000.7395,11.3292,0.2832,26476273.6,25499116.33
000922.CSI,20190130,4000.7395,4010.8701,4034.0909,3995.6485,4025.0184,-24.2789,-0.6032,20354506.0,19674813.794
000922.CSI,20190129,4025.0184,4010.5527,4032.2845,3961.9989,4014.5273,10.4911,0.2613,23088183.0,22222150.6943
000922.CSI,20190128,4014.5273,4031.1642,4060.9961,4003.6431,4013.5691,0.9582,0.0239,23324510.0,23028821.6167
000922.CSI,20190125,4013.5691,4001.4813,4032.683,4001.4813,3994.1647,19.4044,0.4858,25914112.0,23962555.2694
000922.CSI,20190124,3994.1647,3989.5086,4004.5224,3968.7444,3979.6255,14.5392,0.3653,17866361.0,16544178.132
000922.CSI,20190123,3979.6255,3958.7649,3988.24,3957.825,3962.7089,16.9166,0.4269,15810448.0,14120803.8871
000922.CSI,20190122,3962.7089,4002.9698,4003.1585,3953.6271,4000.7156,-38.0067,-0.95,17946786.0,16813338.2179
000922.CSI,20190121,4000.7156,3998.1438,4016.622,3991.6031,3994.5564,6.1592,0.1542,23834213.0,22371655.2081
000922.CSI,20190118,3994.5564,3955.1205,3996.2354,3948.6406,3950.5375,44.0189,1.1143,28532009.0,25914124.3602
000922.CSI,20190117,3950.5375,3965.1941,3977.6976,3947.6712,3959.031,-8.4935,-0.2145,20735133.0,18713173.889
000922.CSI,20190116,3959.031,3953.39,3967.407,3949.9012,3954.3081,4.7229,0.1194,17460374.0,17134529.0896
000922.CSI,20190115,3954.3081,3914.9623,3957.1163,3903.5494,3917.0738,37.2343,0.9506,20014248.0,21192497.2335
000922.CSI,20190114,3917.0738,3923.1121,3932.3022,3910.5773,3923.1416,-6.0678,-0.1547,16587139.0,14808079.5653
000922.CSI,20190111,3923.1416,3915.9226,3923.4204,3890.7754,3907.759,15.3826,0.3936,16627645.0,16214793.8764
000922.CSI,20190110,3907.759,3915.4322,3935.47,3901.7487,3923.412,-15.653,-0.399,19585611.0,17916361.4036
000922.CSI,20190109,3923.412,3908.1403,3963.352,3908.1296,3890.5271,32.8849,0.8453,27875852.0,28174273.4273
000922.CSI,20190108,3890.5271,3878.8605,3896.1356,3867.0652,3883.3566,7.1705,0.1846,18264737.0,15676986.6809
000922.CSI,20190107,3883.3566,3853.0043,3885.6017,3841.3294,3830.9277,52.4289,1.3686,23971862.0,21973118.1462
000922.CSI,20190104,3830.9277,3736.3382,3831.0291,3727.6258,3756.7586,74.1691,1.9743,23524663.0,21711114.3533
000922.CSI,20190103,3756.7586,3774.3494,3808.2122,3751.4014,3779.2468,-22.4882,-0.595,17897718.0,16154984.9119
000922.CSI,20190102,3779.2468,3839.1065,3840.6391,3772.0911,3836.87,-57.6232,-1.5018,20740487.0,18313816.3739
000922.CSI,20181228,3836.87,3821.577,3845.8023,3813.4052,3823.9246,12.9454,0.3385,23375314.0,20357427.5832
000922.CSI,20181227,3823.9246,3882.6286,3890.3488,3823.4096,3841.5328,-17.6082,-0.4584,25314445.0,21524469.3234
000922.CSI,20181226,3841.5328,3839.9271,3860.0706,3826.6587,3843.1058,-1.573,-0.0409,16309387.0,14856007.9021
000922.CSI,20181225,3843.1058,3841.2209,3854.3324,3781.3089,3867.2356,-24.1298,-0.624,22299661.0,19265709.6185
000922.CSI,20181224,3867.2356,3831.7226,3872.8849,3824.2327,3839.9327,27.3029,0.711,17619902.0,15888709.0807
000922.CSI,20181221,3839.9327,3856.8235,3864.0027,3824.3977,3867.2801,-27.3474,-0.7071,23773454.0,22046514.4894
000922.CSI,20181220,3867.2801,3873.7401,3890.3149,3843.1796,3870.4618,-3.1817,-0.0822,25719128.0,22653254.4442
000922.CSI,20181219,3870.4618,3901.3692,3912.114,3870.4618,3896.4885,-26.0267,-0.668,19038782.0,18649268.0142
000922.CSI,20181218,3896.4885,3901.7113,3926.0714,3871.869,3924.7503,-28.2618,-0.7201,20252140.0,18875085.5273
000922.CSI,20181217,3924.7503,3890.6352,3927.1515,3880.3501,3898.8762,25.8741,0.6636,20457826.0,18738651.6135
000922.CSI,20181214,3898.8762,3948.7254,3953.4809,3898.8762,3956.9631,-58.0869,-1.468,23880125.0,24271116.2888
000922.CSI,20181213,3956.9631,3916.2574,3973.4591,3906.586,3907.6491,49.314,1.262,26691287.0,32289373.932
000922.CSI,20181212,3907.6491,3901.2582,3916.5759,3895.3335,3880.9981,26.651,0.6867,15349602.0,17024261.361
000922.CSI,20181211,3880.9981,3874.3218,3884.0703,3866.1287,3864.7407,16.2574,0.4207,14313540.0,15614703.4849
000922.CSI,20181210,3864.7407,3882.3951,3894.1708,3855.5271,3901.0377,-36.297,-0.9304,17766658.0,19582209.5967
000922.CSI,20181207,3901.0377,3883.6356,3901.0377,3883.6356,3879.0123,22.0254,0.5678,14414828.0,16046654.0621
000922.CSI,20181206,3879.0123,3916.1261,3921.0269,3875.8565,3943.3657,-64.3534,-1.6319,22298735.0,24951467.6229
000922.CSI,20181205,3943.3657,3910.8637,3960.516,3905.2428,3957.1168,-13.7511,-0.3475,20434000.0,22880357.2204
000922.CSI,20181204,3957.1168,3940.0501,3959.8434,3931.0446,3945.492,11.6248,0.2946,24195081.0,25550663.699
000922.CSI,20181203,3945.492,3923.2934,3958.0931,3906.9551,3846.9489,98.5431,2.5616,36529697.0,41357457.0692
000922.CSI,20181130,3846.9489,3814.4754,3847.5762,3802.8605,3813.6279,33.321,0.8737,19492787.0,20980943.5353
000922.CSI,20181129,3813.6279,3871.3697,3878.6631,3813.6279,3855.168,-41.5401,-1.0775,19413568.0,20734300.2401
000922.CSI,20181128,3855.168,3815.0577,3855.6624,3794.3967,3813.2116,41.9564,1.1003,17332810.0,18054359.5615
000922.CSI,20181127,3813.2116,3832.4486,3840.1102,3804.6863,3822.0758,-8.8642,-0.2319,15402817.0,15663697.1447
000922.CSI,20181126,3822.0758,3825.9058,3849.1765,3809.2868,3822.9826,-0.9068,-0.0237,17546752.0,16962806.014
000922.CSI,20181123,3822.9826,3906.0892,3909.3088,3815.8787,3911.1234,-88.1408,-2.2536,21681718.0,21200863.1819
000922.CSI,20181122,3911.1234,3932.2098,3935.7032,3896.6055,3924.0408,-12.9174,-0.3292,16846826.0,17590841.9867
000922.CSI,20181121,3924.0408,3878.4075,3930.7739,3873.8676,3911.2148,12.826,0.3279,22444200.0,22848892.258
000922.CSI,20181120,3911.2148,3974.4215,3985.9752,3908.6832,3999.46,-88.2452,-2.2064,28758193.0,27801062.7286
000922.CSI,20181119,3999.46,3964.4803,3999.46,3957.482,3957.7398,41.7202,1.0541,31293595.0,32067858.5752
000922.CSI,20181116,3957.7398,3931.8775,3977.2717,3925.3173,3929.0841,28.6557,0.7293,31461755.0,31464283.0857
000922.CSI,20181115,3929.0841,3888.9232,3929.153,3888.886,3893.8333,35.2508,0.9053,22848435.0,22993510.7524
000922.CSI,20181114,3893.8333,3917.0343,3933.3319,3889.0854,3925.0682,-31.2349,-0.7958,28794988.0,27837103.1276
000922.CSI,20181113,3925.0682,3849.7581,3941.7368,3846.4507,3891.6365,33.4317,0.8591,29628195.0,30893402.2682
000922.CSI,20181112,3891.6365,3824.2673,3892.2936,3822.8434,3830.2306,61.4059,1.6032,26673475.0,27178308.3189
000922.CSI,20181109,3830.2306,3855.774,3855.774,3826.3953,3871.1788,-40.9482,-1.0578,31454203.0,29172128.5336
000922.CSI,20181108,3871.1788,3901.1593,3907.6065,3865.5946,3876.5488,-5.37,-0.1385,19956073.0,22381647.8636
000922.CSI,20181107,3876.5488,3897.7767,3918.9261,3873.3047,3894.7942,-18.2454,-0.4685,22909906.0,25378504.4407
000922.CSI,20181106,3894.7942,3898.014,3898.2396,3865.258,3903.1469,-8.3527,-0.214,23064819.0,25079292.6406
000922.CSI,20181105,3903.1469,3899.5072,3914.1576,3866.2515,3916.0266,-12.8797,-0.3289,30810239.0,34471400.3059
000922.CSI,20181102,3916.0266,3875.969,3916.0266,3843.0709,3815.7336,100.293,2.6284,46981884.0,53604570.7018
000922.CSI,20181101,3815.7336,3827.744,3857.2124,3809.0071,3808.4147,7.3189,0.1922,35479593.0,42338988.1559
000922.CSI,20181031,3808.4147,3772.4086,3823.7132,3763.9841,3765.1615,43.2532,1.1488,31022279.0,34722372.7398
000922.CSI,20181030,3765.1615,3732.2354,3791.0246,3703.1801,3729.1335,36.028,0.9661,32686347.0,38035217.7747
000922.CSI,20181029,3729.1335,3812.158,3813.4374,3712.7895,3823.6392,-94.5057,-2.4716,31736844.0,37804713.392
000922.CSI,20181026,3823.6392,3835.9448,3860.2776,3798.6652,3821.6018,2.0374,0.0533,29047376.0,31167033.6105
000922.CSI,20181025,3821.6018,3734.1503,3825.4867,3717.1758,3811.7329,9.8689,0.2589,29943748.0,33006867.006
000922.CSI,20181024,3811.7329,3793.1417,3869.8382,3785.8632,3812.2202,-0.4873,-0.0128,34222602.0,37113528.6692
000922.CSI,20181023,3812.2202,3900.8168,3904.4999,3795.2925,3904.4123,-92.1921,-2.3612,32373911.0,37740873.8173
000922.CSI,20181022,3904.4123,3778.5504,3932.93,3778.5504,3752.4192,151.9931,4.0505,43559141.0,46360144.0756
000922.CSI,20181019,3752.4192,3629.8028,3753.5752,3613.0889,3651.0906,101.3286,2.7753,31922530.0,32504136.2164
000922.CSI,20181018,3651.0906,3709.396,3709.396,3651.0906,3728.1697,-77.0791,-2.0675,22746406.0,22978919.9487
000922.CSI,20181017,3728.1697,3739.4987,3752.8294,3673.6336,3700.2303,27.9394,0.7551,24078196.0,24266413.7295
000922.CSI,20181016,3700.2303,3736.389,3768.3297,3689.0775,3737.9712,-37.7409,-1.0097,20774497.0,21743834.765
000922.CSI,20181015,3737.9712,3815.7837,3818.6087,3730.3997,3812.2711,-74.2999,-1.949,20174677.0,22357558.7946
000922.CSI,20181012,3812.2711,3767.388,3825.7251,3723.1219,3770.5396,41.7315,1.1068,28362337.0,30443684.2499
000922.CSI,20181011,3770.5396,3865.5348,3880.9907,3745.3087,3960.9608,-190.4212,-4.8074,35957846.0,36045067.3782
000922.CSI,20181010,3960.9608,3959.6222,3989.0877,3935.3621,3954.8607,6.1001,0.1542,20420958.0,24472954.1949
000922.CSI,20181009,3954.8607,3963.0357,3983.5318,3946.2266,3963.2507,-8.39,-0.2117,22156201.0,23837009.0868
000922.CSI,20181008,3963.2507,4030.7701,4041.8159,3954.6684,4108.7303,-145.4796,-3.5407,33960887.0,36600277.6671
000922.CSI,20180928,4108.7303,4071.5121,4112.4728,4068.6666,4065.0344,43.6959,1.0749,29257517.0,31101586.1708
000922.CSI,20180927,4065.0344,4077.4891,4086.8137,4059.359,4076.5325,-11.4981,-0.2821,23047201.0,25111410.9358
000922.CSI,20180926,4076.5325,4055.6246,4116.704,4055.6246,4049.1204,27.4121,0.677,35034733.0,39177532.229
000922.CSI,20180925,4049.1204,4047.1294,4061.3992,4035.7988,4082.4489,-33.3285,-0.8164,24710203.0,26251124.137
000922.CSI,20180921,4082.4489,3986.6295,4082.4489,3977.7244,3977.7148,104.7341,2.633,41149530.0,42127342.9119
000922.CSI,20180920,3977.7148,3979.1777,3998.1047,3970.7596,3980.147,-2.4322,-0.0611,21839945.0,22804718.7586
000922.CSI,20180919,3980.147,3920.253,4000.2856,3913.2621,3925.443,54.704,1.3936,29890301.0,34711906.0806
000922.CSI,20180918,3925.443,3852.665,3925.9658,3852.665,3866.8479,58.5951,1.5153,21430348.0,22964510.7749
000922.CSI,20180917,3866.8479,3892.2174,3892.2174,3861.1278,3902.8405,-35.9926,-0.9222,14227761.0,15233546.0015
000922.CSI,20180914,3902.8405,3899.2953,3914.23,3881.8669,3893.639,9.2015,0.2363,15872932.0,18104688.5422
000922.CSI,20180913,3893.639,3886.8715,3902.0012,3856.3178,3858.468,35.171,0.9115,20292450.0,20566507.6785
000922.CSI,20180912,3858.468,3859.4537,3882.4838,3839.3011,3865.6747,-7.2067,-0.1864,16075924.0,16664145.6965
000922.CSI,20180911,3865.6747,3873.7237,3887.0272,3850.0344,3874.4183,-8.7436,-0.2257,19094849.0,20393298.2913
000922.CSI,20180910,3874.4183,3907.1553,3916.4387,3872.4159,3910.1316,-35.7133,-0.9134,17269878.0,18937167.0955
000922.CSI,20180907,3910.1316,3906.6402,3948.9927,3886.6027,3897.0319,13.0997,0.3361,17414557.0,20709747.4579
000922.CSI,20180906,3897.0319,3924.2933,3946.0858,3892.6006,3934.8711,-37.8392,-0.9616,18173464.0,22740049.114
000922.CSI,20180905,3934.8711,3984.9482,3990.5763,3933.5074,3999.4185,-64.5474,-1.6139,20102342.0,22949404.0378
000922.CSI,20180904,3999.4185,3964.8534,4008.5351,3951.1015,3960.5335,38.885,0.9818,20548936.0,22619193.1083
000922.CSI,20180903,3960.5335,3959.291,3966.1134,3926.354,3970.5239,-9.9904,-0.2516,20252491.0,23017987.7678
000922.CSI,20180831,3970.5239,3980.8359,3995.2577,3947.4346,3990.2266,-19.7027,-0.4938,27643977.0,33194547.6591
000922.CSI,20180830,3990.2266,4009.645,4031.5608,3988.1299,4010.281,-20.0544,-0.5001,17886685.0,21046880.162
000922.CSI,20180829,4010.281,4026.9502,4035.5549,3999.8087,4034.7187,-24.4377,-0.6057,17930783.0,20596706.5016
000922.CSI,20180828,4034.7187,4040.0701,4047.1651,4024.2547,4039.0327,-4.314,-0.1068,20750540.0,26044589.9005
000922.CSI,20180827,4039.0327,3966.027,4039.0327,3966.027,3956.0101,83.0226,2.0986,28348580.0,32804832.4087
000922.CSI,20180824,3956.0101,3937.1032,3977.2588,3919.8464,3945.7335,10.2766,0.2604,22159496.0,22630306.756
000922.CSI,20180823,3945.7335,3933.7627,3961.712,3908.5725,3935.273,10.4605,0.2658,17123807.0,20766650.4633
000922.CSI,20180822,3935.273,3958.4364,3958.4364,3927.581,3961.2622,-25.9892,-0.6561,13729849.0,16408036.9559
000922.CSI,20180821,3961.2622,3914.4915,3968.6465,3906.4052,3912.0039,49.2583,1.2592,21114589.0,26731360.1343
000922.CSI,20180820,3912.0039,3881.3693,3912.0039,3855.0909,3875.7509,36.253,0.9354,21231176.0,24804478.5064
000922.CSI,20180817,3875.7509,3943.0967,3951.4479,3868.9317,3919.1037,-43.3528,-1.1062,18979241.0,22290793.6097
000922.CSI,20180816,3919.1037,3909.4982,3960.7399,3881.7399,3942.0715,-22.9678,-0.5826,21976154.0,24933820.645
000922.CSI,20180815,3942.0715,4022.2203,4023.0558,3939.1398,4023.0395,-80.968,-2.0126,20367939.0,23900988.0091
000922.CSI,20180814,4023.0395,4021.7604,4035.9736,4005.8703,4025.8968,-2.8573,-0.071,18512148.0,21179208.0647
000922.CSI,20180813,4025.8968,4012.6189,4033.288,3971.6696,4049.1519,-23.2551,-0.5743,23976780.0,26091696.2901
000922.CSI,20180810,4049.1519,4057.8733,4076.1849,4025.1856,4059.2482,-10.0963,-0.2487,22463026.0,26006984.8851
000922.CSI,20180809,4059.2482,3972.8815,4073.0802,3966.1686,3988.7085,70.5397,1.7685,25100533.0,30675614.4792
000922.CSI,20180808,3988.7085,4035.2185,4036.7822,3984.9923,4043.7615,-55.053,-1.3614,22583667.0,27322196.2136
000922.CSI,20180807,4043.7615,3953.6331,4043.7615,3935.259,3943.2896,100.4719,2.5479,27772156.0,31952518.6112
000922.CSI,20180806,3943.2896,3994.234,4011.7387,3928.5451,3995.2183,-51.9287,-1.2998,25033580.0,28589575.2202
000922.CSI,20180803,3995.2183,4042.5756,4057.3399,3995.0611,4046.94,-51.7217,-1.278,22301476.0,27537642.7463
000922.CSI,20180802,4046.94,4119.8976,4119.8976,3989.0917,4129.2559,-82.3159,-1.9935,31489169.0,37532688.3694
000922.CSI,20180801,4129.2559,4214.7017,4229.8285,4129.2559,4207.7815,-78.5256,-1.8662,28437551.0,32402304.3366
000922.CSI,20180731,4207.7815,4202.777,4219.7406,4179.5933,4204.8687,2.9128,0.0693,22272131.0,23761501.8958
000922.CSI,20180730,4204.8687,4197.7108,4238.001,4183.1522,4201.0621,3.8066,0.0906,24343666.0,26630988.2297
000922.CSI,20180727,4201.0621,4208.8513,4225.231,4195.8809,4216.1812,-15.1191,-0.3586,18151359.0,21660834.803
000922.CSI,20180726,4216.1812,4247.1382,4261.4634,4206.7861,4244.1339,-27.9527,-0.6586,24598169.0,28023314.0026
000922.CSI,20180725,4244.1339,4254.7601,4255.7001,4228.7845,4250.7613,-6.6274,-0.1559,24977110.0,29294985.3848
000922.CSI,20180724,4250.7613,4202.8228,4260.7141,4202.8104,4195.7148,55.0465,1.312,45319579.0,52282498.2652
000922.CSI,20180723,4195.7148,4139.107,4196.1271,4127.3701,4154.6853,41.0295,0.9875,39038756.0,41132778.5717
000922.CSI,20180720,4154.6853,4081.129,4164.8051,4055.0057,4081.9136,72.7717,1.7828,37823175.0,39320417.6837
000922.CSI,20180719,4081.9136,4093.9188,4112.063,4071.1968,4087.3551,-5.4415,-0.1331,20382167.0,22729187.3625
000922.CSI,20180718,4087.3551,4084.1509,4125.644,4084.1163,4079.3265,8.0286,0.1968,21228577.0,23857445.6033
000922.CSI,20180717,4079.3265,4092.4493,4093.2264,4049.0803,4107.222,-27.8955,-0.6792,16902744.0,20615474.4229
000922.CSI,20180716,4107.222,4126.6359,4140.9848,4089.9238,4133.1423,-25.9203,-0.6271,20605523.0,24021933.8939
000922.CSI,20180713,4133.1423,4127.4464,4139.4293,4107.9891,4128.1795,4.9628,0.1202,19762850.0,24517030.3442
000922.CSI,20180712,4128.1795,4047.499,4143.9024,4047.499,4052.9546,75.2249,1.8561,27691328.0,31918816.6857
000922.CSI,20180711,4052.9546,4056.3384,4072.3724,4019.9952,4121.3817,-68.4271,-1.6603,20500262.0,22778331.1956
000922.CSI,20180710,4121.3817,4116.1362,4127.3993,4088.4296,4108.5541,12.8276,0.3122,22061299.0,26159605.1243
000922.CSI,20180709,4108.5541,4022.5507,4109.2842,4020.2174,4014.8838,93.6703,2.3331,26821565.0,30953318.7215
000922.CSI,20180706,4014.8838,4000.3091,4044.9386,3939.6379,4003.2056,11.6782,0.2917,26182990.0,30953606.1919
000922.CSI,20180705,4003.2056,4044.382,4075.511,3992.6456,4042.2912,-39.0856,-0.9669,27200533.0,31329275.9691
000922.CSI,20180704,4042.2912,4067.4377,4088.3033,4036.5928,4082.4669,-40.1757,-0.9841,22599546.0,27485120.2067
000922.CSI,20180703,4082.4669,4074.7911,4092.3221,3987.5865,4076.2311,6.2358,0.153,32034364.0,40896316.9964
000922.CSI,20180702,4076.2311,4180.7671,4186.6356,4052.587,4187.0214,-110.7903,-2.646,29915801.0,35582200.7693
000922.CSI,20180629,4187.0214,4105.6116,4188.1347,4097.4924,4096.8811,90.1403,2.2002,21932653.0,26614770.822
000922.CSI,20180628,4096.8811,4126.725,4157.5455,4091.8841,4151.267,-54.3859,-1.3101,24589864.0,30953922.0974
000922.CSI,20180627,4151.267,4199.0679,4215.9807,4129.0944,4202.3565,-51.0895,-1.2157,29653985.0,37650579.5936
000922.CSI,20180626,4202.3565,4213.8835,4221.2066,4148.1421,4252.127,-49.7705,-1.1705,28702889.0,34962341.1389
000922.CSI,20180625,4252.127,4313.4394,4323.0385,4250.4153,4291.5,-39.373,-0.9175,23629054.0,32001073.1764
000922.CSI,20180622,4291.5,4251.1879,4293.6278,4229.7597,4276.1777,15.3223,0.3583,21448044.0,27674118.9917
000922.CSI,20180621,4276.1777,4312.1685,4357.4039,4273.292,4315.1399,-38.9622,-0.9029,26931158.0,36286522.6396
000922.CSI,20180620,4315.1399,4272.6629,4328.8241,4258.8552,4291.9818,23.1581,0.5396,24738944.0,32648486.6426
000922.CSI,20180619,4291.9818,4407.521,4410.2158,4240.3093,4460.9917,-169.0099,-3.7886,58756387.0,66947767.3748
000922.CSI,20180615,4460.9917,4474.8253,4485.5546,4438.562,4481.2387,-20.247,-0.4518,29081064.0,35901576.0288
000922.CSI,20180614,4481.2387,4484.8296,4514.2475,4466.8554,4501.3921,-20.1534,-0.4477,23422126.0,32702508.0449
000922.CSI,20180613,4501.3921,4526.4433,4533.9529,4496.2639,4535.4677,-34.0756,-0.7513,22824079.0,32477504.2339
000922.CSI,20180612,4535.4677,4482.7411,4540.4026,4470.2552,4480.9762,54.4915,1.2161,24349310.0,40546649.2879
000922.CSI,20180611,4480.9762,4476.2273,4499.8568,4461.783,4486.994,-6.0178,-0.1341,22050357.0,33692245.9553
000922.CSI,20180608,4486.994,4532.4551,4532.4551,4466.2043,4549.3562,-62.3622,-1.3708,26727587.0,34270689.1189
000922.CSI,20180607,4549.3562,4578.8219,4584.048,4545.3113,4578.864,-29.5078,-0.6444,25208737.0,33973065.7084
000922.CSI,20180606,4578.864,4572.5829,4581.659,4561.6079,4579.5284,-0.6644,-0.0145,21134461.0,30180714.8789
000922.CSI,20180605,4579.5284,4554.0922,4579.5386,4537.6071,4559.6793,19.8491,0.4353,24331197.0,37856722.151
000922.CSI,20180604,4559.6793,4535.2729,4560.1753,4531.6231,4527.0924,32.5869,0.7198,28842946.0,42572252.033
000922.CSI,20180601,4527.0924,4542.0681,4558.498,4506.1415,4559.6164,-32.524,-0.7133,24375364.0,32804883.26
000922.CSI,20180531,4559.6164,4487.0229,4563.5188,4487.0229,4466.2814,93.335,2.0898,32088030.0,48487935.8044
000922.CSI,20180530,4466.2814,4501.4237,4513.6016,4458.6547,4551.2635,-84.9821,-1.8672,26757475.0,34741240.1056
000922.CSI,20180529,4551.2635,4556.0949,4574.9241,4544.3683,4564.4349,-13.1714,-0.2886,29617066.0,38038794.0218
000922.CSI,20180528,4564.4349,4545.4425,4576.7749,4527.0618,4551.3759,13.059,0.2869,21780646.0,30433460.9294
000922.CSI,20180525,4551.3759,4557.3322,4567.1016,4533.2529,4561.8194,-10.4435,-0.2289,23695497.0,28003666.751
000922.CSI,20180524,4561.8194,4590.2169,4598.3007,4558.4796,4591.5073,-29.6879,-0.6466,24609460.0,29533708.3079
000922.CSI,20180523,4591.5073,4624.6134,4626.5381,4591.5073,4637.4246,-45.9173,-0.9901,30364438.0,35549373.15
000922.CSI,20180522,4637.4246,4651.9288,4651.9288,4612.7053,4650.2242,-12.7996,-0.2752,25358797.0,32436213.6608
000922.CSI,20180521,4650.2242,4648.8374,4663.1986,4641.4052,4628.8163,21.4079,0.4625,28762214.0,34703079.3425
000922.CSI,20180518,4628.8163,4581.8976,4628.8163,4564.1277,4585.0769,43.7394,0.954,24858103.0,31063617.8788
000922.CSI,20180517,4585.0769,4602.2786,4608.8909,4580.1153,4601.8813,-16.8044,-0.3652,19626434.0,26822744.438
000922.CSI,20180516,4601.8813,4615.6032,4628.8557,4598.3617,4628.1632,-26.2819,-0.5679,23685469.0,31306976.7412
000922.CSI,20180515,4628.1632,4617.2719,4628.4615,4592.436,4608.9631,19.2001,0.4166,24238523.0,31948576.5101
000922.CSI,20180514,4608.9631,4595.0294,4620.1108,4594.2526,4588.7785,20.1846,0.4399,28137451.0,37669307.2271
000922.CSI,20180511,4588.7785,4615.8907,4620.0448,4586.633,4608.9421,-20.1636,-0.4375,24551421.0,31449097.8556
000922.CSI,20180510,4608.9421,4590.4268,4610.5541,4582.308,4581.5762,27.3659,0.5973,21661112.0,30371006.0098
000922.CSI,20180509,4581.5762,4585.5547,4588.1646,4565.571,4586.6751,-5.0989,-0.1112,20853335.0,28573524.0731
000922.CSI,20180508,4586.6751,4546.0088,4598.7846,4543.1186,4549.2201,37.455,0.8233,33363650.0,45800210.7366
000922.CSI,20180507,4549.2201,4491.8437,4549.7458,4486.6246,4482.6043,66.6158,1.4861,28465245.0,40573895.4395
000922.CSI,20180504,4482.6043,4486.3225,4502.7508,4479.9182,4494.8965,-12.2922,-0.2735,22243850.0,32040763.1843
000922.CSI,20180503,4494.8965,4456.0679,4500.9747,4438.1356,4461.7128,33.1837,0.7437,28045930.0,38401296.7749
000922.CSI,20180502,4461.7128,4442.249,4467.4282,4436.5382,4440.9043,20.8085,0.4686,31249144.0,41625047.2866
000922.CSI,20180427,4440.9043,4442.305,4450.4076,4390.2534,4440.7429,0.1614,0.0036,30313907.0,48438265.7115
000922.CSI,20180426,4440.7429,4499.6553,4504.8278,4427.699,4508.5838,-67.8409,-1.5047,28762480.0,47811197.7625
000922.CSI,20180425,4508.5838,4504.642,4519.2065,4496.1758,4521.8823,-13.2985,-0.2941,22574752.0,29071470.0765
000922.CSI,20180424,4521.8823,4436.3009,4541.0554,4436.3009,4431.9247,89.9576,2.0298,39510833.0,48317031.4323
000922.CSI,20180423,4431.9247,4425.7973,4456.5306,4404.1854,4429.9219,2.0028,0.0452,23065252.0,29383166.9607
000922.CSI,20180420,4429.9219,4483.1786,4484.5113,4419.5326,4492.1984,-62.2765,-1.3863,28536808.0,35811691.7028
000922.CSI,20180419,4492.1984,4450.9302,4494.1623,4442.759,4450.4956,41.7028,0.937,26977657.0,35282742.3452
000922.CSI,20180418,4450.4956,4468.2887,4478.586,4395.8077,4432.0503,18.4453,0.4162,33015285.0,38646140.5923
000922.CSI,20180417,4432.0503,4488.441,4499.0792,4428.5624,4483.7867,-51.7364,-1.1539,26787850.0,31891571.9408
000922.CSI,20180416,4483.7867,4554.1727,4557.76,4468.8138,4559.8496,-76.0629,-1.6681,40491517.0,44160583.0929
000922.CSI,20180413,4559.8496,4598.521,4609.8838,4554.7613,4580.8123,-20.9627,-0.4576,23128728.0,27719372.4902
000922.CSI,20180412,4580.8123,4620.6629,4620.6629,4577.3169,4622.6088,-41.7965,-0.9042,26718856.0,30878817.1993
000922.CSI,20180411,4622.6088,4606.2922,4644.4092,4600.2509,4597.2046,25.4042,0.5526,41469920.0,46441838.2443
000922.CSI,20180410,4597.2046,4529.7988,4597.2123,4522.8173,4520.9159,76.2887,1.6875,37180042.0,43591341.0234
000922.CSI,20180409,4520.9159,4520.7222,4538.9151,4490.0065,4529.7562,-8.8403,-0.1952,26173233.0,34279264.8294
000922.CSI,20180404,4529.7562,4543.3748,4572.5077,4528.1017,4533.2156,-3.4594,-0.0763,27777377.0,39395454.6638
000922.CSI,20180403,4533.2156,4529.2941,4551.0024,4514.9907,4578.5139,-45.2983,-0.9894,29167466.0,36272446.0014
000922.CSI,20180402,4578.5139,4601.0537,4634.0599,4575.2817,4601.8686,-23.3547,-0.5075,35069811.0,43174817.6242
000922.CSI,20180330,4601.8686,4602.2646,4618.925,4584.5637,4599.4342,2.4344,0.0529,31151143.0,38304868.8365
000922.CSI,20180329,4599.4342,4532.5071,4617.524,4492.2963,4521.3011,78.1331,1.7281,45200429.0,56364585.9939
000922.CSI,20180328,4521.3011,4541.2292,4579.8777,4514.9434,4586.7743,-65.4732,-1.4274,37234812.0,48436272.6907
000922.CSI,20180327,4586.7743,4603.5645,4617.4615,4558.6775,4568.444,18.3303,0.4012,40311275.0,50177255.8765
000922.CSI,20180326,4568.444,4556.0058,4568.8118,4516.1276,4607.2898,-38.8458,-0.8431,43151285.0,50630166.819
000922.CSI,20180323,4607.2898,4623.4858,4648.1985,4531.6431,4743.8208,-136.531,-2.8781,61114598.0,68751591.5896
000922.CSI,20180322,4743.8208,4780.792,4790.6216,4722.6322,4781.544,-37.7232,-0.7889,30403851.0,40184533.1592
000922.CSI,20180321,4781.544,4797.7509,4824.5859,4766.5814,4790.3361,-8.7921,-0.1835,31463666.0,37727102.5324
000922.CSI,20180320,4790.3361,4765.4129,4795.362,4753.0662,4791.6057,-1.2696,-0.0265,25921951.0,30967839.2652
000922.CSI,20180319,4791.6057,4807.8156,4807.8156,4776.2075,4813.0802,-21.4745,-0.4462,24718863.0,32752043.5001
000922.CSI,20180316,4813.0802,4851.6563,4863.8198,4812.1823,4851.2768,-38.1966,-0.7874,27516804.0,37017802.2339
000922.CSI,20180315,4851.2768,4830.0433,4862.5653,4828.104,4845.202,6.0748,0.1254,25324341.0,35602186.7095
000922.CSI,20180314,4845.202,4847.6311,4859.1105,4829.9945,4864.3836,-19.1816,-0.3943,28643842.0,36282731.9179
000922.CSI,20180313,4864.3836,4889.7685,4900.5711,4860.5125,4894.363,-29.9794,-0.6125,40546668.0,44995035.2379
000922.CSI,20180312,4894.363,4898.1039,4904.6663,4874.6949,4884.4115,9.9515,0.2037,46095321.0,57572043.2999
000922.CSI,20180309,4884.4115,4877.1316,4884.7831,4858.864,4867.4048,17.0067,0.3494,32207667.0,41328855.9172
000922.CSI,20180308,4867.4048,4820.2645,4868.1463,4820.2645,4822.2031,45.2017,0.9374,33142769.0,41898320.2428
000922.CSI,20180307,4822.2031,4840.1068,4869.5804,4815.8723,4841.2609,-19.0578,-0.3937,41650171.0,47709469.1626
000922.CSI,20180306,4841.2609,4791.8363,4841.9049,4760.0459,4777.4004,63.8605,1.3367,47530996.0,52497978.2035
000922.CSI,20180305,4777.4004,4786.8319,4808.7855,4756.3357,4783.9146,-6.5142,-0.1362,29404854.0,35785687.6292
000922.CSI,20180302,4783.9146,4763.274,4799.7269,4749.1049,4796.3818,-12.4672,-0.2599,30603008.0,38417560.5768
000922.CSI,20180301,4796.3818,4759.1383,4817.8779,4749.8222,4789.7758,6.606,0.1379,32037056.0,40244650.1319
000922.CSI,20180228,4789.7758,4780.2851,4815.894,4744.4234,4822.355,-32.5792,-0.6756,35304665.0,46133244.2096
000922.CSI,20180227,4822.355,4898.9209,4898.9827,4813.812,4899.0698,-76.7148,-1.5659,46620460.0,58986969.7249
000922.CSI,20180226,4899.0698,4875.468,4907.2815,4825.1748,4853.3542,45.7156,0.9419,47022763.0,56214475.5984
000922.CSI,20180223,4853.3542,4844.374,4872.3397,4816.7914,4839.2449,14.1093,0.2916,37156841.0,44380162.2378
000922.CSI,20180222,4839.2449,4792.3147,4839.7262,4784.5769,4736.5591,102.6858,2.1679,40366441.0,48230182.4127
000922.CSI,20180214,4736.5591,4729.2496,4746.326,4696.1997,4724.1045,12.4546,0.2636,26476126.0,32376935.1264
000922.CSI,20180213,4724.1045,4701.5876,4771.51,4701.5876,4672.7103,51.3942,1.0999,48117128.0,54766136.6588
000922.CSI,20180212,4672.7103,4623.6286,4692.1919,4607.9062,4620.225,52.4853,1.136,47979132.0,57259698.1848
000922.CSI,20180209,4620.225,4685.3793,4705.5998,4524.7424,4807.1596,-186.9346,-3.8887,91540306.0,100816663.8979
000922.CSI,20180208,4807.1596,4821.3003,4872.2625,4757.128,4852.4933,-45.3337,-0.9342,74282632.0,84849267.3078
000922.CSI,20180207,4852.4933,5013.7165,5038.1551,4847.2534,4952.9174,-100.4241,-2.0276,97529516.0,117362220.7776
000922.CSI,20180206,4952.9174,5001.207,5033.2551,4939.2959,5098.9372,-146.0198,-2.8637,98487884.0,119539313.2517
000922.CSI,20180205,5098.9372,5004.0754,5098.9372,4997.1405,5061.5215,37.4157,0.7392,73314770.0,93531286.612
000922.CSI,20180202,5061.5215,4987.1152,5062.7063,4936.7033,5020.1774,41.3441,0.8236,53028893.0,66537552.3928
000922.CSI,20180201,5020.1774,5071.6021,5086.2954,4987.7717,5071.8098,-51.6324,-1.018,72568865.0,87918259.6288
000922.CSI,20180131,5071.8098,5055.3616,5092.1922,5034.0718,5077.6357,-5.8259,-0.1147,57884884.0,72155698.9211
000922.CSI,20180130,5077.6357,5121.1741,5142.7757,5072.7154,5139.4613,-61.8256,-1.203,55028494.0,68854730.5823
000922.CSI,20180129,5139.4613,5198.3025,5223.3842,5115.9152,5190.2866,-50.8253,-0.9792,74254449.0,93718070.4707
000922.CSI,20180126,5190.2866,5143.0414,5211.1231,5139.4528,5156.2794,34.0072,0.6595,83269569.0,90879411.8735
000922.CSI,20180125,5156.2794,5169.0704,5176.8667,5117.829,5177.3544,-21.075,-0.4071,71609016.0,85671463.1785
000922.CSI,20180124,5177.3544,5174.9346,5188.8105,5136.3877,5169.5701,7.7843,0.1506,93984344.0,107715560.6836
000922.CSI,20180123,5169.5701,5110.2842,5170.0521,5110.2842,5108.8981,60.672,1.1876,97217451.0,104455784.2509
000922.CSI,20180122,5108.8981,5052.4034,5110.6779,5051.2509,5058.976,49.9221,0.9868,77838291.0,93304774.3884
000922.CSI,20180119,5058.976,5066.4867,5101.2994,5043.1128,5061.0466,-2.0706,-0.0409,89382216.0,103207487.5257
000922.CSI,20180118,5061.0466,5024.3113,5061.9189,5020.3312,5020.7802,40.2664,0.802,83761516.0,96275522.3974
000922.CSI,20180117,5020.7802,5033.7343,5062.4403,4998.4609,5027.2277,-6.4475,-0.1283,86828038.0,106681603.8643
000922.CSI,20180116,5027.2277,4948.2792,5028.3776,4947.3164,4956.6748,70.5529,1.4234,65748399.0,82584294.7244
000922.CSI,20180115,4956.6748,4976.5902,5005.7865,4947.7858,4974.829,-18.1542,-0.3649,64756126.0,81557875.4639
000922.CSI,20180112,4974.829,4948.9058,4984.493,4948.9058,4950.7494,24.0796,0.4864,39698006.0,53156379.026
000922.CSI,20180111,4950.7494,4957.9837,4966.2679,4922.6199,4963.9949,-13.2455,-0.2668,40450002.0,52462707.0178
000922.CSI,20180110,4963.9949,4950.5676,4967.3763,4929.4043,4949.1642,14.8307,0.2997,57797144.0,72219001.3882
000922.CSI,20180109,4949.1642,4945.268,4959.3032,4938.781,4952.7185,-3.5543,-0.0718,40939436.0,56527887.4522
000922.CSI,20180108,4952.7185,4918.9871,4973.1553,4911.3623,4912.4328,40.2857,0.8201,55218174.0,73608019.8899
000922.CSI,20180105,4912.4328,4878.5385,4934.6726,4867.1858,4877.6333,34.7995,0.7135,49695358.0,62394455.3783
000922.CSI,20180104,4877.6333,4866.0081,4888.5167,4855.632,4859.7024,17.9309,0.369,44041659.0,56011530.214
000922.CSI,20180103,4859.7024,4831.8156,4885.7211,4827.5479,4836.0789,23.6235,0.4885,45356215.0,60938057.747
000922.CSI,20180102,4836.0789,4764.3139,4836.0789,4764.3139,4750.7874,85.2915,1.7953,58068425.0,65691489.6445
000922.CSI,20171229,4750.7874,4726.1381,4752.6548,4725.5548,4718.5551,32.2323,0.6831,28406045.0,36814517.8496
000922.CSI,20171228,4718.5551,4695.5061,4731.5244,4684.6328,4696.6756,21.8795,0.4659,32736869.0,43385662.7462
000922.CSI,20171227,4696.6756,4723.6112,4736.6402,4690.8799,4730.7611,-34.0855,-0.7205,31769731.0,40157748.6074
000922.CSI,20171226,4730.7611,4709.0088,4731.3688,4689.6992,4710.8021,19.959,0.4237,28401479.0,36883306.729
000922.CSI,20171225,4710.8021,4718.2649,4754.3011,4693.6987,4716.9027,-6.1006,-0.1293,30490422.0,42314424.2501
000922.CSI,20171222,4716.9027,4713.9035,4730.1582,4711.6242,4716.3107,0.592,0.0126,21178391.0,30995880.0219
000922.CSI,20171221,4716.3107,4683.7996,4729.871,4663.6309,4690.5537,25.757,0.5491,27537400.0,39623053.0084
000922.CSI,20171220,4690.5537,4701.8803,4711.3291,4679.596,4703.6238,-13.0701,-0.2779,27852238.0,38611775.4404
000922.CSI,20171219,4703.6238,4662.8868,4705.0634,4662.3194,4664.1441,39.4797,0.8465,24529684.0,34892381.8275
000922.CSI,20171218,4664.1441,4664.9105,4682.8828,4645.8985,4664.8582,-0.7141,-0.0153,22659090.0,34027991.3189
000922.CSI,20171215,4664.8582,4697.1402,4697.1402,4657.5439,4702.3981,-37.5399,-0.7983,26742240.0,35371685.8962
000922.CSI,20171214,4702.3981,4714.3817,4720.3584,4688.8181,4713.3193,-10.9212,-0.2317,24110150.0,32164301.6083
000922.CSI,20171213,4713.3193,4674.3827,4713.8114,4667.9378,4677.6117,35.7076,0.7634,23812195.0,34814328.7305
000922.CSI,20171212,4677.6117,4723.9637,4723.9637,4677.2843,4725.1771,-47.5654,-1.0066,24984501.0,35175903.1841
000922.CSI,20171211,4725.1771,4678.9101,4725.1771,4673.8036,4675.8399,49.3372,1.0552,29296977.0,43180944.3696
000922.CSI,20171208,4675.8399,4650.286,4689.9141,4637.6096,4660.8384,15.0015,0.3219,26385475.0,36584393.292
000922.CSI,20171207,4660.8384,4697.1378,4709.541,4645.6984,4708.7012,-47.8628,-1.0165,28066216.0,37642790.158
000922.CSI,20171206,4708.7012,4721.5347,4724.911,4655.8842,4735.6026,-26.9014,-0.5681,33274690.0,42751351.2941
000922.CSI,20171205,4735.6026,4713.429,4744.2876,4711.2058,4724.0248,11.5778,0.2451,58425461.0,70091712.2955
000922.CSI,20171204,4724.0248,4710.9617,4742.9274,4700.0283,4718.1346,5.8902,0.1248,28142749.0,41318368.5058
000922.CSI,20171201,4718.1346,4721.07,4738.385,4698.4501,4725.7812,-7.6466,-0.1618,31690446.0,42647810.5165
000922.CSI,20171130,4725.7812,4744.2025,4760.0703,4703.9534,4755.9597,-30.1785,-0.6345,34166641.0,47240960.0501
000922.CSI,20171129,4755.9597,4764.4942,4776.9175,4710.7004,4760.7887,-4.829,-0.1014,39147101.0,57065781.3338
000922.CSI,20171128,4760.7887,4737.9006,4763.1944,4714.5601,4756.4894,4.2993,0.0904,30643311.0,40058792.6625
000922.CSI,20171127,4756.4894,4780.8024,4780.9543,4736.1781,4798.5167,-42.0273,-0.8758,47180388.0,59469069.4132
000922.CSI,20171124,4798.5167,4781.4362,4805.6279,4736.828,4798.5507,-0.034,-0.0007,43116913.0,61600633.1136
000922.CSI,20171123,4798.5507,4919.4813,4919.4813,4782.1492,4928.323,-129.7723,-2.6332,63215473.0,79732736.4447
000922.CSI,20171122,4928.323,4933.2665,4957.7158,4890.8599,4921.2673,7.0557,0.1434,69501242.0,87471649.5593
000922.CSI,20171121,4921.2673,4847.7256,4922.2765,4842.5184,4857.3329,63.9344,1.3162,61271318.0,84917677.8978
000922.CSI,20171120,4857.3329,4809.664,4858.2622,4766.6753,4835.3683,21.9646,0.4542,45511055.0,59851670.0763
000922.CSI,20171117,4835.3683,4820.9682,4836.4704,4797.8663,4827.4683,7.9,0.1636,66676178.0,83973378.902
000922.CSI,20171116,4827.4683,4809.4374,4832.2619,4802.806,4814.7822,12.6861,0.2635,33809074.0,51389566.353
000922.CSI,20171115,4814.7822,4824.2129,4836.5811,4793.9574,4836.0492,-21.267,-0.4398,34671577.0,49032906.7732
000922.CSI,20171114,4836.0492,4866.558,4867.9832,4816.0658,4867.814,-31.7648,-0.6525,40353366.0,57677212.2396
000922.CSI,20171113,4867.814,4849.6391,4882.5281,4849.6391,4841.3765,26.4375,0.5461,54083240.0,67049774.8388
000922.CSI,20171110,4841.3765,4810.2777,4849.2509,4806.2022,4814.4146,26.9619,0.56,43197698.0,58634464.7735
000922.CSI,20171109,4814.4146,4785.764,4815.0371,4780.6491,4788.8483,25.5663,0.5339,31627821.0,43519064.3586
000922.CSI,20171108,4788.8483,4786.1599,4829.4493,4777.5835,4786.6007,2.2476,0.047,41663954.0,56693099.2641
000922.CSI,20171107,4786.6007,4757.2106,4804.9051,4753.4922,4757.0768,29.5239,0.6206,44623137.0,58559226.7047
000922.CSI,20171106,4757.0768,4720.5699,4758.6101,4705.1238,4724.2806,32.7962,0.6942,33230933.0,47544085.5016
000922.CSI,20171103,4724.2806,4737.9297,4740.1599,4691.1299,4744.3823,-20.1017,-0.4237,39305554.0,47034172.2416
000922.CSI,20171102,4744.3823,4741.5215,4745.7786,4714.4385,4744.3643,0.018,0.0004,35546077.0,43672939.5872
000922.CSI,20171101,4744.3643,4766.1256,4785.2015,4738.0645,4767.5522,-23.1879,-0.4864,45350170.0,58001457.7426
000922.CSI,20171031,4767.5522,4771.5085,4773.1407,4742.0784,4786.0426,-18.4904,-0.3863,33440571.0,44430245.1748
000922.CSI,20171030,4786.0426,4806.0295,4815.6962,4732.901,4806.6272,-20.5846,-0.4283,44432665.0,56738372.7921
000922.CSI,20171027,4806.6272,4788.9755,4808.2461,4783.5115,4791.8467,14.7805,0.3085,40819136.0,51612043.1543
000922.CSI,20171026,4791.8467,4787.168,4818.2282,4782.3095,4787.0083,4.8384,0.1011,43836805.0,56912474.0688
000922.CSI,20171025,4787.0083,4771.8173,4789.3954,4767.2394,4775.1342,11.8741,0.2487,24151732.0,31783783.5664
000922.CSI,20171024,4775.1342,4738.3019,4775.7304,4732.8342,4746.4996,28.6346,0.6033,29159570.0,38200323.3137
000922.CSI,20171023,4746.4996,4745.4842,4753.2115,4731.5556,4742.3059,4.1937,0.0884,24822947.0,31502226.7246
000922.CSI,20171020,4742.3059,4731.6176,4744.9188,4718.4501,4740.432,1.8739,0.0395,20360393.0,28488040.4784
000922.CSI,20171019,4740.432,4736.9376,4745.1957,4726.4186,4740.8298,-0.3978,-0.0084,32015695.0,40788291.0275
000922.CSI,20171018,4740.8298,4710.6775,4742.1582,4708.4299,4708.7946,32.0352,0.6803,32935123.0,41166832.1576
000922.CSI,20171017,4708.7946,4706.1766,4717.2917,4692.3237,4708.8836,-0.089,-0.0019,21299764.0,29923763.9192
000922.CSI,20171016,4708.8836,4741.2706,4749.8252,4706.3547,4741.5165,-32.6329,-0.6882,30511014.0,42019516.0145
000922.CSI,20171013,4741.5165,4742.5184,4751.9152,4736.3936,4740.2991,1.2174,0.0257,25146821.0,32815219.9251
000922.CSI,20171012,4740.2991,4739.2259,4747.0227,4724.8171,4739.6127,0.6864,0.0145,25567785.0,35087069.7096
000922.CSI,20171011,4739.6127,4719.7084,4752.5549,4717.5975,4726.0938,13.5189,0.286,30872021.0,45403489.4003
000922.CSI,20171010,4726.0938,4723.0622,4740.8464,4682.1956,4719.9659,6.1279,0.1298,33695090.0,48561163.931
000922.CSI,20171009,4719.9659,4743.7358,4754.2923,4710.3885,4672.2503,47.7156,1.0213,45912173.0,55573432.1351
000922.CSI,20170929,4672.2503,4665.1802,4694.1774,4664.7875,4663.2627,8.9876,0.1927,22992034.0,31309100.74
000922.CSI,20170928,4663.2627,4672.2767,4672.2767,4657.3963,4673.3026,-10.0399,-0.2148,25416001.0,32903726.2644
000922.CSI,20170927,4673.3026,4664.168,4682.1353,4663.418,4666.4094,6.8932,0.1477,22524718.0,28699842.7902
000922.CSI,20170926,4666.4094,4660.3435,4671.0952,4651.1227,4668.8034,-2.394,-0.0513,21833519.0,27728317.0971
000922.CSI,20170925,4668.8034,4680.2694,4684.5401,4658.0589,4690.0497,-21.2463,-0.453,34910572.0,43459523.7763
000922.CSI,20170922,4690.0497,4675.4722,4694.6837,4666.803,4683.8211,6.2286,0.133,29903038.0,38602597.0945
000922.CSI,20170921,4683.8211,4684.9743,4706.5151,4679.6085,4685.9117,-2.0906,-0.0446,29401871.0,37098157.2817
000922.CSI,20170920,4685.9117,4661.1783,4695.3199,4659.5629,4663.1889,22.7228,0.4873,29343733.0,40279025.9993
000922.CSI,20170919,4663.1889,4679.7933,4690.7733,4650.4777,4676.9236,-13.7347,-0.2937,33619650.0,42491549.5297
000922.CSI,20170918,4676.9236,4665.0085,4693.2562,4665.0085,4666.9108,10.0128,0.2145,32477806.0,42645727.9671
000922.CSI,20170915,4666.9108,4668.6438,4674.0153,4649.0504,4675.2538,-8.343,-0.1785,38708142.0,48210514.2991
000922.CSI,20170914,4675.2538,4689.761,4699.7274,4660.056,4686.9195,-11.6657,-0.2489,35049957.0,43506441.025
000922.CSI,20170913,4686.9195,4676.2296,4692.0849,4669.6343,4677.3236,9.5959,0.2052,27630845.0,38312426.2056
000922.CSI,20170912,4677.3236,4661.658,4688.2942,4658.0296,4657.8476,19.476,0.4181,37206662.0,48496708.5087
000922.CSI,20170911,4657.8476,4653.6603,4678.1688,4644.5031,4649.4264,8.4212,0.1811,34733222.0,42687497.8151
000922.CSI,20170908,4649.4264,4653.0839,4666.5476,4636.8715,4654.1555,-4.7291,-0.1016,29015096.0,38583150.0641
000922.CSI,20170907,4654.1555,4665.7061,4676.1909,4652.3937,4664.5029,-10.3474,-0.2218,33077199.0,42677272.1437
000922.CSI,20170906,4664.5029,4662.6008,4669.9999,4643.8712,4672.39,-7.8871,-0.1688,32646041.0,38702955.6347
000922.CSI,20170905,4672.39,4667.7905,4683.2398,4663.2101,4669.584,2.806,0.0601,37854950.0,41696871.9446
000922.CSI,20170904,4669.584,4665.5862,4671.2157,4647.9436,4663.4789,6.1051,0.1309,48029242.0,50859716.0138
000922.CSI,20170901,4663.4789,4662.3242,4680.527,4650.392,4653.353,10.1259,0.2176,47656766.0,54419158.3849
000922.CSI,20170831,4653.353,4681.877,4683.5852,4628.7804,4681.0835,-27.7305,-0.5924,42856937.0,49449864.3673
000922.CSI,20170830,4681.0835,4679.8127,4694.2226,4673.5319,4676.5404,4.5431,0.0971,40307845.0,47454051.7592
000922.CSI,20170829,4676.5404,4675.271,4687.3599,4665.5901,4679.7912,-3.2508,-0.0695,34900340.0,41894676.9079
000922.CSI,20170828,4679.7912,4655.9527,4702.2116,4655.9527,4646.5415,33.2497,0.7156,56294649.0,66510905.8377
000922.CSI,20170825,4646.5415,4584.9825,4646.9557,4584.5565,4588.2694,58.2721,1.27,49180084.0,51571951.5325
000922.CSI,20170824,4588.2694,4589.4452,4605.7644,4576.1484,4591.5746,-3.3052,-0.072,28271769.0,31976756.663
000922.CSI,20170823,4591.5746,4587.9248,4603.4842,4576.4707,4593.6098,-2.0352,-0.0443,30675325.0,34708244.9172
000922.CSI,20170822,4593.6098,4593.9748,4596.0127,4577.5348,4592.5755,1.0343,0.0225,27423671.0,36576604.6481
000922.CSI,20170821,4592.5755,4579.3125,4593.3234,4570.7049,4574.2653,18.3102,0.4003,27268442.0,31201844.1436
000922.CSI,20170818,4574.2653,4542.3262,4580.5229,4535.6609,4563.4608,10.8045,0.2368,27895330.0,31999385.5804
000922.CSI,20170817,4563.4608,4541.5341,4563.6823,4539.1299,4541.2494,22.2114,0.4891,28269929.0,33335828.7266
000922.CSI,20170816,4541.2494,4550.6618,4551.3467,4529.2701,4556.8969,-15.6475,-0.3434,27318185.0,31153950.697
000922.CSI,20170815,4556.8969,4531.4528,4570.5182,4531.4528,4528.7969,28.1,0.6205,38134146.0,39726622.3188
000922.CSI,20170814,4528.7969,4489.65,4534.0096,4489.65,4492.2127,36.5842,0.8144,35188812.0,40542087.0524
000922.CSI,20170811,4492.2127,4539.3413,4549.7318,4486.2125,4572.0537,-79.841,-1.7463,46177140.0,49384867.1981
000922.CSI,20170810,4572.0537,4579.616,4600.4283,4533.3014,4584.5542,-12.5005,-0.2727,34810358.0,41439970.029
000922.CSI,20170809,4584.5542,4570.1703,4593.4106,4554.848,4572.1976,12.3566,0.2703,33520434.0,40634300.7765
000922.CSI,20170808,4572.1976,4579.708,4584.6436,4560.8789,4577.6379,-5.4403,-0.1188,31704748.0,34441047.0274
000922.CSI,20170807,4577.6379,4540.5735,4578.6887,4519.7349,4548.567,29.0709,0.6391,34607797.0,40128540.3906
000922.CSI,20170804,4548.567,4566.9566,4579.3392,4547.4258,4569.5417,-20.9747,-0.459,37548487.0,43182238.3077
000922.CSI,20170803,4569.5417,4601.4024,4613.7382,4557.3188,4606.6739,-37.1322,-0.8061,40561430.0,47367053.4461
000922.CSI,20170802,4606.6739,4625.3118,4642.0063,4604.6387,4627.9797,-21.3058,-0.4604,46854737.0,51415410.4938
000922.CSI,20170801,4627.9797,4604.2587,4633.7497,4602.5181,4599.8862,28.0935,0.6107,40405819.0,48285032.1419
000922.CSI,20170731,4599.8862,4577.4684,4607.7762,4570.2494,4581.2797,18.6065,0.4061,36381445.0,44441159.2291
000922.CSI,20170728,4581.2797,4554.0817,4584.481,4545.4534,4564.1852,17.0945,0.3745,27875098.0,33188279.9183
000922.CSI,20170727,4564.1852,4561.0157,4570.7808,4530.6413,4568.7753,-4.5901,-0.1005,38212313.0,44211128.525
000922.CSI,20170726,4568.7753,4589.271,4610.8684,4538.6601,4592.2879,-23.5126,-0.512,44149567.0,49595898.1997
000922.CSI,20170725,4592.2879,4611.884,4619.0062,4578.5757,4615.1739,-22.886,-0.4959,44226107.0,45758774.469
000922.CSI,20170724,4615.1739,4579.6536,4628.9628,4578.3994,4585.4932,29.6807,0.6473,46958495.0,55146235.3008
000922.CSI,20170721,4585.4932,4577.5121,4600.7303,4569.3829,4588.1138,-2.6206,-0.0571,39146691.0,45289026.0844
000922.CSI,20170720,4588.1138,4547.7453,4589.2077,4544.1903,4549.8094,38.3044,0.8419,43214046.0,52443702.19
000922.CSI,20170719,4549.8094,4480.7135,4551.6532,4478.0185,4489.5263,60.2831,1.3427,56243367.0,63097965.171
000922.CSI,20170718,4489.5263,4472.8161,4489.5263,4442.4238,4489.0145,0.5118,0.0114,45978938.0,50254144.8104
000922.CSI,20170717,4489.0145,4542.733,4558.7629,4445.5771,4544.4579,-55.4434,-1.22,70042317.0,69357133.0694
000922.CSI,20170714,4544.4579,4511.6877,4544.4579,4503.4695,4517.2001,27.2578,0.6034,38371221.0,42155868.7763
000922.CSI,20170713,4517.2001,4502.0056,4523.7168,4497.2669,4505.9103,11.2898,0.2506,46963943.0,52546012.0571
000922.CSI,20170712,4505.9103,4526.9321,4540.8826,4483.0969,4526.76,-20.8497,-0.4606,46473997.0,52387260.3775
000922.CSI,20170711,4526.76,4497.6141,4554.3224,4497.1717,4506.2167,20.5433,0.4559,42521202.0,52105581.3819
000922.CSI,20170710,4506.2167,4500.9786,4518.724,4491.9956,4517.368,-11.1513,-0.2469,33020546.0,41403485.4173
000922.CSI,20170707,4517.368,4504.7662,4517.4685,4490.7365,4515.5788,1.7892,0.0396,29429127.0,36862059.0624
000922.CSI,20170706,4515.5788,4511.6786,4524.3211,4482.865,4514.0952,1.4836,0.0329,30468120.0,38622553.6337
000922.CSI,20170705,4514.0952,4469.2667,4515.1299,4461.5247,4483.8044,30.2908,0.6756,28414618.0,37870866.4481
000922.CSI,20170704,4483.8044,4514.147,4514.2483,4469.0261,4518.9225,-35.1181,-0.7771,32559074.0,42092486.3274
000922.CSI,20170703,4518.9225,4529.3787,4532.9583,4494.6249,4527.2442,-8.3217,-0.1838,27852731.0,36387785.8066
000922.CSI,20170630,4527.2442,4505.1558,4528.1429,4495.8057,4525.3729,1.8713,0.0414,26985204.0,34128545.7018
000922.CSI,20170629,4525.3729,4509.6266,4526.1361,4501.9723,4509.997,15.3759,0.3409,27985662.0,36809984.4432
000922.CSI,20170628,4509.997,4523.7981,4542.3921,4506.5392,4534.924,-24.927,-0.5497,38652218.0,48576917.0067
000922.CSI,20170627,4534.924,4522.3762,4536.1176,4500.5716,4525.7314,9.1926,0.2031,36376357.0,45258388.7066
000922.CSI,20170626,4525.7314,4476.9214,4534.4138,4475.9177,4475.0282,50.7032,1.133,52109412.0,65256493.6694
000922.CSI,20170623,4475.0282,4427.1904,4475.0282,4405.7451,4438.0413,36.9869,0.8334,37908496.0,47584411.1622
000922.CSI,20170622,4438.0413,4439.1917,4489.1368,4435.66,4439.0621,-1.0208,-0.023,54477514.0,63888633.9153
000922.CSI,20170621,4439.0621,4404.6514,4439.0621,4379.967,4387.9023,51.1598,1.1659,28489575.0,38593790.8021
000922.CSI,20170620,4387.9023,4399.447,4406.5847,4378.9604,4393.3781,-5.4758,-0.1246,26448520.0,33621237.162
000922.CSI,20170619,4393.3781,4361.8462,4398.0827,4358.958,4362.8578,30.5203,0.6995,26835487.0,32638269.8829
000922.CSI,20170616,4362.8578,4377.1914,4390.8606,4356.5717,4391.9864,-29.1286,-0.6632,23983938.0,29596571.08
000922.CSI,20170615,4391.9864,4402.8211,4415.6188,4373.8256,4413.1828,-21.1964,-0.4803,27119058.0,34082570.4338
000922.CSI,20170614,4413.1828,4458.4792,4459.4061,4403.6121,4477.0165,-63.8337,-1.4258,29769012.0,38583069.3013
000922.CSI,20170613,4477.0165,4458.9361,4477.8924,4446.5606,4462.2744,14.7421,0.3304,25900091.0,33585869.2219
000922.CSI,20170612,4462.2744,4442.5774,4494.5253,4435.821,4450.9515,11.3229,0.2544,36815719.0,46792420.435
000922.CSI,20170609,4450.9515,4433.5814,4462.0433,4432.0573,4437.7686,13.1829,0.2971,42241481.0,48731079.1241
000922.CSI,20170608,4437.7686,4395.2683,4438.4876,4392.413,4397.4418,40.3268,0.9171,32718361.0,41646035.7007
000922.CSI,20170607,4397.4418,4336.4932,4397.5454,4333.0041,4338.8753,58.5665,1.3498,39258614.0,46109867.9863
000922.CSI,20170606,4338.8753,4308.9495,4339.0048,4301.9237,4316.4988,22.3765,0.5184,24459509.0,28653482.634
000922.CSI,20170605,4316.4988,4333.0429,4337.3395,4310.4248,4338.4682,-21.9694,-0.5064,37087546.0,34528062.9403
000922.CSI,20170602,4338.4682,4324.0385,4343.5928,4311.0098,4330.8926,7.5756,0.1749,32627819.0,34040982.6128
000922.CSI,20170601,4330.8926,4325.182,4338.5376,4317.646,4338.3074,-7.4148,-0.1709,37271164.0,41461345.3283
000922.CSI,20170531,4338.3074,4350.1951,4359.6946,4311.6938,4331.2771,7.0303,0.1623,39767032.0,43777276.2477
000922.CSI,20170526,4331.2771,4315.6822,4342.8643,4315.6755,4325.1642,6.1129,0.1413,41166947.0,43135781.2911
000922.CSI,20170525,4325.1642,4254.487,4336.5124,4251.0864,4266.9756,58.1886,1.3637,60572281.0,58154412.4926
000922.CSI,20170524,4266.9756,4242.6662,4266.9756,4210.6377,4259.5387,7.4369,0.1746,31872165.0,35516497.0249
000922.CSI,20170523,4259.5387,4240.4344,4275.9127,4237.0766,4248.4414,11.0973,0.2612,45378620.0,49234357.3422
000922.CSI,20170522,4248.4414,4255.0378,4269.5154,4224.771,4261.365,-12.9236,-0.3033,34583086.0,36660310.7027
000922.CSI,20170519,4261.365,4238.8383,4265.0121,4238.7493,4245.369,15.996,0.3768,26032069.0,30103234.326
000922.CSI,20170518,4245.369,4235.2614,4257.5591,4227.485,4265.5256,-20.1566,-0.4725,28900771.0,30219446.4019
000922.CSI,20170517,4265.5256,4273.7614,4290.7755,4261.7099,4278.0779,-12.5523,-0.2934,35244516.0,38932512.4284
000922.CSI,20170516,4278.0779,4218.2751,4278.2487,4198.8261,4228.9447,49.1332,1.1618,36722932.0,40568659.6047
000922.CSI,20170515,4228.9447,4203.7604,4232.9463,4203.7604,4202.116,26.8287,0.6385,33005335.0,35672935.0349
000922.CSI,20170512,4202.116,4162.3969,4206.5679,4158.839,4170.4773,31.6387,0.7586,39023399.0,38584658.8366
000922.CSI,20170511,4170.4773,4126.4768,4170.8104,4103.0889,4147.8216,22.6557,0.5462,38555442.0,38914483.9604
000922.CSI,20170510,4147.8216,4189.6746,4203.4867,4145.4087,4192.6161,-44.7945,-1.0684,30143482.0,32462300.6707
000922.CSI,20170509,4192.6161,4178.262,4201.1629,4162.456,4194.2355,-1.6194,-0.0386,27660672.0,29968261.9157
000922.CSI,20170508,4194.2355,4213.7051,4219.1298,4176.271,4229.099,-34.8635,-0.8244,41687330.0,43661736.5418
000922.CSI,20170505,4229.099,4233.9135,4238.1344,4210.3299,4251.87,-22.771,-0.5356,38703941.0,41342629.8463
000922.CSI,20170504,4251.87,4245.6277,4276.3186,4229.3998,4254.3241,-2.4541,-0.0577,34232696.0,36362737.8178
000922.CSI,20170503,4254.3241,4270.1733,4282.9469,4241.1734,4281.1334,-26.8093,-0.6262,30178502.0,32865411.6982
000922.CSI,20170502,4281.1334,4284.9557,4292.8856,4270.5918,4302.8443,-21.7109,-0.5046,31151226.0,35776868.2421
000922.CSI,20170428,4302.8443,4311.8964,4313.1707,4279.9363,4329.6307,-26.7864,-0.6187,35230319.0,41825307.4889
000922.CSI,20170427,4329.6307,4325.192,4336.6235,4272.9309,4339.4801,-9.8494,-0.227,47114012.0,48849771.2507
000922.CSI,20170426,4339.4801,4331.9104,4361.2817,4327.5541,4335.3748,4.1053,0.0947,38938913.0,45514668.8239
000922.CSI,20170425,4335.3748,4313.3581,4348.5872,4305.4088,4315.195,20.1798,0.4676,32852893.0,35967482.0927
000922.CSI,20170424,4315.195,4356.8334,4356.8334,4285.9903,4369.3495,-54.1545,-1.2394,40934182.0,42793711.7038
000922.CSI,20170421,4369.3495,4361.4893,4379.9135,4351.3138,4366.1882,3.1613,0.0724,39306744.0,41862926.0027
000922.CSI,20170420,4366.1882,4344.8134,4376.491,4340.435,4347.3065,18.8817,0.4343,40051846.0,49580310.8134
000922.CSI,20170419,4347.3065,4349.9437,4355.76,4306.7926,4365.363,-18.0565,-0.4136,42176660.0,46469250.0694
000922.CSI,20170418,4365.363,4367.91,4401.3862,4365.363,4375.8763,-10.5133,-0.2403,39680450.0,46020615.3907
000922.CSI,20170417,4375.8763,4379.3285,4382.3775,4345.1322,4397.7294,-21.8531,-0.4969,35254382.0,37385851.0149
000922.CSI,20170414,4397.7294,4450.5214,4454.5856,4389.8641,4450.6224,-52.893,-1.1884,37231505.0,36407507.9325
000922.CSI,20170413,4450.6224,4410.4251,4454.0469,4407.3378,4423.273,27.3494,0.6183,47335219.0,47756288.6674
000922.CSI,20170412,4423.273,4419.5374,4446.3965,4399.7011,4421.5674,1.7056,0.0386,52804474.0,55161315.7885
000922.CSI,20170411,4421.5674,4410.5086,4430.2749,4352.5329,4405.8489,15.7185,0.3568,47222280.0,54200003.0471
000922.CSI,20170410,4405.8489,4412.734,4417.0401,4399.3058,4407.7461,-1.8972,-0.043,38860307.0,44695759.993
000922.CSI,20170407,4407.7461,4394.8869,4416.2817,4381.675,4400.0482,7.6979,0.175,44131933.0,45171042.359
000922.CSI,20170406,4400.0482,4387.2259,4400.6414,4374.0496,4382.4218,17.6264,0.4022,51780452.0,53986966.2618
000922.CSI,20170405,4382.4218,4352.9917,4382.4218,4343.2424,4323.9609,58.4609,1.352,50591021.0,56848879.693
000922.CSI,20170331,4323.9609,4287.763,4325.2188,4284.4151,4290.8164,33.1445,0.7725,35829726.0,34717549.7201
000922.CSI,20170330,4290.8164,4315.846,4321.9039,4264.0612,4319.6202,-28.8038,-0.6668,40004604.0,39682827.0561
000922.CSI,20170329,4319.6202,4328.5584,4342.7359,4302.0535,4326.3616,-6.7414,-0.1558,32401864.0,34376028.9432
000922.CSI,20170328,4326.3616,4340.9849,4341.9499,4313.6466,4341.2856,-14.924,-0.3438,26180838.0,31472048.2321
000922.CSI,20170327,4341.2856,4357.9867,4382.4891,4336.9929,4354.3102,-13.0246,-0.2991,41081050.0,46542194.183
000922.CSI,20170324,4354.3102,4315.5733,4364.0601,4313.7647,4316.1215,38.1887,0.8848,42430928.0,51559188.7801
000922.CSI,20170323,4316.1215,4309.8752,4328.794,4280.6587,4307.3765,8.745,0.203,30577355.0,38008561.2039
000922.CSI,20170322,4307.3765,4308.787,4325.7523,4290.3256,4331.3252,-23.9487,-0.5529,35774805.0,42268982.2384
000922.CSI,20170321,4331.3252,4290.774,4331.3872,4286.8998,4289.302,42.0232,0.9797,32905477.0,43012369.4531
000922.CSI,20170320,4289.302,4279.3446,4290.8619,4262.0348,4268.7757,20.5263,0.4808,28811379.0,32330002.7343
000922.CSI,20170317,4268.7757,4316.6283,4319.6236,4262.2438,4314.323,-45.5473,-1.0557,32582425.0,35842137.7216
000922.CSI,20170316,4314.323,4304.0794,4325.5917,4304.0794,4298.0825,16.2405,0.3779,32599230.0,35301758.9447
000922.CSI,20170315,4298.0825,4278.9854,4301.3973,4276.647,4283.6686,14.4139,0.3365,25982211.0,28656811.7193
000922.CSI,20170314,4283.6686,4283.3312,4295.1104,4276.0236,4285.4747,-1.8061,-0.0421,24314124.0,28422498.9239
000922.CSI,20170313,4285.4747,4240.3446,4285.4747,4223.6946,4244.6924,40.7823,0.9608,28484670.0,34031569.135
000922.CSI,20170310,4244.6924,4236.5594,4253.6909,4235.9876,4240.955,3.7374,0.0881,21959037.0,25871116.4129
000922.CSI,20170309,4240.955,4267.5348,4267.6478,4228.8616,4274.5476,-33.5926,-0.7859,29804463.0,30325051.2845
000922.CSI,20170308,4274.5476,4282.9314,4282.9314,4264.2648,4285.91,-11.3624,-0.2651,27756699.0,29832030.2112
000922.CSI,20170307,4285.91,4277.2738,4286.1919,4268.7484,4280.9724,4.9376,0.1153,24472780.0,27284574.2598
000922.CSI,20170306,4280.9724,4257.4558,4283.9504,4257.3413,4259.2019,21.7705,0.5111,29365601.0,30341949.0154
000922.CSI,20170303,4259.2019,4247.9435,4259.6207,4235.0265,4257.5457,1.6562,0.0389,23153374.0,24741446.8079
000922.CSI,20170302,4257.5457,4281.7594,4288.7492,4255.9356,4278.9462,-21.4005,-0.5001,25733053.0,28129603.3646
000922.CSI,20170301,4278.9462,4275.6484,4295.1158,4271.0193,4275.4307,3.5155,0.0822,29162925.0,29857583.2943
000922.CSI,20170228,4275.4307,4256.9019,4278.6129,4256.8542,4256.8622,18.5685,0.4362,21340412.0,23728945.233
000922.CSI,20170227,4256.8622,4295.5712,4295.5712,4252.1112,4296.5138,-39.6516,-0.9229,31748386.0,34590038.058
000922.CSI,20170224,4296.5138,4296.9929,4297.778,4272.6772,4302.672,-6.1582,-0.1431,25258524.0,27172609.664
000922.CSI,20170223,4302.672,4322.0143,4329.7268,4284.9409,4324.5401,-21.8681,-0.5057,29017490.0,31522979.2164
000922.CSI,20170222,4324.5401,4298.574,4324.9472,4296.1618,4300.006,24.5341,0.5706,31666045.0,35145867.4537
000922.CSI,20170221,4300.006,4295.9645,4312.4062,4289.5113,4293.0927,6.9133,0.161,36433153.0,38206331.0358
000922.CSI,20170220,4293.0927,4219.1583,4295.3719,4219.1583,4218.5584,74.5343,1.7668,50811169.0,51162981.8729
000922.CSI,20170217,4218.5584,4250.9488,4258.6789,4215.4968,4248.3362,-29.7778,-0.7009,31125246.0,33068441.1196
000922.CSI,20170216,4248.3362,4224.7437,4248.3362,4219.6291,4225.6727,22.6635,0.5363,33899829.0,32824886.6982
000922.CSI,20170215,4225.6727,4229.1385,4256.8584,4217.5658,4228.7527,-3.08,-0.0728,49907870.0,43888171.0479
000922.CSI,20170214,4228.7527,4238.7419,4241.9566,4217.0105,4237.6554,-8.9027,-0.2101,27101465.0,30381976.5817
000922.CSI,20170213,4237.6554,4209.9694,4240.7015,4209.1358,4206.2858,31.3696,0.7458,38461486.0,43676317.7001
000922.CSI,20170210,4206.2858,4181.6374,4213.9944,4180.2074,4179.7731,26.5127,0.6343,41025111.0,43103980.2172
000922.CSI,20170209,4179.7731,4161.036,4191.3622,4158.6443,4161.7524,18.0207,0.433,32543860.0,34615292.88
000922.CSI,20170208,4161.7524,4141.1527,4161.9495,4123.2714,4146.86,14.8924,0.3591,22088897.0,22982942.3847
000922.CSI,20170207,4146.86,4140.9669,4149.5907,4128.0374,4144.0546,2.8054,0.0677,20931933.0,21924069.1543
000922.CSI,20170206,4144.0546,4135.8697,4153.7532,4126.7348,4131.7711,12.2835,0.2973,23085677.0,23174276.1693
000922.CSI,20170203,4131.7711,4158.8552,4160.2627,4127.0102,4157.8747,-26.1036,-0.6278,15131858.0,16171794.8764
000922.CSI,20170126,4157.8747,4152.0573,4170.0099,4151.8804,4150.0653,7.8094,0.1882,21233061.0,20882478.8276
000922.CSI,20170125,4150.0653,4139.851,4153.4047,4131.9244,4144.1997,5.8656,0.1415,19279878.0,19964769.4823
000922.CSI,20170124,4144.1997,4125.1139,4150.8047,4123.5381,4128.5239,15.6758,0.3797,24181493.0,23379184.8128
000922.CSI,20170123,4128.5239,4127.1684,4146.7031,4119.497,4123.6916,4.8323,0.1172,23779854.0,24796551.5566
000922.CSI,20170120,4123.6916,4084.2538,4126.1461,4083.9352,4087.6736,36.018,0.8811,20537105.0,22165253.3089
000922.CSI,20170119,4087.6736,4088.9774,4106.8442,4080.8087,4096.8782,-9.2046,-0.2247,23603251.0,22837366.8402
000922.CSI,20170118,4096.8782,4068.8474,4105.4182,4066.5672,4071.5777,25.3005,0.6214,26046854.0,27962491.9671
000922.CSI,20170117,4071.5777,4045.5168,4071.7858,4035.6068,4063.0068,8.5709,0.2109,22413247.0,21980007.4434
000922.CSI,20170116,4063.0068,4053.8552,4066.163,3999.4544,4059.9863,3.0205,0.0744,61914834.0,54607306.3474
000922.CSI,20170113,4059.9863,4055.2519,4073.9706,4043.3437,4057.2122,2.7741,0.0684,29724366.0,28751065.1465
000922.CSI,20170112,4057.2122,4079.7624,4090.3377,4054.5316,4082.0615,-24.8493,-0.6087,21844217.0,21424502.6614
000922.CSI,20170111,4082.0615,4110.2393,4118.5062,4080.7569,4114.3785,-32.317,-0.7855,26839294.0,25747325.1715
000922.CSI,20170110,4114.3785,4123.4045,4129.3225,4110.2187,4125.8226,-11.4441,-0.2774,23817953.0,24170310.2583
000922.CSI,20170109,4125.8226,4101.79,4126.2301,4100.4518,4102.3282,23.4944,0.5727,27230174.0,26770955.2957
000922.CSI,20170106,4102.3282,4117.5779,4122.75,4097.4628,4120.0508,-17.7226,-0.4302,31051623.0,29536142.9877
000922.CSI,20170105,4120.0508,4116.2074,4121.9311,4107.9322,4115.5259,4.5249,0.1099,29025657.0,28507656.7851
000922.CSI,20170104,4115.5259,4080.0147,4117.0444,4077.5219,4081.7992,33.7267,0.8263,30272305.0,32312599.4308
000922.CSI,20170103,4081.7992,4045.25,4081.8742,4044.8777,4040.7306,41.0686,1.0164,28065536.0,28057616.6468
000922.CSI,20161230,4040.7306,4025.6505,4045.3629,4021.8868,4021.2325,19.4981,0.4849,26055657.0,26295677.6835
000922.CSI,20161229,4021.2325,4022.3681,4037.489,4011.9888,4026.9083,-5.6758,-0.1409,24530757.0,24408152.0849
000922.CSI,20161228,4026.9083,4042.3547,4047.2077,4017.8629,4043.0847,-16.1764,-0.4001,23004779.0,23511048.8978
000922.CSI,20161227,4043.0847,4037.2104,4057.8522,4035.197,4040.773,2.3117,0.0572,25058317.0,27363701.2967
000922.CSI,20161226,4040.773,4015.8831,4041.1607,3977.3815,4028.8502,11.9228,0.2959,29917191.0,29460100.8047
000922.CSI,20161223,4028.8502,4068.4081,4068.5095,4017.5315,4072.1624,-43.3122,-1.0636,30530190.0,30069490.2228
000922.CSI,20161222,4072.1624,4062.8935,4076.0312,4055.3274,4065.0855,7.0769,0.1741,30867819.0,30217817.2678
000922.CSI,20161221,4065.0855,4029.1899,4066.6479,4029.1899,4025.6663,39.4192,0.9792,36856713.0,34611750.6089
000922.CSI,20161220,4025.6663,4046.4768,4047.2958,4002.0781,4051.5787,-25.9124,-0.6396,31986874.0,31043420.7746
000922.CSI,20161219,4051.5787,4052.412,4066.1578,4037.8763,4055.2759,-3.6972,-0.0912,28155590.0,29537451.3314
000922.CSI,20161216,4055.2759,4041.464,4065.1747,4033.701,4044.9107,10.3652,0.2563,33626039.0,33726194.616
000922.CSI,20161215,4044.9107,4074.294,4085.8082,4026.267,4089.3898,-44.4791,-1.0877,44417532.0,44762011.3024
000922.CSI,20161214,4089.3898,4115.4768,4128.505,4087.3665,4120.1409,-30.7511,-0.7464,46038392.0,45161884.5277
000922.CSI,20161213,4120.1409,4113.2464,4133.733,4077.0891,4126.7797,-6.6388,-0.1609,40849812.0,41018633.7392
000922.CSI,20161212,4126.7797,4229.6666,4236.6233,4113.9956,4230.0974,-103.3177,-2.4424,71182066.0,70812562.5644
000922.CSI,20161209,4230.0974,4189.0416,4243.3059,4186.7056,4193.6769,36.4205,0.8685,64029258.0,59822600.1958
000922.CSI,20161208,4193.6769,4201.5527,4207.9245,4188.4226,4196.0349,-2.358,-0.0562,34789046.0,35446865.7299
000922.CSI,20161207,4196.0349,4173.8963,4196.0349,4157.2905,4175.4283,20.6066,0.4935,30817525.0,31396510.7486
000922.CSI,20161206,4175.4283,4178.9803,4192.9042,4171.8236,4181.4263,-5.998,-0.1434,38202276.0,40260765.5098
000922.CSI,20161205,4181.4263,4189.7132,4212.3131,4169.8953,4247.6108,-66.1845,-1.5582,60586736.0,62524527.47
000922.CSI,20161202,4247.6108,4290.0013,4299.0293,4233.4211,4292.4868,-44.876,-1.0455,67615599.0,67246047.6402
000922.CSI,20161201,4292.4868,4261.1219,4301.1014,4261.1219,4250.2477,42.2391,0.9938,57770383.0,69754605.8934
000922.CSI,20161130,4250.2477,4288.6329,4292.2366,4235.7568,4297.0859,-46.8382,-1.09,49127297.0,49427582.6895
000922.CSI,20161129,4297.0859,4271.2737,4333.6893,4262.6413,4279.067,18.0189,0.4211,72597846.0,74919647.7752
000922.CSI,20161128,4279.067,4266.2137,4298.5658,4266.2137,4254.8226,24.2444,0.5698,77426131.0,81958203.0444
000922.CSI,20161125,4254.8226,4216.97,4255.3646,4190.0891,4217.7811,37.0415,0.8782,50549948.0,52975279.4503
000922.CSI,20161124,4217.7811,4188.6692,4239.2136,4186.1074,4193.837,23.9441,0.5709,42089244.0,48551679.9616
000922.CSI,20161123,4193.837,4184.259,4210.626,4182.1093,4178.8573,14.9797,0.3585,58760030.0,58455372.2098
000922.CSI,20161122,4178.8573,4151.3348,4179.3229,4151.3348,4153.4367,25.4206,0.612,62339689.0,56815186.5306
000922.CSI,20161121,4153.4367,4117.0923,4178.6986,4116.0669,4121.2817,32.155,0.7802,57082359.0,53661368.0121
000922.CSI,20161118,4121.2817,4138.8883,4147.8015,4116.6055,4132.837,-11.5553,-0.2796,30406893.0,32795224.7363
000922.CSI,20161117,4132.837,4107.8824,4133.0614,4099.1524,4113.777,19.06,0.4633,28520224.0,29775546.2428
000922.CSI,20161116,4113.777,4115.6927,4117.6877,4104.1699,4116.4737,-2.6967,-0.0655,24880243.0,23934648.0509
000922.CSI,20161115,4116.4737,4114.1413,4117.4851,4100.3441,4113.848,2.6257,0.0638,29943532.0,30266730.6707
000922.CSI,20161114,4113.848,4104.0096,4132.3448,4098.3255,4111.7016,2.1464,0.0522,45293212.0,41836539.567
000922.CSI,20161111,4111.7016,4088.7094,4114.722,4083.2908,4092.1043,19.5973,0.4789,40900219.0,36827096.9417
000922.CSI,20161110,4092.1043,4060.7531,4095.5161,4060.7531,4040.1822,51.9221,1.2851,33551508.0,34434875.3551
000922.CSI,20161109,4040.1822,4061.9092,4067.0402,3999.1095,4062.1924,-22.0102,-0.5418,39347064.0,40938444.5912
000922.CSI,20161108,4062.1924,4051.5966,4074.9839,4047.7988,4041.9967,20.1957,0.4996,31239961.0,26993994.8286
000922.CSI,20161107,4041.9967,4033.93,4054.256,4024.7844,4034.3098,7.6869,0.1905,25311633.0,23208968.8468
000922.CSI,20161104,4034.3098,4048.0552,4063.1515,4028.3709,4048.2456,-13.9358,-0.3442,30354404.0,27789090.5436
000922.CSI,20161103,4048.2456,4012.1964,4059.9237,4010.8236,4020.3957,27.8499,0.6927,28481235.0,25573606.5127
000922.CSI,20161102,4020.3957,4048.8514,4049.1989,4018.2974,4058.2152,-37.8195,-0.9319,20846748.0,20356201.1675
000922.CSI,20161101,4058.2152,4033.7212,4058.2152,4027.1685,4031.4858,26.7294,0.663,22012264.0,22296523.6521
000922.CSI,20161031,4031.4858,4023.4525,4035.4334,4007.7665,4028.7945,2.6913,0.0668,19581586.0,19121516.48
000922.CSI,20161028,4028.7945,4048.4996,4067.0937,4027.2119,4052.5528,-23.7583,-0.5863,24083507.0,23097629.2615
000922.CSI,20161027,4052.5528,4053.1666,4056.96,4036.3071,4058.0871,-5.5343,-0.1364,21429812.0,20401667.4443
000922.CSI,20161026,4058.0871,4080.9008,4080.9008,4051.7225,4086.0087,-27.9216,-0.6833,24807359.0,24913500.0502
000922.CSI,20161025,4086.0087,4071.8402,4086.2836,4068.4863,4070.3149,15.6938,0.3856,29508577.0,28106148.9349
000922.CSI,20161024,4070.3149,4034.3058,4083.5071,4031.8216,4031.2541,39.0608,0.9689,40174132.0,35463679.716
000922.CSI,20161021,4031.2541,4012.1974,4038.0823,3999.5874,4012.6771,18.577,0.463,29383587.0,28310661.9701
000922.CSI,20161020,4012.6771,4007.9849,4015.7591,3999.3267,4007.9361,4.741,0.1183,20314121.0,19979873.8576
000922.CSI,20161019,4007.9361,4017.0384,4029.4116,3998.3045,4014.9711,-7.035,-0.1752,23557371.0,22142258.1631
000922.CSI,20161018,4014.9711,3960.4326,4015.4565,3960.0796,3961.7534,53.2177,1.3433,26393228.0,24634283.7847
000922.CSI,20161017,3961.7534,3992.2167,3997.0422,3952.5159,3990.1826,-28.4292,-0.7125,22623243.0,21728469.6352
000922.CSI,20161014,3990.1826,3984.5303,3990.7098,3968.635,3989.81,0.3726,0.0093,21572681.0,20755455.6391
000922.CSI,20161013,3989.81,3978.2557,3993.6929,3972.492,3978.8467,10.9633,0.2755,20468966.0,20331272.6921
000922.CSI,20161012,3978.8467,3977.7086,3981.181,3963.5879,3987.3013,-8.4546,-0.212,16713135.0,17084304.4472
000922.CSI,20161011,3987.3013,3977.0198,3988.0735,3971.9652,3977.0276,10.2737,0.2583,22123811.0,22424923.3882
000922.CSI,20161010,3977.0276,3940.9858,3977.0276,3928.2592,3925.1954,51.8322,1.3205,23911594.0,24508182.9915
000922.CSI,20160930,3925.1954,3909.8149,3932.139,3907.7691,3914.9862,10.2092,0.2608,13320319.0,15682774.5585
000922.CSI,20160929,3914.9862,3903.9455,3926.7771,3903.8128,3901.6137,13.3725,0.3427,15687602.0,16547254.4729
000922.CSI,20160928,3901.6137,3914.1064,3914.1064,3892.5869,3907.886,-6.2723,-0.1605,14908261.0,16560485.5543
000922.CSI,20160927,3907.886,3878.9037,3907.886,3874.0764,3883.8108,24.0752,0.6199,18116936.0,19188930.538
000922.CSI,20160926,3883.8108,3934.2783,3934.3558,3882.3701,3944.3394,-60.5286,-1.5346,21084461.0,20562283.503
000922.CSI,20160923,3944.3394,3966.5418,3968.5093,3942.4472,3962.7855,-18.4461,-0.4655,17199562.0,19911508.9804
000922.CSI,20160922,3962.7855,3941.6612,3972.8329,3940.2516,3926.5279,36.2576,0.9234,23665640.0,29590970.3674
000922.CSI,20160921,3926.5279,3919.7544,3932.9783,3916.7803,3923.1562,3.3717,0.0859,16802245.0,18781563.6
000922.CSI,20160920,3923.1562,3919.3468,3924.6225,3912.2871,3919.3039,3.8523,0.0983,14706347.0,15542431.1982
000922.CSI,20160919,3919.3039,3884.6911,3919.7916,3884.6911,3880.1541,39.1498,1.009,17324399.0,18029129.5886
000922.CSI,20160914,3880.1541,3900.4227,3909.1406,3873.2925,3918.3932,-38.2391,-0.9759,20264649.0,20502605.7393
000922.CSI,20160913,3918.3932,3916.8501,3924.1535,3897.1013,3912.0344,6.3588,0.1625,19090390.0,19824191.452
000922.CSI,20160912,3912.0344,3936.0985,3940.9617,3883.5832,3984.9625,-72.9281,-1.8301,36631103.0,34250895.2731
000922.CSI,20160909,3984.9625,4016.3459,4022.9016,3984.7821,4018.2937,-33.3312,-0.8295,20084651.0,21247081.7785
000922.CSI,20160908,4018.2937,4009.6322,4019.3405,4002.0579,4012.7495,5.5442,0.1382,20905790.0,22330502.5327
000922.CSI,20160907,4012.7495,4008.9266,4033.4054,4005.7412,4009.4813,3.2682,0.0815,30495797.0,29565881.9213
000922.CSI,20160906,4009.4813,3983.1061,4015.0565,3962.7608,3976.5221,32.9592,0.8288,31170987.0,35019455.0194
000922.CSI,20160905,3976.5221,3969.4996,3988.725,3965.5631,3960.5704,15.9517,0.4028,20063302.0,19164420.1808
000922.CSI,20160902,3960.5704,3954.3179,3969.8703,3938.7675,3951.59,8.9804,0.2273,22905472.0,23445271.5873
000922.CSI,20160901,3951.59,3985.758,3986.8279,3950.8098,3986.4948,-34.9048,-0.8756,22720345.0,24401382.1586
000922.CSI,20160831,3986.4948,3965.5416,3992.2607,3961.4228,3969.1194,17.3754,0.4378,23544389.0,26340832.3974
000922.CSI,20160830,3969.1194,3962.0087,3979.8013,3957.7763,3961.3754,7.744,0.1955,21249131.0,20225185.354
000922.CSI,20160829,3961.3754,3957.4843,3968.7709,3944.411,3962.1443,-0.7689,-0.0194,21917178.0,20386504.3129
000922.CSI,20160826,3962.1443,3970.0354,3985.8919,3954.3355,3969.4687,-7.3244,-0.1845,19613219.0,19748003.8489
000922.CSI,20160825,3969.4687,3974.4582,3974.7431,3930.154,3989.0438,-19.5751,-0.4907,27892793.0,27508659.7742
000922.CSI,20160824,3989.0438,4001.3768,4006.3068,3981.3262,4000.9042,-11.8604,-0.2964,20543937.0,20819116.9741
000922.CSI,20160823,4000.9042,3990.1228,4018.9798,3979.9233,3997.9282,2.976,0.0744,27654277.0,27476110.0791
000922.CSI,20160822,3997.9282,4018.6962,4025.7437,3995.0681,4022.5167,-24.5885,-0.6113,29344158.0,29416857.571
000922.CSI,20160819,4022.5167,4012.8603,4029.8722,3994.7271,4017.6474,4.8693,0.1212,30782210.0,33198831.1523
000922.CSI,20160818,4017.6474,4020.1753,4049.4275,4002.0852,4026.4469,-8.7995,-0.2185,39652645.0,45201395.2151
000922.CSI,20160817,4026.4469,4022.5883,4040.1931,4005.0273,4026.5851,-0.1382,-0.0034,36881640.0,40952077.5587
000922.CSI,20160816,4026.5851,4057.8766,4071.1067,4017.944,4043.6289,-17.0438,-0.4215,70963607.0,69884435.0431
000922.CSI,20160815,4043.6289,3958.0558,4059.2789,3957.7447,3946.1978,97.4311,2.469,65208345.0,64547221.9941
000922.CSI,20160812,3946.1978,3871.4129,3946.3609,3869.9957,3872.5298,73.668,1.9023,42281094.0,40863776.6717
000922.CSI,20160811,3872.5298,3883.1866,3916.0058,3871.9958,3888.1352,-15.6054,-0.4014,30218525.0,29350824.336
000922.CSI,20160810,3888.1352,3905.3557,3920.3945,3887.1569,3905.8547,-17.7195,-0.4537,23440735.0,25092484.0546
000922.CSI,20160809,3905.8547,3879.3148,3909.1664,3876.3125,3880.9612,24.8935,0.6414,28274977.0,27996160.775
000922.CSI,20160808,3880.9612,3835.5435,3880.9882,3823.772,3840.735,40.2262,1.0474,23830715.0,27893369.9928
000922.CSI,20160805,3840.735,3838.941,3863.8458,3829.1387,3837.9638,2.7712,0.0722,24804855.0,29147466.5388
000922.CSI,20160804,3837.9638,3827.5668,3838.0701,3800.7617,3830.0183,7.9455,0.2075,22750864.0,24551873.5528
000922.CSI,20160803,3830.0183,3808.5372,3834.7533,3798.3173,3820.7736,9.2447,0.242,20807163.0,20655961.1679
000922.CSI,20160802,3820.7736,3797.4489,3820.7736,3786.3464,3806.0713,14.7023,0.3863,18066721.0,19045320.226
000922.CSI,20160801,3806.0713,3832.0574,3833.0658,3777.9413,3840.535,-34.4637,-0.8974,25668144.0,25414112.2213
000922.CSI,20160729,3840.535,3835.716,3866.4052,3831.6552,3844.0562,-3.5212,-0.0916,26661981.0,28483423.6426
000922.CSI,20160728,3844.0562,3781.5585,3848.4284,3774.0523,3795.1755,48.8807,1.288,32280684.0,32648030.6335
000922.CSI,20160727,3795.1755,3850.3922,3868.8098,3733.3975,3850.929,-55.7535,-1.4478,40114891.0,37246308.2613
000922.CSI,20160726,3850.929,3794.8596,3850.929,3793.7514,3799.6308,51.2982,1.3501,21608956.0,22611568.054
000922.CSI,20160725,3799.6308,3780.6444,3813.8861,3780.6444,3784.7277,14.9031,0.3938,18589101.0,19545891.8045
000922.CSI,20160722,3784.7277,3822.5839,3825.7825,3780.3489,3826.6351,-41.9074,-1.0952,21236248.0,21777621.7146
000922.CSI,20160721,3826.6351,3805.1253,3847.3528,3805.0372,3805.1877,21.4474,0.5636,21204197.0,21982657.2117
000922.CSI,20160720,3805.1877,3814.6006,3822.3582,3799.3941,3816.8791,-11.6914,-0.3063,18152086.0,19038938.1905
000922.CSI,20160719,3816.8791,3831.9946,3833.4127,3790.9013,3837.3838,-20.5047,-0.5343,24883361.0,24648361.8864
000922.CSI,20160718,3837.3838,3826.2853,3853.046,3810.9669,3831.7276,5.6562,0.1476,31712814.0,31194441.6039
000922.CSI,20160715,3831.7276,3827.8166,3840.8733,3818.3463,3824.8452,6.8824,0.1799,22736258.0,23451991.6537
000922.CSI,20160714,3824.8452,3835.7237,3837.502,3808.2956,3841.2449,-16.3997,-0.4269,22788600.0,22777241.2826
000922.CSI,20160713,3841.2449,3825.9421,3851.1966,3825.4009,3829.6474,11.5975,0.3028,40129125.0,37953474.1267
000922.CSI,20160712,3829.6474,3742.3892,3829.6474,3742.2466,3743.6706,85.9768,2.2966,38664720.0,38346407.0906
000922.CSI,20160711,3743.6706,3740.2334,3778.0794,3735.3932,3732.6213,11.0493,0.296,26170262.0,27242752.3842
000922.CSI,20160708,3732.6213,3742.4785,3742.7178,3722.1991,3761.1734,-28.5521,-0.7591,21206783.0,22442922.5792
000922.CSI,20160707,3761.1734,3763.8728,3769.9344,3739.2639,3779.894,-18.7206,-0.4953,27659113.0,29622466.9806
000922.CSI,20160706,3779.894,3756.0606,3780.7743,3742.1654,3767.1491,12.7449,0.3383,34523141.0,42266601.7438
000922.CSI,20160705,3767.1491,3758.5831,3771.668,3751.6999,3761.7822,5.3669,0.1427,28688417.0,27149070.1089
000922.CSI,20160704,3761.7822,3689.0173,3765.358,3686.8803,3706.9083,54.8739,1.4803,27781024.0,24946319.9097
000922.CSI,20160701,3706.9083,3706.8762,3724.6213,3700.6467,3703.5019,3.4064,0.092,17049961.0,15612213.1188
000922.CSI,20160630,3703.5019,3702.4867,3710.6863,3693.8741,3703.2042,0.2977,0.008,20900309.0,18806461.6831
000922.CSI,20160629,3703.2042,3697.8023,3705.3504,3688.7772,3691.7404,11.4638,0.3105,26901342.0,23699417.341
000922.CSI,20160628,3691.7404,3656.4246,3692.2644,3649.0116,3671.1185,20.6219,0.5617,20953484.0,19816905.9703
000922.CSI,20160627,3671.1185,3606.8131,3671.1185,3606.2627,3622.3013,48.8172,1.3477,18517332.0,16916087.5658
000922.CSI,20160624,3622.3013,3662.7853,3679.3191,3573.897,3673.0118,-50.7105,-1.3806,25553720.0,21968025.4336
000922.CSI,20160623,3673.0118,3687.3071,3691.3595,3661.1806,3697.8157,-24.8039,-0.6708,17780681.0,14928799.4436
000922.CSI,20160622,3697.8157,3660.7895,3697.8157,3658.0976,3666.4462,31.3695,0.8556,18781082.0,15878523.7598
000922.CSI,20160621,3666.4462,3686.7377,3708.1685,3657.6388,3676.9253,-10.4791,-0.285,21773462.0,20149614.2839
000922.CSI,20160620,3676.9253,3676.4673,3682.0102,3648.9473,3675.9419,0.9834,0.0268,16780681.0,15760392.14
000922.CSI,20160617,3675.9419,3653.1863,3687.9962,3653.0717,3647.1408,28.8011,0.7897,24601015.0,22700576.071
000922.CSI,20160616,3647.1408,3655.7343,3667.6195,3638.5588,3667.3811,-20.2403,-0.5519,18963944.0,16966563.5359
000922.CSI,20160615,3667.3811,3586.941,3674.6166,3583.7527,3616.0858,51.2953,1.4185,19788170.0,17342885.7258
000922.CSI,20160614,3616.0858,3598.1525,3620.6743,3597.7471,3606.9087,9.1771,0.2544,15176031.0,12571861.1562
000922.CSI,20160613,3606.9087,3680.4678,3688.4593,3606.4182,3711.1116,-104.2029,-2.8079,20766799.0,17612877.8241
000922.CSI,20160608,3711.1116,3726.9429,3726.9429,3689.7885,3736.477,-25.3654,-0.6789,17225249.0,15091005.1606
000922.CSI,20160607,3736.477,3742.0852,3744.5714,3725.838,3744.2337,-7.7567,-0.2072,15090544.0,13793623.3031
000922.CSI,20160606,3744.2337,3746.0047,3752.9616,3729.2675,3744.3918,-0.1581,-0.0042,17020794.0,16498011.2947
000922.CSI,20160603,3744.3918,3727.4089,3749.9549,3713.931,3726.4859,17.9059,0.4805,20219853.0,19025850.4524
000922.CSI,20160602,3726.4859,3716.4459,3729.9913,3706.8909,3718.3687,8.1172,0.2183,16720978.0,15280405.4248
000922.CSI,20160601,3718.3687,3721.4041,3732.1164,3711.3889,3720.2649,-1.8962,-0.051,23194014.0,21080110.0939
000922.CSI,20160531,3720.2649,3621.1876,3720.9032,3621.1876,3617.9716,102.2933,2.8274,33677805.0,26934992.9854
000922.CSI,20160530,3617.9716,3611.3497,3632.0244,3590.8641,3617.1513,0.8203,0.0227,15626386.0,12660741.1475
000922.CSI,20160527,3617.1513,3603.3572,3629.3319,3595.0075,3607.8124,9.3389,0.2589,11898154.0,10265205.0293
000922.CSI,20160526,3607.8124,3599.4653,3611.292,3561.4583,3600.1127,7.6997,0.2139,13529919.0,11060472.0914
000922.CSI,20160525,3600.1127,3612.2046,3623.6337,3589.4389,3598.5488,1.5639,0.0435,12067578.0,10361922.7961
000922.CSI,20160524,3598.5488,3624.7318,3624.7318,3584.6247,3628.1149,-29.5661,-0.8149,13835272.0,11768903.0804
000922.CSI,20160523,3628.1149,3609.0727,3632.3556,3608.6874,3610.3127,17.8022,0.4931,14359722.0,12814693.6256
000922.CSI,20160520,3610.3127,3579.3173,3610.7388,3570.6193,3596.5367,13.776,0.383,13237987.0,11552004.1413
000922.CSI,20160519,3596.5367,3590.3316,3624.4972,3590.3316,3599.6152,-3.0785,-0.0855,13441813.0,11456819.3132
000922.CSI,20160518,3599.6152,3631.24,3631.4962,3564.3199,3648.9042,-49.289,-1.3508,22391017.0,18515407.7533
000922.CSI,20160517,3648.9042,3669.5061,3670.4322,3636.1001,3665.2953,-16.3911,-0.4472,15300089.0,14268836.7955
000922.CSI,20160516,3665.2953,3629.2551,3665.2953,3615.722,3642.2254,23.0699,0.6334,14768621.0,13002744.4029
000922.CSI,20160513,3642.2254,3641.7069,3668.3507,3626.0287,3650.1178,-7.8924,-0.2162,17472415.0,14956023.8195
000922.CSI,20160512,3650.1178,3616.4213,3653.8331,3576.8967,3645.7555,4.3623,0.1197,20411882.0,17307452.5615
000922.CSI,20160511,3645.7555,3638.2958,3664.2043,3614.4523,3624.8385,20.917,0.577,19560043.0,18391807.3148
000922.CSI,20160510,3624.8385,3605.1584,3637.6139,3604.0042,3613.3114,11.5271,0.319,18086326.0,16051599.1022
000922.CSI,20160509,3613.3114,3690.3175,3690.3175,3601.4976,3702.3033,-88.9919,-2.4037,24624841.0,20096425.9953
000922.CSI,20160506,3702.3033,3805.0153,3810.061,3702.112,3807.2523,-104.949,-2.7566,25386844.0,22529445.0367
000922.CSI,20160505,3807.2523,3800.7878,3811.4502,3781.9076,3805.6864,1.5659,0.0411,16783657.0,15285494.3265
000922.CSI,20160504,3805.6864,3806.4242,3821.9355,3794.3665,3817.7557,-12.0693,-0.3161,19799510.0,18446542.224
000922.CSI,20160503,3817.7557,3753.6393,3818.4446,3740.862,3751.2585,66.4972,1.7727,26974855.0,24430299.4028
000922.CSI,20160429,3751.2585,3744.9296,3770.4515,3739.9275,3757.6162,-6.3577,-0.1692,17144238.0,16081738.1662
000922.CSI,20160428,3757.6162,3765.1583,3772.433,3720.1175,3764.9831,-7.3669,-0.1957,19154383.0,17252972.2163
000922.CSI,20160427,3764.9831,3780.6872,3791.3711,3759.4405,3778.8327,-13.8496,-0.3665,15656752.0,15333335.9797
000922.CSI,20160426,3778.8327,3756.0891,3780.0827,3743.5455,3758.9738,19.8589,0.5283,15002689.0,14168899.371
000922.CSI,20160425,3758.9738,3742.8297,3761.0846,3717.5725,3755.8697,3.1041,0.0826,17246265.0,16495525.7472
000922.CSI,20160422,3755.8697,3716.2118,3756.0469,3711.687,3736.3605,19.5092,0.5221,18257486.0,17080497.6877
000922.CSI,20160421,3736.3605,3735.8812,3778.5054,3727.0703,3754.1269,-17.7664,-0.4732,25119761.0,22683569.2878
000922.CSI,20160420,3754.1269,3850.4638,3855.7772,3677.8456,3840.9505,-86.8236,-2.2605,42894578.0,34852187.3016
000922.CSI,20160419,3840.9505,3846.6957,3855.7206,3818.4732,3831.4808,9.4697,0.2472,18682647.0,16893581.3949
000922.CSI,20160418,3831.4808,3856.2939,3856.2939,3813.6411,3872.146,-40.6652,-1.0502,25231484.0,22228887.5043
000922.CSI,20160415,3872.146,3885.3103,3887.4566,3860.2169,3882.5511,-10.4051,-0.268,24416856.0,21533430.8542
000922.CSI,20160414,3882.5511,3884.6968,3894.0563,3854.2787,3868.9852,13.5659,0.3506,23375036.0,20489863.5298
000922.CSI,20160413,3868.9852,3836.2479,3904.1445,3836.2479,3816.3921,52.5931,1.3781,45629780.0,38132255.9331
000922.CSI,20160412,3816.3921,3829.0164,3831.9057,3793.4471,3831.9801,-15.588,-0.4068,22096254.0,19281980.1207
000922.CSI,20160411,3831.9801,3797.1996,3845.6477,3797.1996,3774.2975,57.6826,1.5283,30909645.0,27333130.8433
000922.CSI,20160408,3774.2975,3778.4429,3787.8998,3747.3477,3800.1148,-25.8173,-0.6794,24740553.0,21226781.3712
000922.CSI,20160407,3800.1148,3865.0124,3870.1594,3798.2237,3856.4928,-56.378,-1.4619,29997450.0,26585231.898
000922.CSI,20160406,3856.4928,3848.6408,3866.8744,3828.6375,3857.5427,-1.0499,-0.0272,31831015.0,26950509.3528
000922.CSI,20160405,3857.5427,3788.4743,3861.628,3786.3774,3796.7986,60.7441,1.5999,39180671.0,32275740.5908
000922.CSI,20160401,3796.7986,3784.524,3796.7986,3732.8437,3793.3082,3.4904,0.092,34128587.0,26560911.1131
000922.CSI,20160331,3793.3082,3801.8808,3809.1652,3777.5469,3789.7106,3.5976,0.0949,32104163.0,26619258.2333
000922.CSI,20160330,3789.7106,3729.0093,3789.7106,3729.0093,3702.018,87.6926,2.3688,35686378.0,28381715.4004
000922.CSI,20160329,3702.018,3740.5108,3746.2495,3683.8241,3742.0392,-40.0212,-1.0695,24627708.0,20908024.2252
000922.CSI,20160328,3742.0392,3766.4049,3797.9753,3731.8775,3755.7085,-13.6693,-0.364,26768067.0,24512069.0078
000922.CSI,20160325,3755.7085,3724.9949,3762.5339,3724.684,3727.639,28.0695,0.753,19606445.0,17840677.219
000922.CSI,20160324,3727.639,3759.6888,3772.1143,3727.639,3780.2305,-52.5915,-1.3912,28700135.0,25149746.5607
000922.CSI,20160323,3780.2305,3773.4999,3794.8878,3754.8415,3782.1387,-1.9082,-0.0505,26084665.0,22795229.144
000922.CSI,20160322,3782.1387,3778.0807,3802.9285,3761.4798,3797.9787,-15.84,-0.4171,35938776.0,31272195.1394
000922.CSI,20160321,3797.9787,3760.8158,3808.7046,3753.6636,3738.7114,59.2673,1.5852,59198954.0,47409453.8732
000922.CSI,20160318,3738.7114,3689.2422,3754.414,3684.041,3681.2301,57.4813,1.5615,53997770.0,43086950.2268
000922.CSI,20160317,3681.2301,3641.5447,3699.0884,3621.803,3636.6122,44.6179,1.2269,34918775.0,29759612.5392
000922.CSI,20160316,3636.6122,3620.6518,3649.1674,3620.6226,3626.7275,9.8847,0.2726,51135734.0,39627952.1733
000922.CSI,20160315,3626.7275,3614.9761,3628.637,3574.7049,3621.3684,5.3591,0.148,30708272.0,24087615.7476
000922.CSI,20160314,3621.3684,3583.6699,3664.105,3583.5257,3558.5359,62.8325,1.7657,31242511.0,25741306.2852
000922.CSI,20160311,3558.5359,3532.4164,3565.755,3515.8276,3559.5883,-1.0524,-0.0296,22551157.0,18714715.0831
000922.CSI,20160310,3559.5883,3598.3565,3623.1106,3558.0598,3610.1428,-50.5545,-1.4003,21465515.0,17343515.5648
000922.CSI,20160309,3610.1428,3596.6697,3614.8671,3561.2974,3664.4867,-54.3439,-1.483,35159698.0,26792431.5926
000922.CSI,20160308,3664.4867,3669.6107,3670.8405,3558.9884,3667.6009,-3.1142,-0.0849,36675957.0,28361604.5232
000922.CSI,20160307,3667.6009,3649.6428,3684.61,3634.0543,3629.4775,38.1234,1.0504,35536910.0,28264986.0612
000922.CSI,20160304,3629.4775,3609.162,3646.9954,3566.7821,3622.6747,6.8028,0.1878,75967031.0,55979377.8053
000922.CSI,20160303,3622.6747,3615.0146,3652.6701,3608.4912,3618.9296,3.7451,0.1035,45480611.0,36554661.7447
000922.CSI,20160302,3618.9296,3466.083,3621.2112,3465.404,3462.3027,156.6269,4.5238,48023773.0,36850944.7556
000922.CSI,20160301,3462.3027,3400.8344,3473.829,3379.7002,3395.0201,67.2826,1.9818,28762455.0,22319991.746
000922.CSI,20160229,3395.0201,3475.5078,3478.5194,3338.0345,3483.4628,-88.4427,-2.5389,37892151.0,27027306.8566
000922.CSI,20160226,3483.4628,3478.1717,3501.424,3423.4508,3447.1833,36.2795,1.0524,28613829.0,21873465.8235
000922.CSI,20160225,3447.1833,3668.3,3668.3,3427.561,3675.6678,-228.4845,-6.2161,43832314.0,33010538.942
000922.CSI,20160224,3675.6678,3629.8415,3675.6678,3608.8307,3649.6998,25.968,0.7115,29288385.0,22939015.8727
000922.CSI,20160223,3649.6998,3678.9201,3681.7098,3614.0952,3675.1659,-25.4661,-0.6929,26481187.0,20929193.7857
000922.CSI,20160222,3675.1659,3631.8099,3680.9079,3625.3186,3594.1985,80.9674,2.2527,35359667.0,27108710.545
000922.CSI,20160219,3594.1985,3585.6133,3610.4651,3574.1252,3593.3513,0.8472,0.0236,21414957.0,17207017.5587
000922.CSI,20160218,3593.3513,3610.0464,3626.5545,3585.1421,3592.9242,0.4271,0.0119,30472552.0,24158677.7784
000922.CSI,20160217,3592.9242,3550.2342,3594.5322,3544.0581,3556.8727,36.0515,1.0136,30500138.0,23614596.8313
000922.CSI,20160216,3556.8727,3467.474,3561.7846,3467.2285,3453.8921,102.9806,2.9816,27599956.0,20838591.6695
000922.CSI,20160215,3453.8921,3381.9876,3468.9781,3377.7466,3476.3165,-22.4244,-0.6451,18784178.0,15278081.8951
000922.CSI,20160205,3476.3165,3490.9223,3501.2068,3471.8424,3487.7715,-11.455,-0.3284,18997296.0,15888436.7309
000922.CSI,20160204,3487.7715,3456.0937,3504.1852,3456.0937,3447.9394,39.8321,1.1552,23193529.0,19136493.952
000922.CSI,20160203,3447.9394,3426.3713,3457.5035,3400.4913,3461.0203,-13.0809,-0.3779,20913016.0,16731393.0069
000922.CSI,20160202,3461.0203,3390.3288,3467.932,3390.3288,3388.8768,72.1435,2.1288,23785160.0,18965832.1436
000922.CSI,20160201,3388.8768,3423.9428,3438.9605,3349.8851,3430.8689,-41.9921,-1.2239,24538400.0,18837542.8777
000922.CSI,20160129,3430.8689,3328.2639,3453.2903,3328.2639,3330.7106,100.1583,3.0071,32327557.0,24151705.3881
000922.CSI,20160128,3330.7106,3390.4282,3427.1404,3321.2099,3419.9264,-89.2158,-2.6087,27261070.0,20515795.738
000922.CSI,20160127,3419.9264,3455.5178,3467.3913,3309.8793,3437.7715,-17.8451,-0.5191,36840714.0,27823748.2241
000922.CSI,20160126,3437.7715,3636.0862,3639.3079,3434.6321,3665.4449,-227.6734,-6.2113,34746114.0,26986116.8332
000922.CSI,20160125,3665.4449,3659.9535,3687.7946,3638.0318,3640.385,25.0599,0.6884,21197411.0,17429152.6279
000922.CSI,20160122,3640.385,3636.7882,3659.5945,3570.1125,3600.0651,40.3199,1.12,24294405.0,20547942.6078
000922.CSI,20160121,3600.0651,3656.1511,3731.34,3600.0651,3707.2123,-107.1472,-2.8902,30937795.0,25682305.137
000922.CSI,20160120,3707.2123,3735.895,3755.0005,3669.7301,3752.6443,-45.432,-1.2107,36771254.0,30998023.6509
000922.CSI,20160119,3752.6443,3637.3628,3757.1341,3628.6989,3637.35,115.2943,3.1697,33240714.0,27692351.1753
000922.CSI,20160118,3637.35,3569.0818,3677.4303,3565.1634,3627.1096,10.2404,0.2823,26821993.0,21416688.5275
000922.CSI,20160115,3627.1096,3739.7324,3757.8766,3607.8008,3763.7076,-136.598,-3.6293,32970121.0,26924162.8041
000922.CSI,20160114,3763.7076,3607.3132,3770.7706,3598.033,3686.2394,77.4682,2.1016,36306842.0,29950231.5748
000922.CSI,20160113,3686.2394,3779.8595,3816.9027,3686.2394,3757.7889,-71.5495,-1.904,29181639.0,25708038.932
000922.CSI,20160112,3757.7889,3769.8001,3797.0279,3717.7043,3758.7958,-1.0069,-0.0268,32076219.0,28104880.6992
000922.CSI,20160111,3758.7958,3918.7278,3944.003,3758.7958,3984.1564,-225.3606,-5.6564,46279238.0,40412855.2823
000922.CSI,20160108,3984.1564,3992.286,4039.9356,3833.2642,3889.6146,94.5418,2.4306,49404056.0,44443770.9102
000922.CSI,20160107,3889.6146,4119.5033,4119.6254,3881.9847,4181.0933,-291.4787,-6.9714,10973584.0,9807151.8972
000922.CSI,20160106,4181.0933,4084.1645,4181.1438,4083.042,4079.8507,101.2426,2.4815,38887769.0,35304694.2345
000922.CSI,20160105,4079.8507,3966.6041,4125.9968,3952.488,4065.4846,14.3661,0.3534,45759160.0,42040024.9298
000922.CSI,20160104,4065.4846,4368.2976,4370.9642,4065.0715,4375.1691,-309.6845,-7.0782,33831107.0,31699062.4691
000922.CSI,20151231,4375.1691,4416.6418,4429.2989,4374.5824,4417.8662,-42.6971,-0.9665,31617818.0,33464878.3845
000922.CSI,20151230,4417.8662,4413.7778,4418.5504,4374.7168,4410.3291,7.5371,0.1709,29480951.0,32572810.4529
000922.CSI,20151229,4410.3291,4364.5532,4410.8154,4349.1264,4367.5345,42.7946,0.9798,30444265.0,32830612.3859
000922.CSI,20151228,4367.5345,4489.2816,4495.1099,4367.5345,4478.3448,-110.8103,-2.4744,46328518.0,47753903.0445
000922.CSI,20151225,4478.3448,4462.5338,4483.2304,4445.3386,4457.3083,21.0365,0.472,29485290.0,32076159.2913
000922.CSI,20151224,4457.3083,4502.9185,4504.7458,4409.7191,4513.8393,-56.531,-1.2524,43734550.0,44985339.2302
000922.CSI,20151223,4513.8393,4520.9214,4564.9084,4503.6265,4520.0124,-6.1731,-0.1366,61919036.0,66422607.3819
000922.CSI,20151222,4520.0124,4509.8724,4529.1223,4479.1486,4497.0,23.0124,0.5117,51005143.0,57850072.0253
000922.CSI,20151221,4497.0,4366.5056,4507.8983,4362.6833,4377.7421,119.2579,2.7242,74480470.0,78639407.3689
000922.CSI,20151218,4377.7421,4374.7445,4426.5799,4364.5662,4380.8098,-3.0677,-0.07,56386347.0,60819701.5189
000922.CSI,20151217,4380.8098,4306.9541,4381.1235,4306.4801,4287.3034,93.5064,2.181,49104669.0,52574302.8285
000922.CSI,20151216,4287.3034,4304.7568,4317.218,4278.6571,4295.2202,-7.9168,-0.1843,31034696.0,32424732.8984
000922.CSI,20151215,4295.2202,4296.4155,4322.4966,4273.0789,4299.7119,-4.4917,-0.1045,35597229.0,38265295.3446
000922.CSI,20151214,4299.7119,4172.5014,4302.0876,4166.7267,4205.2266,94.4853,2.2469,40922901.0,41498395.9829
000922.CSI,20151211,4205.2266,4232.8213,4238.544,4179.717,4245.6958,-40.4692,-0.9532,34349886.0,36898906.7218
000922.CSI,20151210,4245.6958,4261.0203,4294.6138,4235.5292,4253.7468,-8.051,-0.1893,36499973.0,40877887.8991
000922.CSI,20151209,4253.7468,4213.5798,4264.4883,4210.0849,4232.0564,21.6904,0.5125,33295066.0,36835704.9106
000922.CSI,20151208,4232.0564,4300.5569,4300.5569,4226.5415,4323.6666,-91.6102,-2.1188,42181506.0,44704829.4063
000922.CSI,20151207,4323.6666,4308.2755,4333.5084,4285.9079,4305.0629,18.6037,0.4321,37876508.0,41027047.0579
000922.CSI,20151204,4305.0629,4345.3156,4353.7012,4279.0111,4369.7351,-64.6722,-1.48,55030079.0,54321666.994
000922.CSI,20151203,4369.7351,4308.3751,4377.5289,4299.7126,4312.5275,57.2076,1.3265,85921248.0,73871576.1876
000922.CSI,20151202,4312.5275,4214.7404,4312.7799,4169.4486,4237.5097,75.0178,1.7703,84444612.0,82090658.4103
000922.CSI,20151201,4237.5097,4229.6319,4280.3316,4194.8691,4232.3512,5.1585,0.1219,46650509.0,48156639.8046
000922.CSI,20151130,4232.3512,4182.1369,4236.0105,4040.7342,4183.0354,49.3158,1.1789,56544072.0,56058688.6355
000922.CSI,20151127,4183.0354,4383.6548,4404.9437,4144.4944,4409.698,-226.6626,-5.1401,62282637.0,68158767.8355
000922.CSI,20151126,4409.698,4454.7011,4463.4419,4402.2354,4432.5673,-22.8693,-0.5159,48087234.0,55729299.2462
000922.CSI,20151125,4432.5673,4364.6466,4433.5001,4359.4559,4371.3503,61.217,1.4004,46214317.0,54123610.9754
000922.CSI,20151124,4371.3503,4353.4087,4371.56,4293.9569,4356.6781,14.6722,0.3368,42773064.0,47073467.8591
000922.CSI,20151123,4356.6781,4371.6773,4414.0642,4341.1248,4360.7775,-4.0994,-0.094,53085938.0,60972517.1933
000922.CSI,20151120,4360.7775,4338.9151,4374.8094,4328.4337,4332.19,28.5875,0.6599,51306243.0,55957855.8222
000922.CSI,20151119,4332.19,4267.9214,4332.9659,4249.7734,4259.6047,72.5853,1.704,46287013.0,50330884.868
000922.CSI,20151118,4259.6047,4305.5888,4321.8893,4251.2573,4308.7457,-49.141,-1.1405,63054364.0,69327577.0813
000922.CSI,20151117,4308.7457,4348.5427,4399.8195,4299.1787,4311.1164,-2.3707,-0.055,73361338.0,83355135.5691
000922.CSI,20151116,4311.1164,4186.8028,4311.3147,4180.5148,4256.1757,54.9407,1.2908,51794453.0,58183181.8571
000922.CSI,20151113,4256.1757,4261.5743,4305.7803,4218.5657,4297.3956,-41.2199,-0.9592,61373038.0,69831318.9493
000922.CSI,20151112,4297.3956,4331.9929,4336.1813,4258.1253,4331.5646,-34.169,-0.7888,58259655.0,63853095.1597
000922.CSI,20151111,4331.5646,4313.7671,4334.7179,4281.3652,4309.279,22.2856,0.5172,66592508.0,69731411.4671
000922.CSI,20151110,4309.279,4275.3543,4336.8593,4263.5962,4303.9654,5.3136,0.1235,88430798.0,92264025.9227
000922.CSI,20151109,4303.9654,4241.2638,4333.8835,4240.1953,4244.1449,59.8205,1.4095,128186653.0,128968206.0191
000922.CSI,20151106,4244.1449,4154.023,4250.1632,4153.1346,4165.0388,79.1061,1.8993,95236848.0,99900398.029
000922.CSI,20151105,4165.0388,4105.2544,4222.8493,4094.7693,4101.7807,63.2581,1.5422,136452197.0,136250028.1425
000922.CSI,20151104,4101.7807,3938.248,4102.1173,3938.248,3923.9387,177.842,4.5322,64303691.0,64412337.0651
000922.CSI,20151103,3923.9387,3942.625,3964.464,3902.3368,3942.0183,-18.0796,-0.4586,30939349.0,30721950.8445
000922.CSI,20151102,3942.0183,3945.8518,4026.6374,3934.2114,4016.3341,-74.3158,-1.8503,36777792.0,37738549.9369
000922.CSI,20151030,4016.3341,4026.0972,4061.4841,3977.9628,4035.4675,-19.1334,-0.4741,38856203.0,41533455.3209
000922.CSI,20151029,4035.4675,4035.1263,4068.0267,3997.5075,4020.2221,15.2454,0.3792,35609534.0,36650604.2268
000922.CSI,20151028,4020.2221,4070.8156,4116.7361,4006.1172,4088.0562,-67.8341,-1.6593,46266310.0,48591960.0471
000922.CSI,20151027,4088.0562,4066.2305,4103.6912,3949.7827,4074.1618,13.8944,0.341,46539574.0,48594982.6234
000922.CSI,20151026,4074.1618,4099.6975,4110.4786,4040.1747,4047.3096,26.8522,0.6635,57410255.0,60078186.8725
000922.CSI,20151023,4047.3096,3985.9574,4064.4853,3969.2993,3969.1292,78.1804,1.9697,53669954.0,53684765.3478
000922.CSI,20151022,3969.1292,3868.2003,3978.4285,3851.5951,3891.0417,78.0875,2.0069,56054901.0,52921943.7781
000922.CSI,20151021,3891.0417,4084.9941,4105.8576,3851.4638,4086.9801,-195.9384,-4.7942,99351379.0,91270594.3208
000922.CSI,20151020,4086.9801,4035.9773,4086.9801,4001.4723,4042.3811,44.599,1.1033,54378486.0,57931688.4085
000922.CSI,20151019,4042.3811,4031.2623,4079.932,3997.6294,4008.5262,33.8549,0.8446,62141872.0,64874507.3708
000922.CSI,20151016,4008.5262,3972.7503,4009.1805,3932.5777,3939.1841,69.3421,1.7603,62015666.0,62598454.4804
000922.CSI,20151015,3939.1841,3816.3213,3939.2583,3815.9441,3830.1425,109.0416,2.8469,46451154.0,46860176.8907
000922.CSI,20151014,3830.1425,3870.7245,3898.0346,3828.2751,3896.9126,-66.7701,-1.7134,42808691.0,44450666.5169
000922.CSI,20151013,3896.9126,3848.9065,3903.665,3834.2513,3882.2092,14.7034,0.3787,43335886.0,44102045.1199
000922.CSI,20151012,3882.2092,3758.5588,3908.7335,3756.0833,3742.8922,139.317,3.7222,67851854.0,66909587.5961
000922.CSI,20151009,3742.8922,3707.0227,3754.0466,3694.4675,3708.4928,34.3994,0.9276,36946223.0,35768494.7463
000922.CSI,20151008,3708.4928,3705.7932,3735.7627,3677.1926,3591.5272,116.9656,3.2567,41253432.0,43503039.0145
000922.CSI,20150930,3591.5272,3605.4456,3621.597,3577.9115,3575.9972,15.53,0.4343,26048870.0,28102870.4208
000922.CSI,20150929,3575.9972,3587.3029,3615.098,3558.3162,3638.0519,-62.0547,-1.7057,28597338.0,27559460.6201
000922.CSI,20150928,3638.0519,3597.5873,3638.3806,3548.6347,3595.0436,43.0083,1.1963,23674405.0,22910105.6019
000922.CSI,20150925,3595.0436,3651.9684,3676.3444,3564.7344,3663.5736,-68.53,-1.8706,37953836.0,35215475.5397
000922.CSI,20150924,3663.5736,3639.8734,3671.0876,3619.9839,3625.7167,37.8569,1.0441,31005553.0,30139666.2944
000922.CSI,20150923,3625.7167,3637.2016,3681.2497,3599.1988,3695.3891,-69.6724,-1.8854,38395784.0,39078276.3281
000922.CSI,20150922,3695.3891,3678.0476,3727.7684,3659.9818,3668.0854,27.3037,0.7444,42443027.0,43657130.6056
000922.CSI,20150921,3668.0854,3554.0198,3668.9297,3537.4821,3588.5575,79.5279,2.2162,38900075.0,38665069.352
000922.CSI,20150918,3588.5575,3583.9558,3612.5433,3546.8907,3556.7365,31.821,0.8947,38154496.0,37735906.9394
000922.CSI,20150917,3556.7365,3623.231,3709.6844,3556.5148,3641.6793,-84.9428,-2.3325,58126522.0,57106809.1728
000922.CSI,20150916,3641.6793,3436.1853,3673.6586,3421.3468,3432.0722,209.6071,6.1073,56320647.0,50703351.2802
000922.CSI,20150915,3432.0722,3511.6255,3564.9921,3417.4441,3603.1884,-171.1162,-4.749,56053977.0,47825706.469
000922.CSI,20150914,3603.1884,3795.9168,3807.0654,3539.8071,3767.508,-164.3196,-4.3615,75463967.0,70386021.405
000922.CSI,20150911,3767.508,3753.5882,3796.2818,3714.6849,3758.2169,9.2911,0.2472,38038826.0,39048752.3404
000922.CSI,20150910,3758.2169,3760.7004,3821.3152,3743.7065,3818.8343,-60.6174,-1.5873,51886933.0,50347555.4576
000922.CSI,20150909,3818.8343,3743.954,3849.612,3722.5064,3731.1493,87.685,2.3501,76632532.0,73467600.9732
000922.CSI,20150908,3731.1493,3581.9014,3737.4989,3524.6262,3608.9193,122.23,3.3869,60138839.0,53292210.587
000922.CSI,20150907,3608.9193,3684.6452,3787.2812,3585.871,3685.1469,-76.2276,-2.0685,83526582.0,72029692.6067
000922.CSI,20150902,3685.1469,3506.4045,3721.271,3492.9218,3680.8177,4.3292,0.1176,159827035.0,123599924.0462
000922.CSI,20150901,3680.8177,3713.0101,3713.0101,3571.68,3784.07,-103.2523,-2.7286,150060246.0,120235038.2711
000922.CSI,20150831,3784.07,3809.7893,3809.7893,3695.1882,3851.7739,-67.7039,-1.7577,105258741.0,95977863.453
000922.CSI,20150828,3851.7739,3711.6304,3862.369,3674.9361,3649.974,201.7999,5.5288,104398359.0,93653611.165
000922.CSI,20150827,3649.974,3529.1256,3650.7537,3453.5853,3476.7088,173.2652,4.9836,103344188.0,86252602.7924
000922.CSI,20150826,3476.7088,3538.654,3667.7027,3385.1078,3520.7509,-44.0421,-1.2509,114884961.0,91703936.6079
000922.CSI,20150825,3520.7509,3558.5908,3699.6701,3504.3171,3836.1112,-315.3603,-8.2208,111390159.0,90303967.5958
000922.CSI,20150824,3836.1112,4029.022,4039.6378,3827.4948,4199.1541,-363.0429,-8.6456,106873986.0,88131604.8052
000922.CSI,20150821,4199.1541,4369.1781,4416.9205,4185.2463,4438.6548,-239.5007,-5.3958,74222682.0,70430104.312
000922.CSI,20150820,4438.6548,4547.3608,4595.4771,4438.6548,4601.6353,-162.9805,-3.5418,65524178.0,66305788.2098
000922.CSI,20150819,4601.6353,4400.3126,4627.5616,4288.0667,4527.8544,73.7809,1.6295,90281274.0,88302281.6858
000922.CSI,20150818,4527.8544,4887.7854,4894.2927,4514.421,4882.9023,-355.0479,-7.2712,105884708.0,111492071.8823
000922.CSI,20150817,4882.9023,4799.7562,4882.9155,4761.733,4811.5246,71.3777,1.4835,78110984.0,84851575.6051
000922.CSI,20150814,4811.5246,4842.1851,4892.8054,4797.7366,4826.2806,-14.756,-0.3057,79669816.0,90652997.784
000922.CSI,20150813,4826.2806,4688.1276,4826.3777,4672.1935,4710.5948,115.6858,2.4559,76891096.0,84942950.1168
000922.CSI,20150812,4710.5948,4717.4931,4785.9778,4707.0501,4781.9742,-71.3794,-1.4927,76325609.0,85588915.2542
000922.CSI,20150811,4781.9742,4760.0325,4846.7843,4738.1734,4767.9768,13.9974,0.2936,101297465.0,111486823.8517
000922.CSI,20150810,4767.9768,4588.67,4790.2439,4575.2632,4556.8313,211.1455,4.6336,109378497.0,116110133.04
000922.CSI,20150807,4556.8313,4485.8317,4556.8313,4474.4212,4456.464,100.3673,2.2522,55286450.0,60321674.041
000922.CSI,20150806,4456.464,4410.9086,4520.8367,4391.2333,4485.8266,-29.3626,-0.6546,46200005.0,51034826.924
000922.CSI,20150805,4485.8266,4518.6203,4580.6662,4456.229,4534.8199,-48.9933,-1.0804,64785231.0,68119828.322
000922.CSI,20150804,4534.8199,4368.2517,4535.2926,4329.1709,4374.0421,160.7778,3.6757,72720158.0,74329273.535
000922.CSI,20150803,4374.0421,4292.8572,4375.2992,4250.2253,4346.6303,27.4118,0.6306,91342823.0,86545811.832
