ts_code,trade_date,close,open,high,low,pre_close,change,pct_chg,vol,amount
H00300.CSI,20260821,6922.1855,,,,6879.6508,42.5347,0.6183,,
H00300.CSI,20260820,6879.6508,,,,6873.4426,6.2082,0.0903,,
H00300.CSI,20260819,6873.4426,,,,7077.8781,-204.4355,-2.8884,,
H00300.CSI,20260818,7077.8781,,,,7100.7701,-22.892,-0.3224,,
H00300.CSI,20260817,7100.7701,,,,6988.1173,112.6528,1.6121,,
H00300.CSI,20260814,6988.1173,,,,6984.8466,3.2707,0.0468,,
H00300.CSI,20260813,6984.8466,,,,7023.9683,-39.1217,-0.557,,
H00300.CSI,20260812,7023.9683,,,,6983.3485,40.6198,0.5817,,
H00300.CSI,20260811,6983.3485,,,,7039.7211,-56.3726,-0.8008,,
H00300.CSI,20260810,7039.7211,,,,7027.3843,12.3368,0.1756,,
H00300.CSI,20260807,7027.3843,,,,6961.2001,66.1842,0.9508,,
H00300.CSI,20260806,6961.2001,,,,6971.4445,-10.2444,-0.1469,,
H00300.CSI,20260805,6971.4445,,,,6885.8017,85.6428,1.2438,,
H00300.CSI,20260804,6885.8017,,,,6799.369,86.4327,1.2712,,
H00300.CSI,20260803,6799.369,,,,6865.999,-66.63,-0.9704,,
H00300.CSI,20260731,6865.999,,,,6806.0404,59.9586,0.881,,
H00300.CSI,20260730,6806.0404,,,,6880.4002,-74.3598,-1.0807,,
H00300.CSI,20260729,6880.4002,,,,6833.9001,46.5001,0.6804,,
H00300.CSI,20260728,6833.9001,,,,7031.8244,-197.9243,-2.8147,,
H00300.CSI,20260727,7031.8244,,,,6952.0875,79.7369,1.1469,,
H00300.CSI,20260724,6952.0875,,,,7069.2439,-117.1564,-1.6573,,
H00300.CSI,20260723,7069.2439,,,,7052.9728,16.2711,0.2307,,
H00300.CSI,20260722,7052.9728,,,,7085.4308,-32.458,-0.4581,,
H00300.CSI,20260721,7085.4308,,,,6874.7176,210.7132,3.065,,
H00300.CSI,20260720,6874.7176,,,,6770.283,104.4346,1.5425,,
H00300.CSI,20260717,6770.283,,,,7018.5089,-248.2259,-3.5367,,
H00300.CSI,20260716,7018.5089,,,,7144.603,-126.0941,-1.7649,,
H00300.CSI,20260715,7144.603,,,,7158.6754,-14.0724,-0.1966,,
H00300.CSI,20260714,7158.6754,,,,7007.5165,151.1589,2.1571,,
H00300.CSI,20260713,7007.5165,,,,7132.3472,-124.8307,-1.7502,,
H00300.CSI,20260710,7132.3472,,,,7266.3783,-134.0311,-1.8445,,
H00300.CSI,20260709,7266.3783,,,,7085.3073,181.071,2.5556,,
H00300.CSI,20260708,7085.3073,,,,7139.9151,-54.6078,-0.7648,,
H00300.CSI,20260707,7139.9151,,,,7213.9638,-74.0487,-1.0265,,
H00300.CSI,20260706,7213.9638,,,,7213.4471,0.5167,0.0072,,
H00300.CSI,20260703,7213.4471,,,,7167.8574,45.5897,0.636,,
H00300.CSI,20260702,7167.8574,,,,7385.594,-217.7366,-2.9481,,
H00300.CSI,20260701,7385.594,,,,7415.7837,-30.1897,-0.4071,,
H00300.CSI,20260630,7415.7837,,,,7336.646,79.1377,1.0787,,
H00300.CSI,20260629,7336.646,,,,7244.1063,92.5397,1.2774,,
H00300.CSI,20260626,7244.1063,,,,7459.487,-215.3807,-2.8873,,
H00300.CSI,20260625,7459.487,,,,7344.5187,114.9683,1.5654,,
H00300.CSI,20260624,7344.5187,,,,7309.0668,35.4519,0.485,,
H00300.CSI,20260623,7309.0668,,,,7517.3503,-208.2835,-2.7707,,
H00300.CSI,20260622,7517.3503,,,,7341.6628,175.6875,2.393,,
H00300.CSI,20260618,7341.6628,,,,7325.5609,16.1019,0.2198,,
H00300.CSI,20260617,7325.5609,,,,7254.7299,70.831,0.9763,,
H00300.CSI,20260616,7254.7299,,,,7265.6362,-10.9063,-0.1501,,
H00300.CSI,20260615,7265.6362,,,,7094.654,170.9822,2.41,,
H00300.CSI,20260612,7094.654,,,,7009.1299,85.5241,1.2202,,
H00300.CSI,20260611,7009.1299,,,,7046.9332,-37.8033,-0.5365,,
H00300.CSI,20260610,7046.9332,,,,7118.7103,-71.7771,-1.0083,,
H00300.CSI,20260609,7118.7103,,,,6987.7922,130.9181,1.8735,,
H00300.CSI,20260608,6987.7922,,,,7140.2038,-152.4116,-2.1346,,
H00300.CSI,20260605,7140.2038,,,,7267.6447,-127.4409,-1.7535,,
H00300.CSI,20260604,7267.6447,,,,7317.4559,-49.8112,-0.6807,,
H00300.CSI,20260603,7317.4559,,,,7281.3493,36.1066,0.4959,,
H00300.CSI,20260602,7281.3493,,,,7177.0223,104.327,1.4536,,
H00300.CSI,20260601,7177.0223,,,,7247.6968,-70.6745,-0.9751,,
H00300.CSI,20260529,7247.6968,,,,7278.6698,-30.973,-0.4255,,
H00300.CSI,20260528,7278.6698,,,,7269.0694,9.6004,0.1321,,
H00300.CSI,20260527,7269.0694,,,,7325.6442,-56.5748,-0.7723,,
H00300.CSI,20260526,7325.6442,,,,7286.1171,39.5271,0.5425,,
H00300.CSI,20260525,7286.1171,,,,7172.7519,113.3652,1.5805,,
H00300.CSI,20260522,7172.7519,,,,7080.4846,92.2673,1.3031,,
H00300.CSI,20260521,7080.4846,,,,7180.4075,-99.9229,-1.3916,,
H00300.CSI,20260520,7180.4075,,,,7182.6181,-2.2106,-0.0308,,
H00300.CSI,20260519,7182.6181,,,,7153.466,29.1521,0.4075,,
H00300.CSI,20260518,7153.466,,,,7191.9059,-38.4399,-0.5345,,
H00300.CSI,20260515,7191.9059,,,,7272.5355,-80.6296,-1.1087,,
H00300.CSI,20260514,7272.5355,,,,7396.3818,-123.8463,-1.6744,,
H00300.CSI,20260513,7396.3818,,,,7318.9323,77.4495,1.0582,,
H00300.CSI,20260512,7318.9323,,,,7324.2672,-5.3349,-0.0728,,
H00300.CSI,20260511,7324.2672,,,,7205.7449,118.5223,1.6448,,
H00300.CSI,20260508,7205.7449,,,,7247.7501,-42.0052,-0.5796,,
H00300.CSI,20260507,7247.7501,,,,7213.1175,34.6326,0.4801,,
H00300.CSI,20260506,7213.1175,,,,7109.905,103.2125,1.4517,,
H00300.CSI,20260430,7109.905,,,,7113.7181,-3.8131,-0.0536,,
H00300.CSI,20260429,7113.7181,,,,7036.2401,77.478,1.1011,,
H00300.CSI,20260428,7036.2401,,,,7054.7855,-18.5454,-0.2629,,
H00300.CSI,20260427,7054.7855,,,,7052.4521,2.3334,0.0331,,
H00300.CSI,20260424,7052.4521,,,,7077.3119,-24.8598,-0.3513,,
H00300.CSI,20260423,7077.3119,,,,7096.9776,-19.6657,-0.2771,,
H00300.CSI,20260422,7096.9776,,,,7045.2592,51.7184,0.7341,,
H00300.CSI,20260421,7045.2592,,,,7029.3208,15.9384,0.2267,,
H00300.CSI,20260420,7029.3208,,,,6986.8114,42.5094,0.6084,,
H00300.CSI,20260417,6986.8114,,,,6998.2187,-11.4073,-0.163,,
H00300.CSI,20260416,6998.2187,,,,6922.3337,75.885,1.0962,,
H00300.CSI,20260415,6922.3337,,,,6945.7004,-23.3667,-0.3364,,
H00300.CSI,20260414,6945.7004,,,,6864.2523,81.4481,1.1866,,
H00300.CSI,20260413,6864.2523,,,,6850.0853,14.167,0.2068,,
H00300.CSI,20260410,6850.0853,,,,6745.8648,104.2205,1.545,,
H00300.CSI,20260409,6745.8648,,,,6789.1985,-43.3337,-0.6383,,
H00300.CSI,20260408,6789.1985,,,,6560.2996,228.8989,3.4892,,
H00300.CSI,20260407,6560.2996,,,,6560.4548,-0.1552,-0.0024,,
H00300.CSI,20260403,6560.4548,,,,6616.7777,-56.3229,-0.8512,,
H00300.CSI,20260402,6616.7777,,,,6686.4373,-69.6596,-1.0418,,
H00300.CSI,20260401,6686.4373,,,,6574.1353,112.302,1.7082,,
H00300.CSI,20260331,6574.1353,,,,6636.0359,-61.9006,-0.9328,,
H00300.CSI,20260330,6636.0359,,,,6651.7247,-15.6888,-0.2359,,
H00300.CSI,20260327,6651.7247,,,,6614.7394,36.9853,0.5591,,
H00300.CSI,20260326,6614.7394,,,,6703.277,-88.5376,-1.3208,,
H00300.CSI,20260325,6703.277,,,,6610.5852,92.6918,1.4022,,
H00300.CSI,20260324,6610.5852,,,,6526.7841,83.8011,1.284,,
H00300.CSI,20260323,6526.7841,,,,6746.935,-220.1509,-3.263,,
H00300.CSI,20260320,6746.935,,,,6770.9166,-23.9816,-0.3542,,
H00300.CSI,20260319,6770.9166,,,,6881.8355,-110.9189,-1.6118,,
H00300.CSI,20260318,6881.8355,,,,6850.9697,30.8658,0.4505,,
H00300.CSI,20260317,6850.9697,,,,6901.3755,-50.4058,-0.7304,,
H00300.CSI,20260316,6901.3755,,,,6897.8017,3.5738,0.0518,,
H00300.CSI,20260313,6897.8017,,,,6925.0141,-27.2124,-0.393,,
H00300.CSI,20260312,6925.0141,,,,6950.0336,-25.0195,-0.36,,
H00300.CSI,20260311,6950.0336,,,,6906.0987,43.9349,0.6362,,
H00300.CSI,20260310,6906.0987,,,,6818.4921,87.6066,1.2848,,
H00300.CSI,20260309,6818.4921,,,,6884.9476,-66.4555,-0.9652,,
H00300.CSI,20260306,6884.9476,,,,6866.1087,18.8389,0.2744,,
H00300.CSI,20260305,6866.1087,,,,6799.5298,66.5789,0.9792,,
H00300.CSI,20260304,6799.5298,,,,6878.2287,-78.6989,-1.1442,,
H00300.CSI,20260303,6878.2287,,,,6985.7368,-107.5081,-1.539,,
H00300.CSI,20260302,6985.7368,,,,6959.1127,26.6241,0.3826,,
H00300.CSI,20260227,6959.1127,,,,6983.0852,-23.9725,-0.3433,,
H00300.CSI,20260226,6983.0852,,,,6996.3986,-13.3134,-0.1903,,
H00300.CSI,20260225,6996.3986,,,,6954.5288,41.8698,0.6021,,
H00300.CSI,20260224,6954.5288,,,,6884.8904,69.6384,1.0115,,
H00300.CSI,20260213,6884.8904,,,,6972.3068,-87.4164,-1.2538,,
H00300.CSI,20260212,6972.3068,,,,6962.8819,9.4249,0.1354,,
H00300.CSI,20260211,6962.8819,,,,6978.2189,-15.337,-0.2198,,
H00300.CSI,20260210,6978.2189,,,,6970.3893,7.8296,0.1123,,
H00300.CSI,20260209,6970.3893,,,,6858.1631,112.2262,1.6364,,
H00300.CSI,20260206,6858.1631,,,,6895.0657,-36.9026,-0.5352,,
H00300.CSI,20260205,6895.0657,,,,6936.2634,-41.1977,-0.5939,,
H00300.CSI,20260204,6936.2634,,,,6879.2652,56.9982,0.8286,,
H00300.CSI,20260203,6879.2652,,,,6799.3621,79.9031,1.1752,,
H00300.CSI,20260202,6799.3621,,,,6947.5141,-148.152,-2.1324,,
H00300.CSI,20260130,6947.5141,,,,7017.3076,-69.7935,-0.9946,,
H00300.CSI,20260129,7017.3076,,,,6964.2584,53.0492,0.7617,,
H00300.CSI,20260128,6964.2584,,,,6946.1029,18.1555,0.2614,,
H00300.CSI,20260127,6946.1029,,,,6947.9807,-1.8778,-0.027,,
H00300.CSI,20260126,6947.9807,,,,6941.3863,6.5944,0.095,,
H00300.CSI,20260123,6941.3863,,,,6971.027,-29.6407,-0.4252,,
H00300.CSI,20260122,6971.027,,,,6970.0826,0.9444,0.0135,,
H00300.CSI,20260121,6970.0826,,,,6963.8977,6.1849,0.0888,,
H00300.CSI,20260120,6963.8977,,,,6986.8862,-22.9885,-0.329,,
H00300.CSI,20260119,6986.8862,,,,6983.0746,3.8116,0.0546,,
H00300.CSI,20260116,6983.0746,,,,7008.2002,-25.1256,-0.3585,,
H00300.CSI,20260115,7008.2002,,,,6994.0165,14.1837,0.2028,,
H00300.CSI,20260114,6994.0165,,,,7020.8809,-26.8644,-0.3826,,
H00300.CSI,20260113,7020.8809,,,,7063.3914,-42.5105,-0.6018,,
H00300.CSI,20260112,7063.3914,,,,7017.3105,46.0809,0.6567,,
H00300.CSI,20260109,7017.3105,,,,6985.5652,31.7453,0.4544,,
H00300.CSI,20260108,6985.5652,,,,7043.0316,-57.4664,-0.8159,,
H00300.CSI,20260107,7043.0316,,,,7063.6812,-20.6496,-0.2923,,
H00300.CSI,20260106,7063.6812,,,,6956.1222,107.559,1.5462,,
H00300.CSI,20260105,6956.1222,,,,6826.6195,129.5027,1.897,,
H00300.CSI,20251231,6826.6195,,,,6858.0877,-31.4682,-0.4588,,
H00300.CSI,20251230,6858.0877,,,,6840.5273,17.5604,0.2567,,
H00300.CSI,20251229,6840.5273,,,,6866.8442,-26.3169,-0.3832,,
H00300.CSI,20251226,6866.8442,,,,6845.1635,21.6807,0.3167,,
H00300.CSI,20251225,6845.1635,,,,6831.5114,13.6521,0.1998,,
H00300.CSI,20251224,6831.5114,,,,6811.767,19.7444,0.2899,,
H00300.CSI,20251223,6811.767,,,,6798.1152,13.6518,0.2008,,
H00300.CSI,20251222,6798.1152,,,,6734.0711,64.0441,0.951,,
H00300.CSI,20251219,6734.0711,,,,6707.3237,26.7474,0.3988,,
H00300.CSI,20251218,6707.3237,,,,6745.7774,-38.4537,-0.57,,
H00300.CSI,20251217,6745.7774,,,,6623.3943,122.3831,1.8477,,
H00300.CSI,20251216,6623.3943,,,,6703.5962,-80.2019,-1.1964,,
H00300.CSI,20251215,6703.5962,,,,6743.989,-40.3928,-0.5989,,
H00300.CSI,20251212,6743.989,,,,6700.7122,43.2768,0.6459,,
H00300.CSI,20251211,6700.7122,,,,6758.1848,-57.4726,-0.8504,,
H00300.CSI,20251210,6758.1848,,,,6767.5982,-9.4134,-0.1391,,
H00300.CSI,20251209,6767.5982,,,,6802.1327,-34.5345,-0.5077,,
H00300.CSI,20251208,6802.1327,,,,6747.3569,54.7758,0.8118,,
H00300.CSI,20251205,6747.3569,,,,6691.4735,55.8834,0.8351,,
H00300.CSI,20251204,6691.4735,,,,6668.6216,22.8519,0.3427,,
H00300.CSI,20251203,6668.6216,,,,6702.8931,-34.2715,-0.5113,,
H00300.CSI,20251202,6702.8931,,,,6735.494,-32.6009,-0.484,,
H00300.CSI,20251201,6735.494,,,,6662.1649,73.3291,1.1007,,
H00300.CSI,20251128,6662.1649,,,,6645.4112,16.7537,0.2521,,
H00300.CSI,20251127,6645.4112,,,,6648.6826,-3.2714,-0.0492,,
H00300.CSI,20251126,6648.6826,,,,6608.5368,40.1458,0.6075,,
H00300.CSI,20251125,6608.5368,,,,6546.0604,62.4764,0.9544,,
H00300.CSI,20251124,6546.0604,,,,6554.0422,-7.9818,-0.1218,,
H00300.CSI,20251121,6554.0422,,,,6717.6157,-163.5735,-2.435,,
H00300.CSI,20251120,6717.6157,,,,6750.9622,-33.3465,-0.494,,
H00300.CSI,20251119,6750.9622,,,,6721.389,29.5732,0.44,,
H00300.CSI,20251118,6721.389,,,,6764.1238,-42.7348,-0.6318,,
H00300.CSI,20251117,6764.1238,,,,6808.3127,-44.1889,-0.649,,
H00300.CSI,20251114,6808.3127,,,,6917.0223,-108.7096,-1.5716,,
H00300.CSI,20251113,6917.0223,,,,6834.3991,82.6232,1.2089,,
H00300.CSI,20251112,6834.3991,,,,6843.1784,-8.7793,-0.1283,,
H00300.CSI,20251111,6843.1784,,,,6906.2611,-63.0827,-0.9134,,
H00300.CSI,20251110,6906.2611,,,,6881.4555,24.8056,0.3605,,
H00300.CSI,20251107,6881.4555,,,,6902.6619,-21.2064,-0.3072,,
H00300.CSI,20251106,6902.6619,,,,6805.3796,97.2823,1.4295,,
H00300.CSI,20251105,6805.3796,,,,6792.6823,12.6973,0.1869,,
H00300.CSI,20251104,6792.6823,,,,6843.6027,-50.9204,-0.7441,,
H00300.CSI,20251103,6843.6027,,,,6824.4323,19.1704,0.2809,,
H00300.CSI,20251031,6824.4323,,,,6926.2597,-101.8274,-1.4702,,
H00300.CSI,20251030,6926.2597,,,,6981.9638,-55.7041,-0.7978,,
H00300.CSI,20251029,6981.9638,,,,6899.5336,82.4302,1.1947,,
H00300.CSI,20251028,6899.5336,,,,6934.0117,-34.4781,-0.4972,,
H00300.CSI,20251027,6934.0117,,,,6852.3139,81.6978,1.1923,,
H00300.CSI,20251024,6852.3139,,,,6767.2094,85.1045,1.2576,,
H00300.CSI,20251023,6767.2094,,,,6746.8663,20.3431,0.3015,,
H00300.CSI,20251022,6746.8663,,,,6769.1149,-22.2486,-0.3287,,
H00300.CSI,20251021,6769.1149,,,,6666.7545,102.3604,1.5354,,
H00300.CSI,20251020,6666.7545,,,,6631.0259,35.7286,0.5388,,
H00300.CSI,20251017,6631.0259,,,,6782.7547,-151.7288,-2.237,,
H00300.CSI,20251016,6782.7547,,,,6763.2795,19.4752,0.288,,
H00300.CSI,20251015,6763.2795,,,,6663.2584,100.0211,1.5011,,
H00300.CSI,20251014,6663.2584,,,,6743.8713,-80.6129,-1.1954,,
H00300.CSI,20251013,6743.8713,,,,6776.9267,-33.0554,-0.4878,,
H00300.CSI,20251010,6776.9267,,,,6912.5142,-135.5875,-1.9615,,
H00300.CSI,20251009,6912.5142,,,,6811.5474,100.9668,1.4823,,
H00300.CSI,20250930,6811.5474,,,,6779.7126,31.8348,0.4696,,
H00300.CSI,20250929,6779.7126,,,,6676.9151,102.7975,1.5396,,
H00300.CSI,20250926,6676.9151,,,,6739.9291,-63.014,-0.9349,,
H00300.CSI,20250925,6739.9291,,,,6699.323,40.6061,0.6061,,
H00300.CSI,20250924,6699.323,,,,6630.6952,68.6278,1.035,,
H00300.CSI,20250923,6630.6952,,,,6634.8407,-4.1455,-0.0625,,
H00300.CSI,20250922,6634.8407,,,,6604.4899,30.3508,0.4595,,
H00300.CSI,20250919,6604.4899,,,,6598.8354,5.6545,0.0857,,
H00300.CSI,20250918,6598.8354,,,,6676.254,-77.4186,-1.1596,,
H00300.CSI,20250917,6676.254,,,,6634.8274,41.4266,0.6244,,
H00300.CSI,20250916,6634.8274,,,,6647.7299,-12.9025,-0.1941,,
H00300.CSI,20250915,6647.7299,,,,6631.5137,16.2162,0.2445,,
H00300.CSI,20250912,6631.5137,,,,6669.2567,-37.743,-0.5659,,
H00300.CSI,20250911,6669.2567,,,,6518.4177,150.839,2.314,,
H00300.CSI,20250910,6518.4177,,,,6504.9555,13.4622,0.207,,
H00300.CSI,20250909,6504.9555,,,,6550.8731,-45.9176,-0.7009,,
H00300.CSI,20250908,6550.8731,,,,6540.0748,10.7983,0.1651,,
H00300.CSI,20250905,6540.0748,,,,6400.172,139.9028,2.1859,,
H00300.CSI,20250904,6400.172,,,,6538.1314,-137.9594,-2.1101,,
H00300.CSI,20250903,6538.1314,,,,6583.0251,-44.8937,-0.682,,
H00300.CSI,20250902,6583.0251,,,,6631.7819,-48.7568,-0.7352,,
H00300.CSI,20250901,6631.7819,,,,6591.6467,40.1352,0.6089,,
H00300.CSI,20250829,6591.6467,,,,6540.8439,50.8028,0.7767,,
H00300.CSI,20250828,6540.8439,,,,6427.0543,113.7896,1.7705,,
H00300.CSI,20250827,6427.0543,,,,6524.3134,-97.2591,-1.4907,,
H00300.CSI,20250826,6524.3134,,,,6548.6829,-24.3695,-0.3721,,
H00300.CSI,20250825,6548.6829,,,,6414.1154,134.5675,2.098,,
H00300.CSI,20250822,6414.1154,,,,6281.1668,132.9486,2.1166,,
H00300.CSI,20250821,6281.1668,,,,6256.6841,24.4827,0.3913,,
H00300.CSI,20250820,6256.6841,,,,6185.2761,71.408,1.1545,,
H00300.CSI,20250819,6185.2761,,,,6208.3686,-23.0925,-0.372,,
H00300.CSI,20250818,6208.3686,,,,6154.0976,54.271,0.8819,,
H00300.CSI,20250815,6154.0976,,,,6110.9225,43.1751,0.7065,,
H00300.CSI,20250814,6110.9225,,,,6114.807,-3.8845,-0.0635,,
H00300.CSI,20250813,6114.807,,,,6066.6716,48.1354,0.7934,,
H00300.CSI,20250812,6066.6716,,,,6035.4665,31.2051,0.517,,
H00300.CSI,20250811,6035.4665,,,,6009.7819,25.6846,0.4274,,
H00300.CSI,20250808,6009.7819,,,,6021.7218,-11.9399,-0.1983,,
H00300.CSI,20250807,6021.7218,,,,6019.9937,1.7281,0.0287,,
H00300.CSI,20250806,6019.9937,,,,6005.3074,14.6863,0.2446,,
H00300.CSI,20250805,6005.3074,,,,5957.3819,47.9255,0.8045,,
H00300.CSI,20250804,5957.3819,,,,5934.1853,23.1966,0.3909,,
H00300.CSI,20250801,5934.1853,,,,5964.3565,-30.1712,-0.5059,,
H00300.CSI,20250731,5964.3565,,,,6073.8558,-109.4993,-1.8028,,
H00300.CSI,20250730,6073.8558,,,,6074.94,-1.0842,-0.0178,,
H00300.CSI,20250729,6074.94,,,,6050.2478,24.6922,0.4081,,
H00300.CSI,20250728,6050.2478,,,,6036.0816,14.1662,0.2347,,
H00300.CSI,20250725,6036.0816,,,,6065.461,-29.3794,-0.4844,,
H00300.CSI,20250724,6065.461,,,,6022.1899,43.2711,0.7185,,
H00300.CSI,20250723,6022.1899,,,,6020.6086,1.5813,0.0263,,
H00300.CSI,20250722,6020.6086,,,,5971.0153,49.5933,0.8306,,
H00300.CSI,20250721,5971.0153,,,,5930.9302,40.0851,0.6759,,
H00300.CSI,20250718,5930.9302,,,,5888.8388,42.0914,0.7148,,
H00300.CSI,20250717,5888.8388,,,,5845.4105,43.4283,0.7429,,
H00300.CSI,20250716,5845.4105,,,,5859.9851,-14.5746,-0.2487,,
H00300.CSI,20250715,5859.9851,,,,5856.9799,3.0052,0.0513,,
H00300.CSI,20250714,5856.9799,,,,5850.2844,6.6955,0.1144,,
H00300.CSI,20250711,5850.2844,,,,5835.1281,15.1563,0.2597,,
H00300.CSI,20250710,5835.1281,,,,5804.9368,30.1913,0.5201,,
H00300.CSI,20250709,5804.9368,,,,5814.4891,-9.5523,-0.1643,,
H00300.CSI,20250708,5814.4891,,,,5766.0601,48.429,0.8399,,
H00300.CSI,20250707,5766.0601,,,,5788.2953,-22.2352,-0.3841,,
H00300.CSI,20250704,5788.2953,,,,5767.3218,20.9735,0.3637,,
H00300.CSI,20250703,5767.3218,,,,5731.1817,36.1401,0.6306,,
H00300.CSI,20250702,5731.1817,,,,5729.8406,1.3411,0.0234,,
H00300.CSI,20250701,5729.8406,,,,5719.9725,9.8681,0.1725,,
H00300.CSI,20250630,5719.9725,,,,5693.8808,26.0917,0.4582,,
H00300.CSI,20250627,5693.8808,,,,5725.1256,-31.2448,-0.5457,,
H00300.CSI,20250626,5725.1256,,,,5739.4465,-14.3209,-0.2495,,
H00300.CSI,20250625,5739.4465,,,,5653.6975,85.749,1.5167,,
H00300.CSI,20250624,5653.6975,,,,5586.7225,66.975,1.1988,,
H00300.CSI,20250623,5586.7225,,,,5569.6891,17.0334,0.3058,,
H00300.CSI,20250620,5569.6891,,,,5559.3183,10.3708,0.1865,,
H00300.CSI,20250619,5559.3183,,,,5604.7358,-45.4175,-0.8103,,
H00300.CSI,20250618,5604.7358,,,,5596.7994,7.9364,0.1418,,
H00300.CSI,20250617,5596.7994,,,,5601.2353,-4.4359,-0.0792,,
H00300.CSI,20250616,5601.2353,,,,5587.0594,14.1759,0.2537,,
H00300.CSI,20250613,5587.0594,,,,5625.0204,-37.961,-0.6749,,
H00300.CSI,20250612,5625.0204,,,,5621.8316,3.1888,0.0567,,
H00300.CSI,20250611,5621.8316,,,,5577.6595,44.1721,0.7919,,
H00300.CSI,20250610,5577.6595,,,,5606.202,-28.5425,-0.5091,,
H00300.CSI,20250609,5606.202,,,,5589.5462,16.6558,0.298,,
H00300.CSI,20250606,5589.5462,,,,5591.119,-1.5728,-0.0281,,
H00300.CSI,20250605,5591.119,,,,5577.5902,13.5288,0.2426,,
H00300.CSI,20250604,5577.5902,,,,5553.4702,24.12,0.4343,,
H00300.CSI,20250603,5553.4702,,,,5536.4863,16.9839,0.3068,,
H00300.CSI,20250530,5536.4863,,,,5562.3259,-25.8396,-0.4645,,
H00300.CSI,20250529,5562.3259,,,,5529.5325,32.7934,0.5931,,
H00300.CSI,20250528,5529.5325,,,,5533.6631,-4.1306,-0.0746,,
H00300.CSI,20250527,5533.6631,,,,5563.4223,-29.7592,-0.5349,,
H00300.CSI,20250526,5563.4223,,,,5594.9834,-31.5611,-0.5641,,
H00300.CSI,20250523,5594.9834,,,,5639.9267,-44.9433,-0.7969,,
H00300.CSI,20250522,5639.9267,,,,5643.3613,-3.4346,-0.0609,,
H00300.CSI,20250521,5643.3613,,,,5615.6024,27.7589,0.4943,,
H00300.CSI,20250520,5615.6024,,,,5584.4405,31.1619,0.558,,
H00300.CSI,20250519,5584.4405,,,,5601.4702,-17.0297,-0.304,,
H00300.CSI,20250516,5601.4702,,,,5627.5163,-26.0461,-0.4628,,
H00300.CSI,20250515,5627.5163,,,,5678.1549,-50.6386,-0.8918,,
H00300.CSI,20250514,5678.1549,,,,5609.9963,68.1586,1.2149,,
H00300.CSI,20250513,5609.9963,,,,5601.3686,8.6277,0.154,,
H00300.CSI,20250512,5601.3686,,,,5537.1582,64.2104,1.1596,,
H00300.CSI,20250509,5537.1582,,,,5545.543,-8.3848,-0.1512,,
H00300.CSI,20250508,5545.543,,,,5514.9297,30.6133,0.5551,,
H00300.CSI,20250507,5514.9297,,,,5481.7036,33.2261,0.6061,,
H00300.CSI,20250506,5481.7036,,,,5427.0398,54.6638,1.0072,,
H00300.CSI,20250430,5427.0398,,,,5432.2829,-5.2431,-0.0965,,
H00300.CSI,20250429,5432.2829,,,,5441.6788,-9.3959,-0.1727,,
H00300.CSI,20250428,5441.6788,,,,5449.4132,-7.7344,-0.1419,,
H00300.CSI,20250425,5449.4132,,,,5444.9268,4.4864,0.0824,,
H00300.CSI,20250424,5444.9268,,,,5448.5598,-3.633,-0.0667,,
H00300.CSI,20250423,5448.5598,,,,5444.3438,4.216,0.0774,,
H00300.CSI,20250422,5444.3438,,,,5442.3938,1.95,0.0358,,
H00300.CSI,20250421,5442.3938,,,,5424.6244,17.7694,0.3276,,
H00300.CSI,20250418,5424.6244,,,,5422.76,1.8644,0.0344,,
H00300.CSI,20250417,5422.76,,,,5423.5288,-0.7688,-0.0142,,
H00300.CSI,20250416,5423.5288,,,,5406.1201,17.4087,0.322,,
H00300.CSI,20250415,5406.1201,,,,5403.1124,3.0077,0.0557,,
H00300.CSI,20250414,5403.1124,,,,5390.7147,12.3977,0.23,,
H00300.CSI,20250411,5390.7147,,,,5368.5776,22.1371,0.4123,,
H00300.CSI,20250410,5368.5776,,,,5299.1249,69.4527,1.3106,,
H00300.CSI,20250409,5299.1249,,,,5247.3304,51.7945,0.9871,,
H00300.CSI,20250408,5247.3304,,,,5159.1958,88.1346,1.7083,,
H00300.CSI,20250407,5159.1958,,,,5550.2387,-391.0429,-7.0455,,
H00300.CSI,20250403,5550.2387,,,,5583.1282,-32.8895,-0.5891,,
H00300.CSI,20250402,5583.1282,,,,5587.8689,-4.7407,-0.0848,,
H00300.CSI,20250401,5587.8689,,,,5586.834,1.0349,0.0185,,
H00300.CSI,20250331,5586.834,,,,5626.8753,-40.0413,-0.7116,,
H00300.CSI,20250328,5626.8753,,,,5651.4838,-24.6085,-0.4354,,
H00300.CSI,20250327,5651.4838,,,,5632.7217,18.7621,0.3331,,
H00300.CSI,20250326,5632.7217,,,,5651.3163,-18.5946,-0.329,,
H00300.CSI,20250325,5651.3163,,,,5654.9861,-3.6698,-0.0649,,
H00300.CSI,20250324,5654.9861,,,,5626.023,28.9631,0.5148,,
H00300.CSI,20250321,5626.023,,,,5712.6781,-86.6551,-1.5169,,
H00300.CSI,20250320,5712.6781,,,,5763.2317,-50.5536,-0.8772,,
H00300.CSI,20250319,5763.2317,,,,5759.7177,3.514,0.061,,
H00300.CSI,20250318,5759.7177,,,,5744.002,15.7157,0.2736,,
H00300.CSI,20250317,5744.002,,,,5758.0417,-14.0397,-0.2438,,
H00300.CSI,20250314,5758.0417,,,,5621.5445,136.4972,2.4281,,
H00300.CSI,20250313,5621.5445,,,,5644.0391,-22.4946,-0.3986,,
H00300.CSI,20250312,5644.0391,,,,5664.4241,-20.385,-0.3599,,
H00300.CSI,20250311,5664.4241,,,,5646.2958,18.1283,0.3211,,
H00300.CSI,20250310,5646.2958,,,,5668.1586,-21.8628,-0.3857,,
H00300.CSI,20250307,5668.1586,,,,5685.7243,-17.5657,-0.3089,,
H00300.CSI,20250306,5685.7243,,,,5608.5975,77.1268,1.3752,,
H00300.CSI,20250305,5608.5975,,,,5583.6633,24.9342,0.4466,,
H00300.CSI,20250304,5583.6633,,,,5588.3383,-4.675,-0.0837,,
H00300.CSI,20250303,5588.3383,,,,5590.6017,-2.2634,-0.0405,,
H00300.CSI,20250228,5590.6017,,,,5702.7963,-112.1946,-1.9674,,
H00300.CSI,20250227,5702.7963,,,,5691.0482,11.7481,0.2064,,
H00300.CSI,20250226,5691.0482,,,,5641.767,49.2812,0.8735,,
H00300.CSI,20250225,5641.767,,,,5705.0972,-63.3302,-1.1101,,
H00300.CSI,20250224,5705.0972,,,,5717.6394,-12.5422,-0.2194,,
H00300.CSI,20250221,5717.6394,,,,5646.4312,71.2082,1.2611,,
H00300.CSI,20250220,5646.4312,,,,5662.6197,-16.1885,-0.2859,,
H00300.CSI,20250219,5662.6197,,,,5623.2743,39.3454,0.6997,,
H00300.CSI,20250218,5623.2743,,,,5673.0219,-49.7476,-0.8769,,
H00300.CSI,20250217,5673.0219,,,,5660.9645,12.0574,0.213,,
H00300.CSI,20250214,5660.9645,,,,5612.2899,48.6746,0.8673,,
H00300.CSI,20250213,5612.2899,,,,5633.4476,-21.1577,-0.3756,,
H00300.CSI,20250212,5633.4476,,,,5580.6659,52.7817,0.9458,,
H00300.CSI,20250211,5580.6659,,,,5606.4292,-25.7633,-0.4595,,
H00300.CSI,20250210,5606.4292,,,,5594.416,12.0132,0.2147,,
H00300.CSI,20250207,5594.416,,,,5522.7432,71.6728,1.2978,,
H00300.CSI,20250206,5522.7432,,,,5454.1239,68.6193,1.2581,,
H00300.CSI,20250205,5454.1239,,,,5485.7346,-31.6107,-0.5762,,
H00300.CSI,20250127,5485.7346,,,,5508.0326,-22.298,-0.4048,,
H00300.CSI,20250124,5508.0326,,,,5462.7764,45.2562,0.8284,,
H00300.CSI,20250123,5462.7764,,,,5451.0478,11.7286,0.2152,,
H00300.CSI,20250122,5451.0478,,,,5501.2478,-50.2,-0.9125,,
H00300.CSI,20250121,5501.2478,,,,5496.9929,4.2549,0.0774,,
H00300.CSI,20250120,5496.9929,,,,5471.5482,25.4447,0.465,,
H00300.CSI,20250117,5471.5482,,,,5454.2664,17.2818,0.3168,,
H00300.CSI,20250116,5454.2664,,,,5448.0124,6.254,0.1148,,
H00300.CSI,20250115,5448.0124,,,,5483.1939,-35.1815,-0.6416,,
H00300.CSI,20250114,5483.1939,,,,5342.5074,140.6865,2.6333,,
H00300.CSI,20250113,5342.5074,,,,5356.8128,-14.3054,-0.2671,,
H00300.CSI,20250110,5356.8128,,,,5423.1688,-66.356,-1.2236,,
H00300.CSI,20250109,5423.1688,,,,5436.5665,-13.3977,-0.2464,,
H00300.CSI,20250108,5436.5665,,,,5444.9054,-8.3389,-0.1532,,
H00300.CSI,20250107,5444.9054,,,,5404.64,40.2654,0.745,,
H00300.CSI,20250106,5404.64,,,,5413.5238,-8.8838,-0.1641,,
H00300.CSI,20250103,5413.5238,,,,5478.3833,-64.8595,-1.1839,,
H00300.CSI,20250102,5478.3833,,,,5642.5969,-164.2136,-2.9102,,
H00300.CSI,20241231,5642.5969,,,,5734.5784,-91.9815,-1.604,,
H00300.CSI,20241230,5734.5784,,,,5708.0619,26.5165,0.4645,,
H00300.CSI,20241227,5708.0619,,,,5717.0748,-9.0129,-0.1576,,
H00300.CSI,20241226,5717.0748,,,,5714.3827,2.6921,0.0471,,
H00300.CSI,20241225,5714.3827,,,,5711.5345,2.8482,0.0499,,
H00300.CSI,20241224,5711.5345,,,,5639.6811,71.8534,1.2741,,
H00300.CSI,20241223,5639.6811,,,,5631.3257,8.3554,0.1484,,
H00300.CSI,20241220,5631.3257,,,,5651.9577,-20.632,-0.365,,
H00300.CSI,20241219,5651.9577,,,,5646.8387,5.119,0.0907,,
H00300.CSI,20241218,5646.8387,,,,5618.2056,28.6331,0.5096,,
H00300.CSI,20241217,5618.2056,,,,5603.6062,14.5994,0.2605,,
H00300.CSI,20241216,5603.6062,,,,5634.1739,-30.5677,-0.5425,,
H00300.CSI,20241213,5634.1739,,,,5770.5356,-136.3617,-2.3631,,
H00300.CSI,20241212,5770.5356,,,,5713.6569,56.8787,0.9955,,
H00300.CSI,20241211,5713.6569,,,,5723.1119,-9.455,-0.1652,,
H00300.CSI,20241210,5723.1119,,,,5681.4303,41.6816,0.7336,,
H00300.CSI,20241209,5681.4303,,,,5690.8402,-9.4099,-0.1654,,
H00300.CSI,20241206,5690.8402,,,,5617.0004,73.8398,1.3146,,
H00300.CSI,20241205,5617.0004,,,,5629.8464,-12.846,-0.2282,,
H00300.CSI,20241204,5629.8464,,,,5660.4043,-30.5579,-0.5399,,
H00300.CSI,20241203,5660.4043,,,,5654.3037,6.1006,0.1079,,
H00300.CSI,20241202,5654.3037,,,,5609.779,44.5247,0.7937,,
H00300.CSI,20241129,5609.779,,,,5546.4008,63.3782,1.1427,,
H00300.CSI,20241128,5546.4008,,,,5594.8782,-48.4774,-0.8665,,
H00300.CSI,20241127,5594.8782,,,,5499.1349,95.7433,1.7411,,
H00300.CSI,20241126,5499.1349,,,,5510.4565,-11.3216,-0.2055,,
H00300.CSI,20241125,5510.4565,,,,5535.2916,-24.8351,-0.4487,,
H00300.CSI,20241122,5535.2916,,,,5712.2729,-176.9813,-3.0983,,
H00300.CSI,20241121,5712.2729,,,,5707.0362,5.2367,0.0918,,
H00300.CSI,20241120,5707.0362,,,,5694.3191,12.7171,0.2233,,
H00300.CSI,20241119,5694.3191,,,,5656.3598,37.9593,0.6711,,
H00300.CSI,20241118,5656.3598,,,,5682.5551,-26.1953,-0.461,,
H00300.CSI,20241115,5682.5551,,,,5783.785,-101.2299,-1.7502,,
H00300.CSI,20241114,5783.785,,,,5885.8285,-102.0435,-1.7337,,
H00300.CSI,20241113,5885.8285,,,,5848.9587,36.8698,0.6304,,
H00300.CSI,20241112,5848.9587,,,,5913.9344,-64.9757,-1.0987,,
H00300.CSI,20241111,5913.9344,,,,5875.047,38.8874,0.6619,,
H00300.CSI,20241108,5875.047,,,,5934.5765,-59.5295,-1.0031,,
H00300.CSI,20241107,5934.5765,,,,5759.5463,175.0302,3.039,,
H00300.CSI,20241106,5759.5463,,,,5788.2171,-28.6708,-0.4953,,
H00300.CSI,20241105,5788.2171,,,,5645.3775,142.8396,2.5302,,
H00300.CSI,20241104,5645.3775,,,,5567.0364,78.3411,1.4072,,
H00300.CSI,20241101,5567.0364,,,,5567.9901,-0.9537,-0.0171,,
H00300.CSI,20241031,5567.9901,,,,5565.3988,2.5913,0.0466,,
H00300.CSI,20241030,5565.3988,,,,5615.28,-49.8812,-0.8883,,
H00300.CSI,20241029,5615.28,,,,5671.8068,-56.5268,-0.9966,,
H00300.CSI,20241028,5671.8068,,,,5660.7384,11.0684,0.1955,,
H00300.CSI,20241025,5660.7384,,,,5620.8179,39.9205,0.7102,,
H00300.CSI,20241024,5620.8179,,,,5683.9856,-63.1677,-1.1113,,
H00300.CSI,20241023,5683.9856,,,,5661.6133,22.3723,0.3952,,
H00300.CSI,20241022,5661.6133,,,,5629.2185,32.3948,0.5755,,
H00300.CSI,20241021,5629.2185,,,,5614.7775,14.441,0.2572,,
H00300.CSI,20241018,5614.7775,,,,5414.9448,199.8327,3.6904,,
H00300.CSI,20241017,5414.9448,,,,5476.9347,-61.9899,-1.1318,,
H00300.CSI,20241016,5476.9347,,,,5511.745,-34.8103,-0.6316,,
H00300.CSI,20241015,5511.745,,,,5662.2918,-150.5468,-2.6588,,
H00300.CSI,20241014,5662.2918,,,,5556.2665,106.0253,1.9082,,
H00300.CSI,20241011,5556.2665,,,,5714.2198,-157.9533,-2.7642,,
H00300.CSI,20241010,5714.2198,,,,5652.7031,61.5167,1.0883,,
H00300.CSI,20241009,5652.7031,,,,6081.4499,-428.7468,-7.0501,,
H00300.CSI,20241008,6081.4499,,,,5741.0312,340.4187,5.9296,,
H00300.CSI,20240930,5741.0312,,,,5291.9203,449.1109,8.4867,,
H00300.CSI,20240927,5291.9203,,,,5065.6451,226.2752,4.4669,,
H00300.CSI,20240926,5065.6451,,,,4859.4757,206.1694,4.2426,,
H00300.CSI,20240925,4859.4757,,,,4788.3111,71.1646,1.4862,,
H00300.CSI,20240924,4788.3111,,,,4589.5007,198.8104,4.3319,,
H00300.CSI,20240923,4589.5007,,,,4572.7667,16.734,0.3659,,
H00300.CSI,20240920,4572.7667,,,,4565.3162,7.4505,0.1632,,
H00300.CSI,20240919,4565.3162,,,,4528.8747,36.4415,0.8046,,
H00300.CSI,20240918,4528.8747,,,,4512.0744,16.8003,0.3723,,
H00300.CSI,20240913,4512.0744,,,,4530.3565,-18.2821,-0.4035,,
H00300.CSI,20240912,4530.3565,,,,4549.8564,-19.4999,-0.4286,,
H00300.CSI,20240911,4549.8564,,,,4562.6759,-12.8195,-0.281,,
H00300.CSI,20240910,4562.6759,,,,4558.673,4.0029,0.0878,,
H00300.CSI,20240909,4558.673,,,,4612.7699,-54.0969,-1.1728,,
H00300.CSI,20240906,4612.7699,,,,4650.4734,-37.7035,-0.8107,,
H00300.CSI,20240905,4650.4734,,,,4642.1596,8.3138,0.1791,,
H00300.CSI,20240904,4642.1596,,,,4672.4203,-30.2607,-0.6476,,
H00300.CSI,20240903,4672.4203,,,,4660.4058,12.0145,0.2578,,
H00300.CSI,20240902,4660.4058,,,,4740.3426,-79.9368,-1.6863,,
H00300.CSI,20240830,4740.3426,,,,4677.901,62.4416,1.3348,,
H00300.CSI,20240829,4677.901,,,,4690.4809,-12.5799,-0.2682,,
H00300.CSI,20240828,4690.4809,,,,4714.4465,-23.9656,-0.5083,,
H00300.CSI,20240827,4714.4465,,,,4741.3885,-26.942,-0.5682,,
H00300.CSI,20240826,4741.3885,,,,4744.3457,-2.9572,-0.0623,,
H00300.CSI,20240823,4744.3457,,,,4723.1227,21.223,0.4493,,
H00300.CSI,20240822,4723.1227,,,,4735.1487,-12.026,-0.254,,
H00300.CSI,20240821,4735.1487,,,,4750.7218,-15.5731,-0.3278,,
H00300.CSI,20240820,4750.7218,,,,4784.8802,-34.1584,-0.7139,,
H00300.CSI,20240819,4784.8802,,,,4768.6587,16.2215,0.3402,,
H00300.CSI,20240816,4768.6587,,,,4761.4939,7.1648,0.1505,,
H00300.CSI,20240815,4761.4939,,,,4714.1359,47.358,1.0046,,
H00300.CSI,20240814,4714.1359,,,,4748.9716,-34.8357,-0.7335,,
H00300.CSI,20240813,4748.9716,,,,4736.7957,12.1759,0.257,,
H00300.CSI,20240812,4736.7957,,,,4745.0035,-8.2078,-0.173,,
H00300.CSI,20240809,4745.0035,,,,4759.6898,-14.6863,-0.3086,,
H00300.CSI,20240808,4759.6898,,,,4757.0179,2.6719,0.0562,,
H00300.CSI,20240807,4757.0179,,,,4759.1389,-2.121,-0.0446,,
H00300.CSI,20240806,4759.1389,,,,4759.5207,-0.3818,-0.008,,
H00300.CSI,20240805,4759.5207,,,,4817.9606,-58.4399,-1.213,,
H00300.CSI,20240802,4817.9606,,,,4867.6077,-49.6471,-1.0199,,
H00300.CSI,20240801,4867.6077,,,,4899.8242,-32.2165,-0.6575,,
H00300.CSI,20240731,4899.8242,,,,4796.314,103.5102,2.1581,,
H00300.CSI,20240730,4796.314,,,,4825.6017,-29.2877,-0.6069,,
H00300.CSI,20240729,4825.6017,,,,4851.2242,-25.6225,-0.5282,,
H00300.CSI,20240726,4851.2242,,,,4831.0343,20.1899,0.4179,,
H00300.CSI,20240725,4831.0343,,,,4857.5192,-26.4849,-0.5452,,
H00300.CSI,20240724,4857.5192,,,,4886.8814,-29.3622,-0.6008,,
H00300.CSI,20240723,4886.8814,,,,4992.5137,-105.6323,-2.1158,,
H00300.CSI,20240722,4992.5137,,,,5026.6051,-34.0914,-0.6782,,
H00300.CSI,20240719,5026.6051,,,,4997.0988,29.5063,0.5905,,
H00300.CSI,20240718,4997.0988,,,,4968.2559,28.8429,0.5805,,
H00300.CSI,20240717,4968.2559,,,,4961.9689,6.287,0.1267,,
H00300.CSI,20240716,4961.9689,,,,4925.229,36.7399,0.746,,
H00300.CSI,20240715,4925.229,,,,4918.7155,6.5135,0.1324,,
H00300.CSI,20240712,4918.7155,,,,4905.5909,13.1246,0.2675,,
H00300.CSI,20240711,4905.5909,,,,4840.2508,65.3401,1.3499,,
H00300.CSI,20240710,4840.2508,,,,4850.1012,-9.8504,-0.2031,,
H00300.CSI,20240709,4850.1012,,,,4791.5451,58.5561,1.2221,,
H00300.CSI,20240708,4791.5451,,,,4829.9131,-38.368,-0.7944,,
H00300.CSI,20240705,4829.9131,,,,4849.4018,-19.4887,-0.4019,,
H00300.CSI,20240704,4849.4018,,,,4873.7132,-24.3114,-0.4988,,
H00300.CSI,20240703,4873.7132,,,,4884.8226,-11.1094,-0.2274,,
H00300.CSI,20240702,4884.8226,,,,4893.8233,-9.0007,-0.1839,,
H00300.CSI,20240701,4893.8233,,,,4870.4693,23.354,0.4795,,
H00300.CSI,20240628,4870.4693,,,,4856.0897,14.3796,0.2961,,
H00300.CSI,20240627,4856.0897,,,,4889.7442,-33.6545,-0.6883,,
H00300.CSI,20240626,4889.7442,,,,4855.1825,34.5617,0.7119,,
H00300.CSI,20240625,4855.1825,,,,4881.7308,-26.5483,-0.5438,,
H00300.CSI,20240624,4881.7308,,,,4907.3,-25.5692,-0.521,,
H00300.CSI,20240621,4907.3,,,,4916.8841,-9.5841,-0.1949,,
H00300.CSI,20240620,4916.8841,,,,4951.5237,-34.6396,-0.6996,,
H00300.CSI,20240619,4951.5237,,,,4967.5216,-15.9979,-0.322,,
H00300.CSI,20240618,4967.5216,,,,4954.1757,13.3459,0.2694,,
H00300.CSI,20240617,4954.1757,,,,4961.2822,-7.1065,-0.1432,,
H00300.CSI,20240614,4961.2822,,,,4932.5939,28.6883,0.5816,,
H00300.CSI,20240613,4932.5939,,,,4955.1859,-22.592,-0.4559,,
H00300.CSI,20240612,4955.1859,,,,4952.9401,2.2458,0.0453,,
H00300.CSI,20240611,4952.9401,,,,4995.5657,-42.6256,-0.8533,,
H00300.CSI,20240607,4995.5657,,,,5017.8284,-22.2627,-0.4437,,
H00300.CSI,20240606,5017.8284,,,,5020.1124,-2.284,-0.0455,,
H00300.CSI,20240605,5020.1124,,,,5047.0456,-26.9332,-0.5336,,
H00300.CSI,20240604,5047.0456,,,,5008.9263,38.1193,0.761,,
H00300.CSI,20240603,5008.9263,,,,4996.3309,12.5954,0.2521,,
H00300.CSI,20240531,4996.3309,,,,5016.3091,-19.9782,-0.3983,,
H00300.CSI,20240530,5016.3091,,,,5042.261,-25.9519,-0.5147,,
H00300.CSI,20240529,5042.261,,,,5035.4547,6.8063,0.1352,,
H00300.CSI,20240528,5035.4547,,,,5072.0711,-36.6164,-0.7219,,
H00300.CSI,20240527,5072.0711,,,,5023.9034,48.1677,0.9588,,
H00300.CSI,20240524,5023.9034,,,,5079.363,-55.4596,-1.0919,,
H00300.CSI,20240523,5079.363,,,,5138.7988,-59.4358,-1.1566,,
H00300.CSI,20240522,5138.7988,,,,5126.5838,12.215,0.2383,,
H00300.CSI,20240521,5126.5838,,,,5145.8018,-19.218,-0.3735,,
H00300.CSI,20240520,5145.8018,,,,5127.6879,18.1139,0.3533,,
H00300.CSI,20240517,5127.6879,,,,5074.6812,53.0067,1.0445,,
H00300.CSI,20240516,5074.6812,,,,5054.7191,19.9621,0.3949,,
H00300.CSI,20240515,5054.7191,,,,5093.7671,-39.048,-0.7666,,
H00300.CSI,20240514,5093.7671,,,,5103.8353,-10.0682,-0.1973,,
H00300.CSI,20240513,5103.8353,,,,5106.0448,-2.2095,-0.0433,,
H00300.CSI,20240510,5106.0448,,,,5102.9875,3.0573,0.0599,,
H00300.CSI,20240509,5102.9875,,,,5055.1713,47.8162,0.9459,,
H00300.CSI,20240508,5055.1713,,,,5095.2362,-40.0649,-0.7863,,
H00300.CSI,20240507,5095.2362,,,,5093.6615,1.5747,0.0309,,
H00300.CSI,20240506,5093.6615,,,,5019.1862,74.4753,1.4838,,
H00300.CSI,20240430,5019.1862,,,,5042.7406,-23.5544,-0.4671,,
H00300.CSI,20240429,5042.7406,,,,4987.3481,55.3925,1.1107,,
H00300.CSI,20240426,4987.3481,,,,4912.0278,75.3203,1.5334,,
H00300.CSI,20240425,4912.0278,,,,4899.9792,12.0486,0.2459,,
H00300.CSI,20240424,4899.9792,,,,4878.5558,21.4234,0.4391,,
H00300.CSI,20240423,4878.5558,,,,4912.525,-33.9692,-0.6915,,
H00300.CSI,20240422,4912.525,,,,4926.6559,-14.1309,-0.2868,,
H00300.CSI,20240419,4926.6559,,,,4965.6041,-38.9482,-0.7844,,
H00300.CSI,20240418,4965.6041,,,,4959.0891,6.515,0.1314,,
H00300.CSI,20240417,4959.0891,,,,4883.5798,75.5093,1.5462,,
H00300.CSI,20240416,4883.5798,,,,4936.3798,-52.8,-1.0696,,
H00300.CSI,20240415,4936.3798,,,,4834.515,101.8648,2.107,,
H00300.CSI,20240412,4834.515,,,,4874.0245,-39.5095,-0.8106,,
H00300.CSI,20240411,4874.0245,,,,4874.6698,-0.6453,-0.0132,,
H00300.CSI,20240410,4874.6698,,,,4914.6975,-40.0277,-0.8144,,
H00300.CSI,20240409,4914.6975,,,,4918.7597,-4.0622,-0.0826,,
H00300.CSI,20240408,4918.7597,,,,4962.4274,-43.6677,-0.88,,
H00300.CSI,20240403,4962.4274,,,,4980.332,-17.9046,-0.3595,,
H00300.CSI,20240402,4980.332,,,,5001.1546,-20.8226,-0.4164,,
H00300.CSI,20240401,5001.1546,,,,4920.2572,80.8974,1.6442,,
H00300.CSI,20240329,4920.2572,,,,4897.1505,23.1067,0.4718,,
H00300.CSI,20240328,4897.1505,,,,4871.8673,25.2832,0.519,,
H00300.CSI,20240327,4871.8673,,,,4928.8369,-56.9696,-1.1558,,
H00300.CSI,20240326,4928.8369,,,,4903.8248,25.0121,0.5101,,
H00300.CSI,20240325,4903.8248,,,,4930.5832,-26.7584,-0.5427,,
H00300.CSI,20240322,4930.5832,,,,4980.7763,-50.1931,-1.0077,,
H00300.CSI,20240321,4980.7763,,,,4986.748,-5.9717,-0.1198,,
H00300.CSI,20240320,4986.748,,,,4975.964,10.784,0.2167,,
H00300.CSI,20240319,4975.964,,,,5011.984,-36.02,-0.7187,,
H00300.CSI,20240318,5011.984,,,,4965.3417,46.6423,0.9394,,
H00300.CSI,20240315,4965.3417,,,,4954.5345,10.8072,0.2181,,
H00300.CSI,20240314,4954.5345,,,,4968.6352,-14.1007,-0.2838,,
H00300.CSI,20240313,4968.6352,,,,5003.5914,-34.9562,-0.6986,,
H00300.CSI,20240312,5003.5914,,,,4992.1442,11.4472,0.2293,,
H00300.CSI,20240311,4992.1442,,,,4930.4547,61.6895,1.2512,,
H00300.CSI,20240308,4930.4547,,,,4909.327,21.1277,0.4304,,
H00300.CSI,20240307,4909.327,,,,4938.992,-29.665,-0.6006,,
H00300.CSI,20240306,4938.992,,,,4959.1124,-20.1204,-0.4057,,
H00300.CSI,20240305,4959.1124,,,,4924.8338,34.2786,0.696,,
H00300.CSI,20240304,4924.8338,,,,4920.5711,4.2627,0.0866,,
H00300.CSI,20240301,4920.5711,,,,4890.3601,30.211,0.6178,,
H00300.CSI,20240229,4890.3601,,,,4798.8101,91.55,1.9078,,
H00300.CSI,20240228,4798.8101,,,,4860.7417,-61.9316,-1.2741,,
H00300.CSI,20240227,4860.7417,,,,4803.12,57.6217,1.1997,,
H00300.CSI,20240226,4803.12,,,,4853.7236,-50.6036,-1.0426,,
H00300.CSI,20240223,4853.7236,,,,4849.458,4.2656,0.088,,
H00300.CSI,20240222,4849.458,,,,4808.0058,41.4522,0.8621,,
H00300.CSI,20240221,4808.0058,,,,4744.0027,64.0031,1.3491,,
H00300.CSI,20240220,4744.0027,,,,4734.2022,9.8005,0.207,,
H00300.CSI,20240219,4734.2022,,,,4680.1284,54.0738,1.1554,,
H00300.CSI,20240208,4680.1284,,,,4650.504,29.6244,0.637,,
H00300.CSI,20240207,4650.504,,,,4606.0828,44.4212,0.9644,,
H00300.CSI,20240206,4606.0828,,,,4451.3218,154.761,3.4767,,
H00300.CSI,20240205,4451.3218,,,,4422.4002,28.9216,0.654,,
H00300.CSI,20240202,4422.4002,,,,4475.3685,-52.9683,-1.1836,,
H00300.CSI,20240201,4475.3685,,,,4472.0872,3.2813,0.0734,,
H00300.CSI,20240131,4472.0872,,,,4513.3774,-41.2902,-0.9148,,
H00300.CSI,20240130,4513.3774,,,,4595.3289,-81.9515,-1.7834,,
H00300.CSI,20240129,4595.3289,,,,4636.8611,-41.5322,-0.8957,,
H00300.CSI,20240126,4636.8611,,,,4649.5146,-12.6535,-0.2721,,
H00300.CSI,20240125,4649.5146,,,,4557.9824,91.5322,2.0082,,
H00300.CSI,20240124,4557.9824,,,,4495.1491,62.8333,1.3978,,
H00300.CSI,20240123,4495.1491,,,,4477.0245,18.1246,0.4048,,
H00300.CSI,20240122,4477.0245,,,,4547.7839,-70.7594,-1.5559,,
H00300.CSI,20240119,4547.7839,,,,4554.6718,-6.8879,-0.1512,,
H00300.CSI,20240118,4554.6718,,,,4491.184,63.4878,1.4136,,
H00300.CSI,20240117,4491.184,,,,4591.0393,-99.8553,-2.175,,
H00300.CSI,20240116,4591.0393,,,,4563.2824,27.7569,0.6083,,
H00300.CSI,20240115,4563.2824,,,,4567.7987,-4.5163,-0.0989,,
H00300.CSI,20240112,4567.7987,,,,4583.8006,-16.0019,-0.3491,,
H00300.CSI,20240111,4583.8006,,,,4558.0104,25.7902,0.5658,,
H00300.CSI,20240110,4558.0104,,,,4579.3884,-21.378,-0.4668,,
H00300.CSI,20240109,4579.3884,,,,4570.4272,8.9612,0.1961,,
H00300.CSI,20240108,4570.4272,,,,4630.3103,-59.8831,-1.2933,,
H00300.CSI,20240105,4630.3103,,,,4655.263,-24.9527,-0.536,,
H00300.CSI,20240104,4655.263,,,,4698.7205,-43.4575,-0.9249,,
H00300.CSI,20240103,4698.7205,,,,4709.924,-11.2035,-0.2379,,
H00300.CSI,20240102,4709.924,,,,4772.1754,-62.2514,-1.3045,,
H00300.CSI,20231229,4772.1754,,,,4749.1296,23.0458,0.4853,,
H00300.CSI,20231228,4749.1296,,,,4640.3882,108.7414,2.3434,,
H00300.CSI,20231227,4640.3882,,,,4624.3002,16.088,0.3479,,
H00300.CSI,20231226,4624.3002,,,,4655.8178,-31.5176,-0.677,,
H00300.CSI,20231225,4655.8178,,,,4641.3733,14.4445,0.3112,,
H00300.CSI,20231222,4641.3733,,,,4632.5303,8.843,0.1909,,
H00300.CSI,20231221,4632.5303,,,,4586.1231,46.4072,1.0119,,
H00300.CSI,20231220,4586.1231,,,,4632.7506,-46.6275,-1.0065,,
H00300.CSI,20231219,4632.7506,,,,4626.2539,6.4967,0.1404,,
H00300.CSI,20231218,4626.2539,,,,4643.1868,-16.9329,-0.3647,,
H00300.CSI,20231215,4643.1868,,,,4657.6547,-14.4679,-0.3106,,
H00300.CSI,20231214,4657.6547,,,,4682.1676,-24.5129,-0.5235,,
H00300.CSI,20231213,4682.1676,,,,4761.646,-79.4784,-1.6691,,
H00300.CSI,20231212,4761.646,,,,4751.4354,10.2106,0.2149,,
H00300.CSI,20231211,4751.4354,,,,4723.6546,27.7808,0.5881,,
H00300.CSI,20231208,4723.6546,,,,4711.8584,11.7962,0.2504,,
H00300.CSI,20231207,4711.8584,,,,4723.4122,-11.5538,-0.2446,,
H00300.CSI,20231206,4723.4122,,,,4715.9917,7.4205,0.1573,,
H00300.CSI,20231205,4715.9917,,,,4807.5267,-91.535,-1.904,,
H00300.CSI,20231204,4807.5267,,,,4839.1264,-31.5997,-0.653,,
H00300.CSI,20231201,4839.1264,,,,4857.6353,-18.5089,-0.381,,
H00300.CSI,20231130,4857.6353,,,,4846.6653,10.97,0.2263,,
H00300.CSI,20231129,4846.6653,,,,4888.3753,-41.71,-0.8532,,
H00300.CSI,20231128,4888.3753,,,,4879.2324,9.1429,0.1874,,
H00300.CSI,20231127,4879.2324,,,,4915.4085,-36.1761,-0.736,,
H00300.CSI,20231124,4915.4085,,,,4948.0736,-32.6651,-0.6602,,
H00300.CSI,20231123,4948.0736,,,,4924.3105,23.7631,0.4826,,
H00300.CSI,20231122,4924.3105,,,,4974.6427,-50.3322,-1.0118,,
H00300.CSI,20231121,4974.6427,,,,4968.0524,6.5903,0.1327,,
H00300.CSI,20231120,4968.0524,,,,4956.5852,11.4672,0.2314,,
H00300.CSI,20231117,4956.5852,,,,4962.5525,-5.9673,-0.1202,,
H00300.CSI,20231116,4962.5525,,,,5010.8626,-48.3101,-0.9641,,
H00300.CSI,20231115,5010.8626,,,,4975.8749,34.9877,0.7031,,
H00300.CSI,20231114,4975.8749,,,,4972.2018,3.6731,0.0739,,
H00300.CSI,20231113,4972.2018,,,,4982.03,-9.8282,-0.1973,,
H00300.CSI,20231110,4982.03,,,,5018.6151,-36.5851,-0.729,,
H00300.CSI,20231109,5018.6151,,,,5016.1786,2.4365,0.0486,,
H00300.CSI,20231108,5016.1786,,,,5028.1245,-11.9459,-0.2376,,
H00300.CSI,20231107,5028.1245,,,,5045.9729,-17.8484,-0.3537,,
H00300.CSI,20231106,5045.9729,,,,4978.6416,67.3313,1.3524,,
H00300.CSI,20231103,4978.6416,,,,4937.0421,41.5995,0.8426,,
H00300.CSI,20231102,4937.0421,,,,4960.4313,-23.3892,-0.4715,,
H00300.CSI,20231101,4960.4313,,,,4962.4854,-2.0541,-0.0414,,
H00300.CSI,20231031,4962.4854,,,,4978.1351,-15.6497,-0.3144,,
H00300.CSI,20231030,4978.1351,,,,4948.4273,29.7078,0.6003,,
H00300.CSI,20231027,4948.4273,,,,4881.0813,67.346,1.3797,,
H00300.CSI,20231026,4881.0813,,,,4867.626,13.4553,0.2764,,
H00300.CSI,20231025,4867.626,,,,4840.7497,26.8763,0.5552,,
H00300.CSI,20231024,4840.7497,,,,4822.7355,18.0142,0.3735,,
H00300.CSI,20231023,4822.7355,,,,4873.1052,-50.3697,-1.0336,,
H00300.CSI,20231020,4873.1052,,,,4904.9702,-31.865,-0.6496,,
H00300.CSI,20231019,4904.9702,,,,5011.8999,-106.9297,-2.1335,,
H00300.CSI,20231018,5011.8999,,,,5051.8821,-39.9822,-0.7914,,
H00300.CSI,20231017,5051.8821,,,,5034.1079,17.7742,0.3531,,
H00300.CSI,20231016,5034.1079,,,,5084.9323,-50.8244,-0.9995,,
H00300.CSI,20231013,5084.9323,,,,5138.9927,-54.0604,-1.052,,
H00300.CSI,20231012,5138.9927,,,,5090.5977,48.395,0.9507,,
H00300.CSI,20231011,5090.5977,,,,5076.1311,14.4666,0.285,,
H00300.CSI,20231010,5076.1311,,,,5114.4421,-38.311,-0.7491,,
H00300.CSI,20231009,5114.4421,,,,5121.0906,-6.6485,-0.1298,,
H00300.CSI,20230928,5121.0906,,,,5136.131,-15.0404,-0.2928,,
H00300.CSI,20230927,5136.131,,,,5125.4169,10.7141,0.209,,
H00300.CSI,20230926,5125.4169,,,,5155.5254,-30.1085,-0.584,,
H00300.CSI,20230925,5155.5254,,,,5189.2918,-33.7664,-0.6507,,
H00300.CSI,20230922,5189.2918,,,,5097.0128,92.279,1.8105,,
H00300.CSI,20230921,5097.0128,,,,5143.1206,-46.1078,-0.8965,,
H00300.CSI,20230920,5143.1206,,,,5163.0073,-19.8867,-0.3852,,
H00300.CSI,20230919,5163.0073,,,,5173.0113,-10.004,-0.1934,,
H00300.CSI,20230918,5173.0113,,,,5146.7044,26.3069,0.5111,,
H00300.CSI,20230915,5146.7044,,,,5180.2731,-33.5687,-0.648,,
H00300.CSI,20230914,5180.2731,,,,5184.6347,-4.3616,-0.0841,,
H00300.CSI,20230913,5184.6347,,,,5217.8705,-33.2358,-0.637,,
H00300.CSI,20230912,5217.8705,,,,5227.489,-9.6185,-0.184,,
H00300.CSI,20230911,5227.489,,,,5189.0512,38.4378,0.7407,,
H00300.CSI,20230908,5189.0512,,,,5214.6942,-25.643,-0.4917,,
H00300.CSI,20230907,5214.6942,,,,5288.997,-74.3028,-1.4049,,
H00300.CSI,20230906,5288.997,,,,5300.4977,-11.5007,-0.217,,
H00300.CSI,20230905,5300.4977,,,,5340.2264,-39.7287,-0.744,,
H00300.CSI,20230904,5340.2264,,,,5260.5028,79.7236,1.5155,,
H00300.CSI,20230901,5260.5028,,,,5223.5541,36.9487,0.7073,,
H00300.CSI,20230831,5223.5541,,,,5255.1849,-31.6308,-0.6019,,
H00300.CSI,20230830,5255.1849,,,,5257.4001,-2.2152,-0.0421,,
H00300.CSI,20230829,5257.4001,,,,5205.2753,52.1248,1.0014,,
H00300.CSI,20230828,5205.2753,,,,5144.1057,61.1696,1.1891,,
H00300.CSI,20230825,5144.1057,,,,5160.1787,-16.073,-0.3115,,
H00300.CSI,20230824,5160.1787,,,,5122.8681,37.3106,0.7283,,
H00300.CSI,20230823,5122.8681,,,,5208.2251,-85.357,-1.6389,,
H00300.CSI,20230822,5208.2251,,,,5168.2765,39.9486,0.773,,
H00300.CSI,20230821,5168.2765,,,,5243.6998,-75.4233,-1.4384,,
H00300.CSI,20230818,5243.6998,,,,5308.7376,-65.0378,-1.2251,,
H00300.CSI,20230817,5308.7376,,,,5291.0465,17.6911,0.3344,,
H00300.CSI,20230816,5291.0465,,,,5330.1256,-39.0791,-0.7332,,
H00300.CSI,20230815,5330.1256,,,,5343.1101,-12.9845,-0.243,,
H00300.CSI,20230814,5343.1101,,,,5382.3863,-39.2762,-0.7297,,
H00300.CSI,20230811,5382.3863,,,,5507.1487,-124.7624,-2.2655,,
H00300.CSI,20230810,5507.1487,,,,5495.2815,11.8672,0.216,,
H00300.CSI,20230809,5495.2815,,,,5510.7151,-15.4336,-0.2801,,
H00300.CSI,20230808,5510.7151,,,,5525.1046,-14.3895,-0.2604,,
H00300.CSI,20230807,5525.1046,,,,5567.235,-42.1304,-0.7568,,
H00300.CSI,20230804,5567.235,,,,5545.414,21.821,0.3935,,
H00300.CSI,20230803,5545.414,,,,5496.8289,48.5851,0.8839,,
H00300.CSI,20230802,5496.8289,,,,5535.3828,-38.5539,-0.6965,,
H00300.CSI,20230801,5535.3828,,,,5558.3947,-23.0119,-0.414,,
H00300.CSI,20230731,5558.3947,,,,5528.0652,30.3295,0.5486,,
H00300.CSI,20230728,5528.0652,,,,5400.5358,127.5294,2.3614,,
H00300.CSI,20230727,5400.5358,,,,5406.9444,-6.4086,-0.1185,,
H00300.CSI,20230726,5406.9444,,,,5417.3702,-10.4258,-0.1925,,
H00300.CSI,20230725,5417.3702,,,,5264.9603,152.4099,2.8948,,
H00300.CSI,20230724,5264.9603,,,,5287.9896,-23.0293,-0.4355,,
H00300.CSI,20230721,5287.9896,,,,5286.3607,1.6289,0.0308,,
H00300.CSI,20230720,5286.3607,,,,5323.4515,-37.0908,-0.6967,,
H00300.CSI,20230719,5323.4515,,,,5327.6577,-4.2062,-0.079,,
H00300.CSI,20230718,5327.6577,,,,5341.1255,-13.4678,-0.2522,,
H00300.CSI,20230717,5341.1255,,,,5377.8579,-36.7324,-0.683,,
H00300.CSI,20230714,5377.8579,,,,5374.868,2.9899,0.0556,,
H00300.CSI,20230713,5374.868,,,,5289.8961,84.9719,1.6063,,
H00300.CSI,20230712,5289.8961,,,,5319.217,-29.3209,-0.5512,,
H00300.CSI,20230711,5319.217,,,,5284.1562,35.0608,0.6635,,
H00300.CSI,20230710,5284.1562,,,,5258.5136,25.6426,0.4876,,
H00300.CSI,20230707,5258.5136,,,,5281.0427,-22.5291,-0.4266,,
H00300.CSI,20230706,5281.0427,,,,5315.3125,-34.2698,-0.6447,,
H00300.CSI,20230705,5315.3125,,,,5354.4134,-39.1009,-0.7303,,
H00300.CSI,20230704,5354.4134,,,,5345.9937,8.4197,0.1575,,
H00300.CSI,20230703,5345.9937,,,,5275.9483,70.0454,1.3276,,
H00300.CSI,20230630,5275.9483,,,,5240.6587,35.2896,0.6734,,
H00300.CSI,20230629,5240.6587,,,,5264.9723,-24.3136,-0.4618,,
H00300.CSI,20230628,5264.9723,,,,5266.672,-1.6997,-0.0323,,
H00300.CSI,20230627,5266.672,,,,5215.2874,51.3846,0.9853,,
H00300.CSI,20230626,5215.2874,,,,5287.7358,-72.4484,-1.3701,,
H00300.CSI,20230621,5287.7358,,,,5365.5772,-77.8414,-1.4508,,
H00300.CSI,20230620,5365.5772,,,,5373.2829,-7.7057,-0.1434,,
H00300.CSI,20230619,5373.2829,,,,5411.9501,-38.6672,-0.7145,,
H00300.CSI,20230616,5411.9501,,,,5359.1507,52.7994,0.9852,,
H00300.CSI,20230615,5359.1507,,,,5273.5315,85.6192,1.6236,,
H00300.CSI,20230614,5273.5315,,,,5267.8131,5.7184,0.1086,,
H00300.CSI,20230613,5267.8131,,,,5237.7499,30.0632,0.574,,
H00300.CSI,20230612,5237.7499,,,,5226.7178,11.0321,0.2111,,
H00300.CSI,20230609,5226.7178,,,,5202.2639,24.4539,0.4701,,
H00300.CSI,20230608,5202.2639,,,,5159.859,42.4049,0.8218,,
H00300.CSI,20230607,5159.859,,,,5184.0228,-24.1638,-0.4661,,
H00300.CSI,20230606,5184.0228,,,,5232.8899,-48.8671,-0.9338,,
H00300.CSI,20230605,5232.8899,,,,5256.7747,-23.8848,-0.4544,,
H00300.CSI,20230602,5256.7747,,,,5181.3009,75.4738,1.4567,,
H00300.CSI,20230601,5181.3009,,,,5166.1177,15.1832,0.2939,,
H00300.CSI,20230531,5166.1177,,,,5216.638,-50.5203,-0.9684,,
H00300.CSI,20230530,5216.638,,,,5211.2834,5.3546,0.1028,,
H00300.CSI,20230529,5211.2834,,,,5233.5449,-22.2615,-0.4254,,
H00300.CSI,20230526,5233.5449,,,,5231.6436,1.9013,0.0363,,
H00300.CSI,20230525,5231.6436,,,,5242.8726,-11.229,-0.2142,,
H00300.CSI,20230524,5242.8726,,,,5316.3131,-73.4405,-1.3814,,
H00300.CSI,20230523,5316.3131,,,,5392.4932,-76.1801,-1.4127,,
H00300.CSI,20230522,5392.4932,,,,5358.7626,33.7306,0.6294,,
H00300.CSI,20230519,5358.7626,,,,5373.132,-14.3694,-0.2674,,
H00300.CSI,20230518,5373.132,,,,5378.0586,-4.9266,-0.0916,,
H00300.CSI,20230517,5378.0586,,,,5402.5058,-24.4472,-0.4525,,
H00300.CSI,20230516,5402.5058,,,,5429.8117,-27.3059,-0.5029,,
H00300.CSI,20230515,5429.8117,,,,5346.6199,83.1918,1.556,,
H00300.CSI,20230512,5346.6199,,,,5418.0166,-71.3967,-1.3178,,
H00300.CSI,20230511,5418.0166,,,,5426.4375,-8.4209,-0.1552,,
H00300.CSI,20230510,5426.4375,,,,5468.4903,-42.0528,-0.769,,
H00300.CSI,20230509,5468.4903,,,,5515.6538,-47.1635,-0.8551,,
H00300.CSI,20230508,5515.6538,,,,5453.4941,62.1597,1.1398,,
H00300.CSI,20230505,5453.4941,,,,5471.6454,-18.1513,-0.3317,,
H00300.CSI,20230504,5471.6454,,,,5470.0687,1.5767,0.0288,,
H00300.CSI,20230428,5470.0687,,,,5414.7659,55.3028,1.0213,,
H00300.CSI,20230427,5414.7659,,,,5374.8496,39.9163,0.7426,,
H00300.CSI,20230426,5374.8496,,,,5378.1686,-3.319,-0.0617,,
H00300.CSI,20230425,5378.1686,,,,5405.2187,-27.0501,-0.5004,,
H00300.CSI,20230424,5405.2187,,,,5472.9755,-67.7568,-1.238,,
H00300.CSI,20230421,5472.9755,,,,5581.8727,-108.8972,-1.9509,,
H00300.CSI,20230420,5581.8727,,,,5597.3348,-15.4621,-0.2762,,
H00300.CSI,20230419,5597.3348,,,,5648.1885,-50.8537,-0.9004,,
H00300.CSI,20230418,5648.1885,,,,5630.8096,17.3789,0.3086,,
H00300.CSI,20230417,5630.8096,,,,5552.9371,77.8725,1.4024,,
H00300.CSI,20230414,5552.9371,,,,5521.6982,31.2389,0.5657,,
H00300.CSI,20230413,5521.6982,,,,5559.9452,-38.247,-0.6879,,
H00300.CSI,20230412,5559.9452,,,,5563.8266,-3.8814,-0.0698,,
H00300.CSI,20230411,5563.8266,,,,5570.1554,-6.3288,-0.1136,,
H00300.CSI,20230410,5570.1554,,,,5595.2163,-25.0609,-0.4479,,
H00300.CSI,20230407,5595.2163,,,,5559.0664,36.1499,0.6503,,
H00300.CSI,20230406,5559.0664,,,,5567.8395,-8.7731,-0.1576,,
H00300.CSI,20230404,5567.8395,,,,5550.8262,17.0133,0.3065,,
H00300.CSI,20230403,5550.8262,,,,5497.0329,53.7933,0.9786,,
H00300.CSI,20230331,5497.0329,,,,5480.2064,16.8265,0.307,,
H00300.CSI,20230330,5480.2064,,,,5436.0832,44.1232,0.8117,,
H00300.CSI,20230329,5436.0832,,,,5427.0875,8.9957,0.1658,,
H00300.CSI,20230328,5427.0875,,,,5444.6768,-17.5893,-0.3231,,
H00300.CSI,20230327,5444.6768,,,,5464.4454,-19.7686,-0.3618,,
H00300.CSI,20230324,5464.4454,,,,5480.7881,-16.3427,-0.2982,,
H00300.CSI,20230323,5480.7881,,,,5426.9898,53.7983,0.9913,,
H00300.CSI,20230322,5426.9898,,,,5403.8345,23.1553,0.4285,,
H00300.CSI,20230321,5403.8345,,,,5345.0774,58.7571,1.0993,,
H00300.CSI,20230320,5345.0774,,,,5371.8666,-26.7892,-0.4987,,
H00300.CSI,20230317,5371.8666,,,,5345.1773,26.6893,0.4993,,
H00300.CSI,20230316,5345.1773,,,,5409.973,-64.7957,-1.1977,,
H00300.CSI,20230315,5409.973,,,,5406.979,2.994,0.0554,,
H00300.CSI,20230314,5406.979,,,,5439.5325,-32.5535,-0.5985,,
H00300.CSI,20230313,5439.5325,,,,5383.1507,56.3818,1.0474,,
H00300.CSI,20230310,5383.1507,,,,5454.682,-71.5313,-1.3114,,
H00300.CSI,20230309,5454.682,,,,5474.0281,-19.3461,-0.3534,,
H00300.CSI,20230308,5474.0281,,,,5494.035,-20.0069,-0.3642,,
H00300.CSI,20230307,5494.035,,,,5575.666,-81.631,-1.4641,,
H00300.CSI,20230306,5575.666,,,,5604.8959,-29.2299,-0.5215,,
H00300.CSI,20230303,5604.8959,,,,5587.5087,17.3872,0.3112,,
H00300.CSI,20230302,5587.5087,,,,5599.9977,-12.489,-0.223,,
H00300.CSI,20230301,5599.9977,,,,5521.9972,78.0005,1.4125,,
H00300.CSI,20230228,5521.9972,,,,5487.2401,34.7571,0.6334,,
H00300.CSI,20230227,5487.2401,,,,5509.3126,-22.0725,-0.4006,,
H00300.CSI,20230224,5509.3126,,,,5567.1057,-57.7931,-1.0381,,
H00300.CSI,20230223,5567.1057,,,,5571.5883,-4.4826,-0.0805,,
H00300.CSI,20230222,5571.5883,,,,5622.3301,-50.7418,-0.9025,,
H00300.CSI,20230221,5622.3301,,,,5607.5917,14.7384,0.2628,,
H00300.CSI,20230220,5607.5917,,,,5473.3096,134.2821,2.4534,,
H00300.CSI,20230217,5473.3096,5543.4697,5568.4382,5471.0425,5553.3241,-80.0145,-1.4408,,
H00300.CSI,20230216,5553.3241,5596.629,5654.2783,5519.6943,5594.2965,-40.9724,-0.7324,,
H00300.CSI,20230215,5594.2965,5625.7232,5634.8068,5583.7092,5623.6007,-29.3042,-0.5211,,
H00300.CSI,20230214,5623.6007,5631.6819,5632.469,5596.5753,5621.2724,2.3283,0.0414,,
H00300.CSI,20230213,5621.2724,5560.6389,5625.4114,5552.1861,5570.7189,50.5535,0.9075,,
H00300.CSI,20230210,5570.7189,5594.8517,5596.6551,5551.9516,5604.0196,-33.3007,-0.5942,,
H00300.CSI,20230209,5604.0196,5518.1542,5604.0196,5513.2666,5529.7914,74.2282,1.3423,,
H00300.CSI,20230208,5529.7914,5561.9653,5577.286,5524.894,5554.336,-24.5446,-0.4419,,
H00300.CSI,20230207,5554.336,5559.8686,5571.9335,5531.9527,5544.3573,9.9787,0.18,,
H00300.CSI,20230206,5544.3573,5567.3557,5570.1496,5514.4391,5618.6378,-74.2805,-1.322,,
H00300.CSI,20230203,5618.6378,5646.3047,5646.3047,5566.3725,5672.248,-53.6102,-0.9451,,
H00300.CSI,20230202,5672.248,5707.8771,5708.0713,5657.8546,5692.3043,-20.0563,-0.3523,,
H00300.CSI,20230201,5692.3043,5657.302,5692.3043,5613.5281,5639.2937,53.0106,0.94,,
H00300.CSI,20230131,5639.2937,5698.61,5715.3239,5634.0702,5699.646,-60.3523,-1.0589,,
H00300.CSI,20230130,5699.646,5789.5628,5790.7907,5694.9718,5672.7601,26.8859,0.4739,,
H00300.CSI,20230120,5672.7601,5652.8417,5683.9026,5646.3537,5638.1404,34.6197,0.614,,
H00300.CSI,20230119,5638.1404,5596.8576,5638.1404,5570.2513,5603.2841,34.8563,0.6221,,
H00300.CSI,20230118,5603.2841,5616.5621,5631.3107,5597.0274,5612.6827,-9.3986,-0.1675,,
H00300.CSI,20230117,5612.6827,5614.8548,5628.0594,5586.5611,5613.6622,-0.9795,-0.0174,,
H00300.CSI,20230116,5613.6622,5532.1495,5666.8615,5532.1495,5527.3985,86.2637,1.5607,,
H00300.CSI,20230113,5527.3985,5470.3028,5527.3985,5464.3061,5450.7384,76.6601,1.4064,,
H00300.CSI,20230112,5450.7384,5456.0095,5467.7697,5431.2593,5440.1047,10.6337,0.1955,,
H00300.CSI,20230111,5440.1047,5453.4722,5485.4985,5437.3518,5449.8033,-9.6986,-0.178,,
H00300.CSI,20230110,5449.8033,5446.0577,5467.3623,5428.6431,5443.8968,5.9065,0.1085,,
H00300.CSI,20230109,5443.8968,5424.1027,5457.8694,5413.6123,5400.1749,43.7219,0.8096,,
H00300.CSI,20230106,5400.1749,5384.7926,5426.7421,5380.5833,5383.4753,16.6996,0.3102,,
H00300.CSI,20230105,5383.4753,5308.7506,5392.0255,5307.0476,5280.8806,102.5947,1.9428,,
H00300.CSI,20230104,5280.8806,5271.7956,5298.3686,5254.9069,5274.0323,6.8483,0.1298,,
H00300.CSI,20230103,5274.0323,5242.746,5282.2266,5197.5026,5251.9678,22.0645,0.4201,,
H00300.CSI,20221230,5251.9678,5255.0906,5273.8045,5248.0828,5231.7108,20.257,0.3872,,
H00300.CSI,20221229,5231.7108,5228.3677,5247.2989,5207.0963,5251.4667,-19.7559,-0.3762,,
H00300.CSI,20221228,5251.4667,5256.4164,5269.5853,5229.3759,5273.971,-22.5043,-0.4267,,
H00300.CSI,20221227,5273.971,5237.4145,5279.4173,5231.5319,5209.802,64.169,1.2317,,
H00300.CSI,20221226,5209.802,5192.2884,5228.117,5188.1759,5188.754,21.048,0.4056,,
H00300.CSI,20221223,5188.754,5166.2511,5216.0922,5158.3748,5199.3385,-10.5845,-0.2036,,
H00300.CSI,20221222,5199.3385,5230.7513,5261.8219,5179.49,5191.8979,7.4406,0.1433,,
H00300.CSI,20221221,5191.8979,5203.3679,5223.3169,5179.4236,5189.8362,2.0617,0.0397,,
H00300.CSI,20221220,5189.8362,5260.5992,5261.0201,5166.1519,5276.8572,-87.021,-1.6491,,
H00300.CSI,20221219,5276.8572,5357.5712,5376.6442,5256.8258,5359.5449,-82.6877,-1.5428,,
H00300.CSI,20221216,5359.5449,5328.3774,5368.1807,5326.1966,5356.5109,3.034,0.0566,,
H00300.CSI,20221215,5356.5109,5360.1481,5372.66,5321.8361,5360.4377,-3.9268,-0.0733,,
H00300.CSI,20221214,5360.4377,5357.5952,5384.3718,5334.6491,5344.3603,16.0774,0.3008,,
H00300.CSI,20221213,5344.3603,5355.0159,5369.6933,5336.6721,5354.8738,-10.5135,-0.1963,,
H00300.CSI,20221212,5354.8738,5385.6597,5395.4138,5350.7643,5415.5559,-60.6821,-1.1205,,
H00300.CSI,20221209,5415.5559,5366.4528,5422.5939,5342.6445,5362.6438,52.9121,0.9867,,
H00300.CSI,20221208,5362.6438,5354.5429,5379.2648,5338.2558,5361.6429,1.0009,0.0187,,
H00300.CSI,20221207,5361.6429,5359.2473,5417.0916,5342.6266,5374.8587,-13.2158,-0.2459,,
H00300.CSI,20221206,5374.8587,5321.7743,5402.7255,5314.5611,5345.9199,28.9388,0.5413,,
H00300.CSI,20221205,5345.9199,5292.7728,5346.5957,5282.9932,5243.0778,102.8421,1.9615,,
H00300.CSI,20221202,5243.0778,5264.0119,5279.9171,5236.5414,5275.3423,-32.2645,-0.6116,,
H00300.CSI,20221201,5275.3423,5311.272,5342.6706,5274.0507,5218.8174,56.5249,1.0831,,
H00300.CSI,20221130,5218.8174,5196.5002,5238.759,5192.811,5212.5678,6.2496,0.1199,,
H00300.CSI,20221129,5212.5678,5101.7015,5221.2523,5101.7015,5056.56,156.0078,3.0853,,
H00300.CSI,20221128,5056.56,5014.1105,5060.4925,4973.6955,5114.024,-57.464,-1.1237,,
H00300.CSI,20221125,5114.024,5080.8484,5134.1407,5070.3535,5088.3329,25.6911,0.5049,,
H00300.CSI,20221124,5088.3329,5135.3746,5153.907,5080.9117,5110.9796,-22.6467,-0.4431,,
H00300.CSI,20221123,5110.9796,5092.9481,5134.928,5083.4639,5105.5877,5.3919,0.1056,,
H00300.CSI,20221122,5105.5877,5100.8594,5160.1419,5080.7348,5104.9839,0.6038,0.0118,,
H00300.CSI,20221121,5104.9839,5105.6612,5106.1598,5057.5076,5148.9236,-43.9397,-0.8534,,
H00300.CSI,20221118,5148.9236,5179.0624,5201.8515,5148.9236,5171.9954,-23.0718,-0.4461,,
H00300.CSI,20221117,5171.9954,5175.5261,5176.5182,5114.9058,5193.2945,-21.2991,-0.4101,,
H00300.CSI,20221116,5193.2945,5229.0792,5251.7404,5186.9465,5236.0701,-42.7756,-0.8169,,
H00300.CSI,20221115,5236.0701,5131.7182,5243.8258,5113.4057,5138.6136,97.4565,1.8966,,
H00300.CSI,20221114,5138.6136,5171.292,5212.3481,5121.9134,5131.0582,7.5554,0.1472,,
H00300.CSI,20221111,5131.0582,5130.1347,5185.7515,5074.9879,4991.8935,139.1647,2.7878,,
H00300.CSI,20221110,4991.8935,4992.0816,5013.6307,4963.9437,5030.6048,-38.7113,-0.7695,,
H00300.CSI,20221109,5030.6048,5080.0562,5093.2796,5026.5512,5077.7064,-47.1016,-0.9276,,
H00300.CSI,20221108,5077.7064,5110.6648,5118.1567,5042.4283,5112.8802,-35.1738,-0.6879,,
H00300.CSI,20221107,5112.8802,5084.7455,5136.6752,5073.6634,5101.88,11.0002,0.2156,,
H00300.CSI,20221104,5101.88,4938.8174,5123.1128,4938.8174,4940.342,161.538,3.2698,,
H00300.CSI,20221103,4940.342,4936.5009,4970.7496,4913.891,4980.8469,-40.5049,-0.8132,,
H00300.CSI,20221102,4980.8469,4903.0617,5015.5254,4890.0796,4921.7564,59.0905,1.2006,,
H00300.CSI,20221101,4921.7564,4766.8845,4921.7564,4763.9187,4751.8327,169.9237,3.576,,
H00300.CSI,20221031,4751.8327,4746.1495,4812.3071,4733.9142,4795.9229,-44.0902,-0.9193,,
H00300.CSI,20221028,4795.9229,4882.3665,4900.7406,4785.1362,4917.5572,-121.6343,-2.4735,,
H00300.CSI,20221027,4917.5572,4967.0148,4990.7747,4917.4354,4952.4404,-34.8832,-0.7044,,
H00300.CSI,20221026,4952.4404,,,,4912.5591,39.8813,0.8118,,
H00300.CSI,20221025,4912.5591,4905.0855,4971.2342,4868.2562,4920.5752,-8.0161,-0.1629,,
H00300.CSI,20221024,4920.5752,5048.6104,5094.9409,4902.3603,5068.8945,-148.3193,-2.9261,,
H00300.CSI,20221021,5068.8945,5083.788,5103.7379,5044.1451,5085.0507,-16.1562,-0.3177,,
H00300.CSI,20221020,5085.0507,5073.746,5151.7044,5046.9016,5111.4606,-26.4099,-0.5167,,
H00300.CSI,20221019,5111.4606,5180.3965,5198.1697,5111.4606,5195.0153,-83.5547,-1.6084,,
H00300.CSI,20221018,5195.0153,5232.3159,5238.4813,5185.3782,5206.0396,-11.0243,-0.2118,,
H00300.CSI,20221017,5206.0396,5173.3272,5210.4388,5155.5523,5200.704,5.3356,0.1026,,
H00300.CSI,20221014,5200.704,5120.6406,5228.7995,5117.1561,5079.1659,121.5381,2.3929,,
H00300.CSI,20221013,5079.1659,5084.2342,5120.8122,5075.1294,5121.3814,-42.2155,-0.8243,,
H00300.CSI,20221012,5121.3814,5038.2328,5121.3814,4955.3973,5044.7568,76.6246,1.5189,,
H00300.CSI,20221011,5044.7568,5050.62,5061.1634,5015.4854,5035.6216,9.1352,0.1814,,
H00300.CSI,20221010,5035.6216,5151.4971,5153.1309,5028.6099,5149.2313,-113.6097,-2.2063,,
H00300.CSI,20220930,5149.2313,5187.7537,5208.7484,5144.2682,5179.3537,-30.1224,-0.5816,,
H00300.CSI,20220929,5179.3537,5229.6602,5241.8724,5154.2009,5181.4735,-2.1198,-0.0409,,
H00300.CSI,20220928,5181.4735,5250.1274,5250.1274,5180.567,5266.8692,-85.3957,-1.6214,,
H00300.CSI,20220927,5266.8692,5201.6125,5268.0004,5179.6918,5191.6101,75.2591,1.4496,,
H00300.CSI,20220926,5191.6101,5182.0277,5268.1704,5179.4461,5217.6507,-26.0406,-0.4991,,
H00300.CSI,20220923,5217.6507,5229.942,5261.1929,5181.8451,5235.678,-18.0273,-0.3443,,
H00300.CSI,20220922,5235.678,5243.5709,5277.4409,5222.9497,5282.1226,-46.4446,-0.8793,,
H00300.CSI,20220921,5282.1226,5305.914,5309.9802,5256.1716,5321.4994,-39.3768,-0.74,,
H00300.CSI,20220920,5321.4994,5338.8334,5355.2219,5306.5206,5314.3945,7.1049,0.1337,,
H00300.CSI,20220919,5314.3945,5314.9679,5349.3388,5290.6025,5320.1113,-5.7168,-0.1075,,
H00300.CSI,20220916,5320.1113,5429.5528,5437.2314,5320.1113,5447.8637,-127.7524,-2.345,,
H00300.CSI,20220915,5447.8637,5517.5745,5531.4892,5409.44,5499.295,-51.4313,-0.9352,,
H00300.CSI,20220914,5499.295,5489.4,5531.0767,5475.8206,5561.1894,-61.8944,-1.113,,
H00300.CSI,20220913,5561.1894,5562.4038,5584.0976,5542.231,5537.7507,23.4387,0.4233,,
H00300.CSI,20220909,5537.7507,5479.3103,5544.7805,5468.0126,5461.8583,75.8924,1.3895,,
H00300.CSI,20220908,5461.8583,5490.9215,5502.3253,5459.6218,5485.0708,-23.2125,-0.4232,,
H00300.CSI,20220907,5485.0708,5454.9604,5502.0563,5450.2758,5481.4148,3.656,0.0667,,
H00300.CSI,20220906,5481.4148,5443.8001,5483.84,5423.5645,5431.3172,50.0976,0.9224,,
H00300.CSI,20220905,5431.3172,5424.5254,5433.4519,5387.3076,5442.3906,-11.0734,-0.2035,,
H00300.CSI,20220902,5442.3906,5484.6316,5486.7476,5417.0042,5469.6139,-27.2233,-0.4977,,
H00300.CSI,20220901,5469.6139,5499.9765,5533.3797,5466.1092,5517.0915,-47.4776,-0.8606,,
H00300.CSI,20220831,5517.0915,5487.7453,5563.0158,5473.4828,5512.9708,4.1207,0.0747,,
H00300.CSI,20220830,5512.9708,5530.1929,5536.3871,5475.9442,5531.5378,-18.567,-0.3357,,
H00300.CSI,20220829,5531.5378,5496.8595,5536.5092,5491.5828,5555.9187,-24.3809,-0.4388,94354432.33,203086114.661
H00300.CSI,20220826,5555.9187,5583.3343,5599.497,5549.2115,5565.1103,-9.1916,-0.1652,99000492.94,225519196.751
H00300.CSI,20220825,5565.1103,5534.0892,5569.8986,5486.9566,5517.4363,47.674,0.8641,111320744.93,242149581.429
H00300.CSI,20220824,5517.4363,5633.8783,5640.9446,5512.8044,5623.7106,-106.2743,-1.8898,119069678.58,262844309.262
H00300.CSI,20220823,5623.7106,5643.2385,5659.2632,5605.007,5650.1683,-26.4577,-0.4683,103153512.08,239101330.781
H00300.CSI,20220822,5650.1683,5587.6938,5653.0692,5586.4801,5609.1944,40.9739,0.7305,112442720.1,259747163.642
H00300.CSI,20220819,5609.1944,5640.9112,5656.0227,5609.1944,5647.8439,-38.6495,-0.6843,117402978.26,262494128.096
H00300.CSI,20220818,5647.8439,5682.5482,5691.1464,5639.0431,5697.4042,-49.5603,-0.8699,101052649.73,233115491.33
H00300.CSI,20220817,5697.4042,5650.9384,5705.3685,5613.8152,5644.5481,52.8561,0.9364,112864658.88,252044324.993
H00300.CSI,20220816,5644.5481,5661.693,5686.4035,5634.3896,5655.0787,-10.5306,-0.1862,93906139.1,233818584.679
H00300.CSI,20220815,5655.0787,5647.4063,5701.2934,5640.3099,5662.2732,-7.1945,-0.1271,105898495.14,245539800.932
H00300.CSI,20220812,5662.2732,5654.5296,5677.6562,5640.5658,5664.8712,-2.598,-0.0459,106808295.08,219208055.204
H00300.CSI,20220811,5664.8712,5580.035,5665.4375,5560.285,5551.6621,113.2091,2.0392,121385051.22,269630998.354
H00300.CSI,20220810,5551.6621,5604.9801,5620.5352,5528.1988,5614.2023,-62.5402,-1.114,85565839.04,217447368.414
H00300.CSI,20220809,5614.2023,5597.1493,5621.7344,5580.5664,5603.1042,11.0981,0.1981,84136958.53,214223692.207
H00300.CSI,20220808,5603.1042,5595.049,5613.651,5585.5861,5614.4208,-11.3166,-0.2016,90208138.17,224080811.998
H00300.CSI,20220805,5614.4208,5550.5601,5617.8456,5534.627,5535.161,79.2598,1.4319,102571003.64,247325901.964
H00300.CSI,20220804,5535.161,5518.8386,5543.9389,5485.3928,5488.4711,46.6899,0.8507,89532643.85,216898674.852
H00300.CSI,20220803,5488.4711,5553.0452,5601.8649,5476.5803,5542.1387,-53.6676,-0.9684,116666124.27,268695834.712
H00300.CSI,20220802,5542.1387,5592.5433,5592.5433,5494.0855,5652.3255,-110.1868,-1.9494,142224424.64,281013555.224
H00300.CSI,20220801,5652.3255,5614.5001,5663.0288,5572.9084,5627.2578,25.0677,0.4455,107749028.84,251125308.546
H00300.CSI,20220729,5627.2578,5703.2612,5726.1466,5614.7699,5700.535,-73.2772,-1.2854,114179285.76,253198574.592
H00300.CSI,20220728,5700.535,5722.9301,5757.6273,5696.9576,5698.4949,2.0401,0.0358,107531929.91,243871486.414
H00300.CSI,20220727,5698.4949,5713.4907,5721.6213,5687.9979,5726.7379,-28.243,-0.4932,78904940.28,194245303.751
H00300.CSI,20220726,5726.7379,5691.826,5745.8089,5684.1891,5681.2857,45.4522,0.8,85823274.14,197601406.316
H00300.CSI,20220725,5681.2857,5709.9893,5711.2113,5666.7732,5715.4271,-34.1414,-0.5974,83636663.91,188136426.623
H00300.CSI,20220722,5715.4271,5733.7032,5765.6931,5673.768,5711.8491,3.578,0.0626,103840624.28,224295333.407
H00300.CSI,20220721,5711.8491,5758.105,5775.4439,5711.8491,5772.1203,-60.2712,-1.0442,117156343.9,239228146.756
H00300.CSI,20220720,5772.1203,5782.1965,5798.4844,5753.359,5752.589,19.5313,0.3395,94490143.6,212301881.347
H00300.CSI,20220719,5752.589,5778.3301,5778.3301,5711.3362,5783.6746,-31.0856,-0.5375,103805730.14,231117731.756
H00300.CSI,20220718,5783.6746,5742.6717,5794.473,5682.7337,5724.2197,59.4549,1.0387,122601192.01,281055128.583
H00300.CSI,20220715,5724.2197,5792.8588,5854.1724,5724.2197,5809.3542,-85.1345,-1.4655,150214453.29,316793192.618
H00300.CSI,20220714,5809.3542,5791.543,5849.7725,5769.6987,5807.5653,1.7889,0.0308,145250926.1,301569860.983
H00300.CSI,20220713,5807.5653,5796.6761,5834.3879,5758.299,5796.1057,11.4596,0.1977,131113179.16,286075545.353
H00300.CSI,20220712,5796.1057,5848.5455,5872.2912,5773.1499,5844.1645,-48.0588,-0.8223,130187837.72,291072311.797
H00300.CSI,20220711,5844.1645,5913.3223,5913.3223,5811.7451,5940.2226,-96.0581,-1.6171,134448578.02,299195233.376
H00300.CSI,20220708,5940.2226,5992.9104,6008.8999,5937.5109,5955.8351,-15.6125,-0.2621,123195739.15,304031107.245
H00300.CSI,20220707,5955.8351,5931.4511,5974.2721,5886.0043,5927.9444,27.8907,0.4705,132660905.99,328133133.605
H00300.CSI,20220706,5927.9444,5996.9681,6008.5188,5886.7379,6014.583,-86.6386,-1.4405,149800235.47,344672707.676
H00300.CSI,20220705,6014.583,6035.9094,6069.3356,5947.4749,6023.0757,-8.4927,-0.141,154962415.19,361891850.791
H00300.CSI,20220704,6023.0757,5957.6819,6023.0757,5931.3332,5983.7399,39.3358,0.6574,146345651.1,356968521.207
H00300.CSI,20220701,5983.7399,6014.2867,6029.5661,5960.3122,6008.2456,-24.5057,-0.4079,144779599.02,318492130.144
H00300.CSI,20220630,6008.2456,5918.5639,6048.4098,5918.5639,5916.5159,91.7297,1.5504,156666288.93,354343886.7
H00300.CSI,20220629,5916.5159,5985.2678,6026.1196,5907.2038,6005.5493,-89.0334,-1.4825,187276688.17,395926107.639
H00300.CSI,20220628,6005.5493,5941.4411,6015.4506,5894.8137,5942.8561,62.6932,1.0549,174756489.25,361685970.6
H00300.CSI,20220627,5942.8561,5902.8314,5980.9743,5902.8314,5876.2641,66.592,1.1332,177385676.19,381432966.3
H00300.CSI,20220624,5876.2641,5822.4869,5884.1689,5811.2389,5806.6274,69.6367,1.1993,168972198.97,356054750.5
H00300.CSI,20220623,5806.6274,5718.5062,5806.6274,5696.1904,5707.6478,98.9796,1.7342,170882360.45,327144780.5
H00300.CSI,20220622,5707.6478,5789.547,5791.8887,5705.7766,5779.802,-72.1542,-1.2484,158565853.9,298656263.3
H00300.CSI,20220621,5779.802,5782.9424,5822.7854,5728.5524,5783.0923,-3.2903,-0.0569,164667615.29,317163317.7
H00300.CSI,20220620,5783.0923,5772.9423,5833.8669,5739.4776,5749.6445,33.4478,0.5817,165666381.93,359569296.8
H00300.CSI,20220617,5749.6445,5629.8086,5762.4018,5628.8206,5669.7672,79.8773,1.4088,158649097.7,346675726.8
H00300.CSI,20220616,5669.7672,5712.485,5739.9693,5657.7157,5702.4977,-32.7305,-0.574,184074416.48,337235911.5
H00300.CSI,20220615,5702.4977,5635.9516,5796.1311,5635.9516,5627.7936,74.7041,1.3274,257046590.07,459766820.6
H00300.CSI,20220614,5627.7936,5522.3793,5630.2101,5468.535,5583.8168,43.9768,0.7876,171385903.88,335418557.9
H00300.CSI,20220613,5583.8168,5590.6205,5622.286,5540.119,5649.5064,-65.6896,-1.1627,168475622.1,336585670.5
H00300.CSI,20220610,5649.5064,5525.1036,5652.4051,5521.494,5561.984,87.5224,1.5736,184796213.8,324091440.6
H00300.CSI,20220609,5561.984,5609.9995,5630.8344,5542.3912,5619.6803,-57.6963,-1.0267,168449153.63,285172804.2
H00300.CSI,20220608,5619.6803,5576.1805,5626.5109,5537.1,5564.1092,55.5711,0.9987,157374057.42,319480252.8
H00300.CSI,20220607,5564.1092,5546.217,5589.2503,5531.835,5546.5116,17.5976,0.3173,142992881.38,285733722.3
H00300.CSI,20220606,5546.5116,5445.9197,5547.1924,5410.6451,5444.1662,102.3454,1.8799,167871011.15,324075626.9
H00300.CSI,20220602,5444.1662,5410.1284,5446.2629,5401.595,5432.0975,12.0687,0.2222,113893637.75,222657537.9
H00300.CSI,20220601,5432.0975,5436.6746,5447.5692,5399.6174,5440.8594,-8.7619,-0.161,114850879.32,225416237.8
H00300.CSI,20220531,5440.8594,5361.3971,5447.0991,5345.9169,5357.3197,83.5397,1.5594,135415513.24,267770088.671
H00300.CSI,20220530,5357.3197,5346.4701,5372.9706,5323.1632,5317.8043,39.5154,0.7431,111152240.68,211144721.565
H00300.CSI,20220527,5317.8043,5346.2596,5384.1559,5293.8981,5306.5878,11.2165,0.2114,112769336.99,206944426.174
H00300.CSI,20220526,5306.5878,5299.4605,5337.0431,5233.6578,5289.4653,17.1225,0.3237,126263688.73,216987025.347
H00300.CSI,20220525,5289.4653,5258.3764,5290.162,5241.443,5257.206,32.2593,0.6136,107734015.42,188700537.336
H00300.CSI,20220524,5257.206,5381.6444,5385.4811,5257.206,5382.9811,-125.7751,-2.3365,145554336.18,247713039.663
H00300.CSI,20220523,5382.9811,5418.8152,5419.2296,5349.8417,5414.3411,-31.36,-0.5792,130477810.36,225981540.867
H00300.CSI,20220520,5414.3411,5338.9424,5414.3411,5338.9424,5310.7014,103.6397,1.9515,147069173.47,265609089.896
H00300.CSI,20220519,5310.7014,5229.3041,5310.7014,5222.8254,5299.4819,11.2195,0.2117,116293420.09,210206681.591
H00300.CSI,20220518,5299.4819,5330.1571,5332.9734,5263.5035,5318.0498,-18.5679,-0.3491,108074233.47,201800665.999
H00300.CSI,20220517,5318.0498,5259.4609,5318.0498,5250.6383,5252.5275,65.5223,1.2474,109661453.97,210117539.641
H00300.CSI,20220516,5252.5275,5330.1333,5333.8715,5240.5651,5294.5958,-42.0683,-0.7946,112425294.22,199717909.486
H00300.CSI,20220513,5294.5958,5288.2505,5315.1377,5252.7707,5254.9584,39.6374,0.7543,109968356.8,195727044.869
H00300.CSI,20220512,5254.9584,5243.2889,5290.6472,5224.3348,5278.2501,-23.2917,-0.4413,113376065.85,202029156.374
H00300.CSI,20220511,5278.2501,5200.61,5353.489,5199.0668,5203.0502,75.1999,1.4453,165632255.65,309294912.743
H00300.CSI,20220510,5203.0502,5071.3229,5220.2115,5055.0383,5146.3631,56.6871,1.1015,136416918.42,239060211.881
H00300.CSI,20220509,5146.3631,5155.0102,5194.9359,5116.4303,5187.8988,-41.5357,-0.8006,92936694.46,171756502.808
H00300.CSI,20220506,5187.8988,5214.4962,5238.8752,5178.9141,5322.4511,-134.5523,-2.528,123005550.99,214825173.995
H00300.CSI,20220505,5322.4511,5302.7326,5361.6579,5294.2836,5330.2131,-7.762,-0.1456,154170716.41,290538230.618
H00300.CSI,20220429,5330.2131,5228.5293,5331.9758,5173.8413,5201.7531,128.46,2.4696,179458376.88,321414877.379
H00300.CSI,20220428,5201.7531,5151.7564,5231.1914,5138.4691,5167.8302,33.9229,0.6564,153056585.97,268502242.398
H00300.CSI,20220427,5167.8302,4985.4852,5167.8302,4984.8709,5020.025,147.8052,2.9443,172734045.5,296924102.882
H00300.CSI,20220426,5020.025,5070.9254,5136.8314,5006.3684,5060.8611,-40.8361,-0.8069,157577610.65,259626354.173
H00300.CSI,20220425,5060.8611,5218.1072,5251.4133,5060.6606,5323.9751,-263.114,-4.9421,168364501.95,272889272.224
H00300.CSI,20220422,5323.9751,5262.8875,5355.5556,5244.813,5300.8659,23.1092,0.436,122101810.63,206371766.664
H00300.CSI,20220421,5300.8659,5371.0482,5420.9728,5277.605,5400.2991,-99.4332,-1.8413,132783828.15,227026679.628
H00300.CSI,20220420,5400.2991,5479.5683,5486.8425,5386.6039,5485.1331,-84.834,-1.5466,117331657.73,216536635.64
H00300.CSI,20220419,5485.1331,5520.9911,5553.6925,5459.2315,5526.8963,-41.7632,-0.7556,110217471.11,208570579.078
H00300.CSI,20220418,5526.8963,5509.0492,5533.9514,5465.2051,5556.508,-29.6117,-0.5329,117504610.17,212855328.132
H00300.CSI,20220415,5556.508,5521.5203,5586.4987,5509.2747,5560.2505,-3.7425,-0.0673,124762263.31,226229740.23
H00300.CSI,20220414,5560.2505,5535.1471,5593.7473,5512.2937,5491.4945,68.756,1.252,124791315.96,245993821.992
H00300.CSI,20220413,5491.4945,5510.9615,5563.6166,5491.4945,5544.6307,-53.1362,-0.9583,125097489.21,221281029.506
H00300.CSI,20220412,5544.6307,5442.4898,5544.6307,5406.5219,5438.6421,105.9886,1.9488,144285683.73,252830412.704
H00300.CSI,20220411,5438.6421,5576.224,5576.224,5424.0795,5612.0078,-173.3657,-3.0892,148197070.63,265224932.419
H00300.CSI,20220408,5612.0078,5588.72,5621.6504,5538.6337,5581.9571,30.0507,0.5384,142843793.48,229081764.706
H00300.CSI,20220407,5581.9571,5622.9672,5673.5825,5577.3431,5654.553,-72.5959,-1.2838,134880353.1,216996185.452
H00300.CSI,20220406,5654.553,5647.9108,5672.9126,5618.7089,5670.8678,-16.3148,-0.2877,159062194.94,253690929.847
H00300.CSI,20220401,5670.8678,5568.3041,5690.3067,5556.6311,5599.8371,71.0307,1.2684,133803052.93,244758870.702
H00300.CSI,20220331,5599.8371,5615.9089,5633.0573,5588.8929,5641.614,-41.7769,-0.7405,134029184.9,238877216.754
H00300.CSI,20220330,5641.614,5519.697,5641.614,5517.9824,5482.4208,159.1932,2.9037,138346023.55,268869181.121
H00300.CSI,20220329,5482.4208,5510.633,5539.3811,5469.8885,5501.4138,-18.993,-0.3452,100266972.05,199463853.619
H00300.CSI,20220328,5501.4138,5475.384,5535.6988,5425.661,5536.0364,-34.6226,-0.6254,118449020.67,213468973.944
H00300.CSI,20220325,5536.0364,5634.8318,5642.514,5535.1469,5637.793,-101.7566,-1.8049,108808045.83,217013187.216
H00300.CSI,20220324,5637.793,5635.4413,5668.4015,5591.8082,5671.2265,-33.4335,-0.5895,108918272.24,219594430.486
H00300.CSI,20220323,5671.2265,5662.0648,5685.8908,5625.3041,5643.0828,28.1437,0.4987,117089077.74,226390778.349
H00300.CSI,20220322,5643.0828,5639.4635,5680.4942,5618.3987,5647.6592,-4.5764,-0.081,126382469.8,226213533.929
H00300.CSI,20220321,5647.6592,5676.0301,5686.2046,5600.4222,5657.1487,-9.4895,-0.1677,127036360.1,251214543.27
H00300.CSI,20220318,5657.1487,5594.2528,5680.5305,5562.884,5619.7436,37.4051,0.6656,149458305.14,275791291.022
H00300.CSI,20220317,5619.7436,5619.7126,5705.9931,5592.8452,5511.512,108.2316,1.9637,179407344.06,385039197.239
H00300.CSI,20220316,5511.512,5374.9442,5528.1453,5228.7432,5283.0605,228.4515,4.3242,196021981.92,378883588.235
H00300.CSI,20220315,5283.0605,5470.9398,5520.5544,5283.0605,5536.2798,-253.2193,-4.5738,202524698.91,346988947.318
H00300.CSI,20220314,5536.2798,5633.611,5676.5332,5536.2798,5711.0161,-174.7363,-3.0596,130187235.51,260691659.405
H00300.CSI,20220311,5711.0161,5611.1245,5723.7689,5538.434,5692.869,18.1471,0.3188,152399921.19,295008832.384
H00300.CSI,20220310,5692.869,5737.1168,5749.9477,5687.0417,5604.693,88.176,1.5733,145266382.73,301636182.14
H00300.CSI,20220309,5604.693,5677.1431,5708.3178,5394.1282,5656.4715,-51.7785,-0.9154,194232900.02,341009391.817
H00300.CSI,20220308,5656.4715,5784.1135,5813.7541,5639.6767,5772.3575,-115.886,-2.0076,167863277.11,315176698.318
H00300.CSI,20220307,5772.3575,5917.8871,5917.8871,5753.0649,5962.8598,-190.5023,-3.1948,162197705.81,306898527.609
H00300.CSI,20220304,5962.8598,5985.3158,6019.6564,5943.2287,6036.0599,-73.2001,-1.2127,127266805.52,249970282.219
H00300.CSI,20220303,6036.0599,6093.6095,6099.2954,6026.591,6071.8288,-35.7689,-0.5891,138285876.54,242701771.939
H00300.CSI,20220302,6071.8288,6092.273,6092.273,6045.0329,6126.3136,-54.4848,-0.8894,113298324.67,215299655.317
H00300.CSI,20220301,6126.3136,6097.3626,6131.3168,6078.6993,6075.8672,50.4464,0.8303,123139219.88,260431185.013
H00300.CSI,20220228,6075.8672,6052.1252,6075.8672,6008.4265,6064.9647,10.9025,0.1798,135406978.09,248363727.429
H00300.CSI,20220225,6064.9647,6053.3047,6116.1764,6049.7843,6006.4747,58.49,0.9738,149722582.92,271727599.618
H00300.CSI,20220224,6006.4747,6089.6896,6114.6595,5952.3453,6130.7698,-124.2951,-2.0274,184403058.37,342346666.808
H00300.CSI,20220223,6130.7698,6076.3453,6133.8253,6072.6891,6065.9302,64.8396,1.0689,122952915.74,259050146.142
H00300.CSI,20220222,6065.9302,6102.7512,6102.7512,6034.8055,6145.7122,-79.782,-1.2982,123317237.41,246872960.618
H00300.CSI,20220221,6145.7122,6161.2784,6162.2633,6117.73,6168.1526,-22.4404,-0.3638,112516511.98,215039182.246
H00300.CSI,20220218,6168.1526,6106.2634,6168.3287,6097.8757,6138.8836,29.269,0.4768,104550227.67,195825700.426
H00300.CSI,20220217,6138.8836,6122.6128,6166.7338,6109.3838,6124.0633,14.8203,0.242,110014643.32,227946249.258
H00300.CSI,20220216,6124.0633,6126.5253,6157.3757,6109.6317,6100.3431,23.7202,0.3888,107258954.86,210190930.989
H00300.CSI,20220215,6100.3431,6038.9547,6102.247,6034.4347,6036.1388,64.2043,1.0637,115025599.78,249977008.622
H00300.CSI,20220214,6036.1388,6072.9156,6091.9337,6007.3767,6102.0575,-65.9187,-1.0803,143673894.26,275737553.413
H00300.CSI,20220211,6102.0575,6123.9106,6183.3077,6094.6621,6153.07,-51.0125,-0.8291,155974583.61,307938016.664
H00300.CSI,20220210,6153.07,6176.0761,6176.0761,6111.3642,6169.2467,-16.1767,-0.2622,151576666.43,287224388.031
H00300.CSI,20220209,6169.2467,6111.0139,6178.9975,6093.7045,6111.8411,57.4056,0.9393,148335546.69,273771960.455
H00300.CSI,20220208,6111.8411,6135.2654,6135.5482,5997.2656,6145.4148,-33.5737,-0.5463,155830708.35,281364873.709
H00300.CSI,20220207,6145.4148,6151.3632,6196.0499,6119.9572,6052.1641,93.2507,1.5408,144849719.67,266031793.938
H00300.CSI,20220128,6052.1641,6155.6577,6181.4253,6046.9456,6126.566,-74.4019,-1.2144,126480112.48,263967891.777
H00300.CSI,20220127,6126.566,6243.5605,6244.0886,6121.2353,6249.1462,-122.5802,-1.9616,121263804.0,250535654.774
H00300.CSI,20220126,6249.1462,6228.9734,6258.2089,6163.6098,6204.2437,44.9025,0.7237,107070842.19,226553448.299
H00300.CSI,20220125,6204.2437,6314.9743,6341.4359,6203.6792,6347.846,-143.6023,-2.2622,133667585.54,250555769.118
H00300.CSI,20220124,6347.846,6304.3536,6367.0947,6294.4863,6338.0015,9.8445,0.1553,114463880.2,246261594.8
H00300.CSI,20220121,6338.0015,6377.0681,6390.2184,6315.8831,6396.6097,-58.6082,-0.9162,138952585.07,274699155.245
H00300.CSI,20220120,6396.6097,6336.6055,6425.1351,6335.8931,6339.4127,57.197,0.9022,164971314.57,304344267.919
H00300.CSI,20220119,6339.4127,6386.4004,6403.973,6307.3315,6383.1336,-43.7209,-0.6849,133927359.52,275534557.417
H00300.CSI,20220118,6383.1336,6321.3809,6400.3713,6296.0509,6322.0374,61.0962,0.9664,150870802.27,282749393.09
H00300.CSI,20220117,6322.0374,6270.9592,6332.4489,6268.586,6268.2701,53.7673,0.8578,115295690.8,263788241.621
H00300.CSI,20220114,6268.2701,6291.054,6317.6152,6264.4436,6320.2377,-51.9676,-0.8222,146863126.06,281828448.458
H00300.CSI,20220113,6320.2377,6435.7602,6436.1561,6319.1178,6425.8769,-105.6392,-1.644,142519653.39,288799116.987
H00300.CSI,20220112,6425.8769,6390.4844,6435.6456,6379.7569,6362.4808,63.3961,0.9964,143200203.72,293153042.794
H00300.CSI,20220111,6362.4808,6418.4903,6433.1166,6354.6248,6423.8432,-61.3624,-0.9552,146928004.29,286445755.977
H00300.CSI,20220110,6423.8432,6381.6522,6424.2801,6340.1193,6395.0977,28.7455,0.4495,156211696.33,305033816.734
H00300.CSI,20220107,6395.0977,6397.6826,6440.5719,6389.5073,6389.6113,5.4864,0.0859,187139413.09,332218950.68
H00300.CSI,20220106,6389.6113,6421.338,6441.9677,6347.4914,6455.7699,-66.1586,-1.0248,157665826.46,321750076.499
H00300.CSI,20220105,6455.7699,6508.5692,6519.7534,6434.4045,6521.6058,-65.8359,-1.0095,178816099.71,363944528.795
H00300.CSI,20220104,6521.6058,6574.9406,6577.2784,6464.6352,6551.587,-29.9812,-0.4576,151534776.04,336516961.578
H00300.CSI,20211231,6551.587,6547.7276,6565.1169,6528.7962,6526.573,25.014,0.3833,121313736.99,266975388.673
H00300.CSI,20211230,6526.573,6474.3833,6551.5998,6470.0423,6476.1396,50.4334,0.7788,121617177.88,268022477.264
H00300.CSI,20211229,6476.1396,6575.8184,6575.8184,6476.1396,6572.2629,-96.1233,-1.4626,113587001.67,273225467.058
H00300.CSI,20211228,6572.2629,6529.4651,6576.6996,6515.786,6523.6727,48.5902,0.7448,130457757.02,276316732.129
H00300.CSI,20211227,6523.6727,6522.1109,6551.1285,6490.1529,6526.3529,-2.6802,-0.0411,124100952.34,254421525.123
H00300.CSI,20211224,6526.3529,6568.4134,6583.8641,6505.9141,6562.681,-36.3281,-0.5536,142673323.38,290483663.452
H00300.CSI,20211223,6562.681,6530.26,6562.681,6506.8292,6517.2151,45.4659,0.6976,139555406.38,263359754.75
H00300.CSI,20211222,6517.2151,6530.6393,6546.4942,6502.1529,6515.93,1.2851,0.0197,133256739.98,244642450.461
H00300.CSI,20211221,6515.93,6466.9014,6521.7841,6462.2449,6472.0782,43.8518,0.6776,143339897.94,259023177.271
H00300.CSI,20211220,6472.0782,6544.4166,6592.7975,6461.8195,6570.6655,-98.5873,-1.5004,169675690.18,317536919.336
H00300.CSI,20211217,6570.6655,6658.9576,6660.1232,6570.6655,6676.7193,-106.0538,-1.5884,149005398.61,297943311.131
H00300.CSI,20211216,6676.7193,6639.4263,6676.7193,6613.6551,6638.483,38.2363,0.576,144053867.09,291474766.822
H00300.CSI,20211215,6638.483,6678.7773,6710.8643,6635.7996,6696.5624,-58.0794,-0.8673,150529751.84,291072568.707
H00300.CSI,20211214,6696.5624,6718.6484,6731.0848,6681.9968,6741.7908,-45.2284,-0.6709,159107790.46,318685538.023
H00300.CSI,20211213,6741.7908,6750.0392,6821.1754,6736.2127,6703.7526,38.0382,0.5674,211801596.11,426376532.422
H00300.CSI,20211210,6703.7526,6692.0171,6710.4572,6678.1651,6735.0134,-31.2608,-0.4642,193695153.94,356917625.325
H00300.CSI,20211209,6735.0134,6631.5711,6782.4011,6629.3034,6625.2462,109.7672,1.6568,220568776.0,425680958.731
H00300.CSI,20211208,6625.2462,6543.6572,6625.2462,6518.6056,6527.3404,97.9058,1.4999,157490559.33,329064831.187
H00300.CSI,20211207,6527.3404,6538.9103,6543.9285,6491.6221,6488.2453,39.0951,0.6026,179053460.42,340617766.188
H00300.CSI,20211206,6488.2453,6510.5353,6556.3899,6483.2748,6499.3803,-11.135,-0.1713,173615682.86,333405790.964
H00300.CSI,20211203,6499.3803,6440.9811,6499.3803,6436.1677,6439.8974,59.4829,0.9237,144059626.07,300052698.286
H00300.CSI,20211202,6439.8974,6418.3488,6454.2905,6405.5744,6423.5701,16.3273,0.2542,148088521.3,278051726.105
H00300.CSI,20211201,6423.5701,6407.7063,6424.42,6397.0138,6407.8887,15.6814,0.2447,123086788.54,255968912.308
H00300.CSI,20211130,6407.8887,6441.2501,6459.9161,6378.9111,6433.6116,-25.7229,-0.3998,129630595.97,279268233.961
H00300.CSI,20211129,6433.6116,6391.9476,6443.4007,6389.8743,6445.1536,-11.542,-0.1791,133626862.26,285995221.605
H00300.CSI,20211126,6445.1536,6480.7271,6480.8621,6432.7666,6493.3121,-48.1585,-0.7417,120368974.32,243041335.596
H00300.CSI,20211125,6493.3121,6521.3781,6526.703,6487.0407,6520.1215,-26.8094,-0.4112,115984031.0,255450994.301
H00300.CSI,20211124,6520.1215,6516.632,6545.2363,6497.5305,6515.7291,4.3924,0.0674,137150673.47,289707337.655
H00300.CSI,20211123,6515.7291,6505.6677,6534.8184,6493.924,6514.4735,1.2556,0.0193,154304410.74,301022146.028
H00300.CSI,20211122,6514.4735,6491.9142,6523.3248,6489.4538,6484.8459,29.6276,0.4569,138092836.19,316148811.429
H00300.CSI,20211119,6484.8459,6407.9331,6488.6593,6404.0672,6415.2086,69.6373,1.0855,127198312.05,266280681.816
H00300.CSI,20211118,6415.2086,6460.0352,6460.0422,6405.5035,6478.9766,-63.768,-0.9842,114480564.51,244484713.746
H00300.CSI,20211117,6478.9766,6475.653,6486.4781,6450.6681,6475.4475,3.5291,0.0545,108459222.84,246177916.895
H00300.CSI,20211116,6475.4475,6472.2328,6517.9932,6466.3138,6474.1971,1.2504,0.0193,127254405.57,284094590.846
H00300.CSI,20211115,6474.1971,6490.1548,6505.6596,6449.0236,6482.1496,-7.9525,-0.1227,121823149.45,272997748.854
H00300.CSI,20211112,6482.1496,6501.4487,6509.4429,6464.8206,6495.7786,-13.629,-0.2098,132662968.54,271773244.45
H00300.CSI,20211111,6495.7786,6384.5411,6495.8192,6376.9977,6393.0635,102.7151,1.6067,160484863.4,323624626.016
H00300.CSI,20211110,6393.0635,6408.4562,6408.4562,6304.0458,6426.9461,-33.8826,-0.5272,135118178.92,301058966.221
H00300.CSI,20211109,6426.9461,6442.2063,6459.35,6389.4346,6428.6854,-1.7393,-0.0271,118375525.95,261645065.329
H00300.CSI,20211108,6428.6854,6419.3678,6452.056,6401.601,6420.9499,7.7355,0.1205,137398264.21,295893823.952
H00300.CSI,20211105,6420.9499,6442.9006,6483.7591,6419.912,6455.951,-35.0011,-0.5422,147789359.32,312070841.405
H00300.CSI,20211104,6455.951,6419.2863,6462.9015,6410.3563,6392.7937,63.1573,0.9879,132592970.03,308688054.523
H00300.CSI,20211103,6392.7937,6412.2824,6442.4813,6370.4732,6417.6347,-24.841,-0.3871,142763819.93,302269934.602
H00300.CSI,20211102,6417.6347,6479.0805,6512.2781,6361.9184,6485.0477,-67.413,-1.0395,185437687.69,385731879.766
H00300.CSI,20211101,6485.0477,6468.3965,6508.3601,6441.9183,6509.0285,-23.9808,-0.3684,171583973.97,379730767.509
H00300.CSI,20211029,6509.0285,6446.039,6509.116,6438.0597,6449.8462,59.1823,0.9176,159887353.49,368731987.255
H00300.CSI,20211028,6449.8462,6474.3081,6495.8196,6425.8334,6494.9653,-45.1191,-0.6947,156649471.64,316631709.513
H00300.CSI,20211027,6494.9653,6562.6742,6562.6742,6477.7404,6581.0677,-86.1024,-1.3083,147111593.32,299460469.368
H00300.CSI,20211026,6581.0677,6607.7733,6633.3495,6568.0799,6602.8474,-21.7797,-0.3299,140888942.81,301786229.69
H00300.CSI,20211025,6602.8474,6551.6277,6605.4027,6537.1991,6573.5361,29.3113,0.4459,141861489.92,299408232.105
H00300.CSI,20211022,6573.5361,6540.5929,6613.0592,6538.9326,6530.5312,43.0049,0.6585,143926227.91,289252612.148
H00300.CSI,20211021,6530.5312,6512.9356,6554.4155,6485.2369,6506.783,23.7482,0.365,148898154.44,274802962.445
H00300.CSI,20211020,6506.783,6528.765,6550.9002,6491.1499,6523.3988,-16.6158,-0.2547,141533182.64,279747732.402
H00300.CSI,20211019,6523.3988,6452.7246,6530.8383,6452.408,6459.86,63.5388,0.9836,135266493.34,282928243.757
H00300.CSI,20211018,6459.86,6523.1211,6523.1211,6420.2767,6535.8357,-75.9757,-1.1624,141245198.64,302539444.385
H00300.CSI,20211015,6535.8357,6488.7254,6546.1233,6468.3187,6510.3429,25.4928,0.3916,142822000.66,300728491.152
H00300.CSI,20211014,6510.3429,6537.697,6563.9501,6496.6726,6545.4384,-35.0955,-0.5362,119557012.98,249151666.502
H00300.CSI,20211013,6545.4384,6465.9875,6563.2327,6452.1221,6470.8804,74.558,1.1522,131142812.74,280044666.576
H00300.CSI,20211012,6470.8804,6519.669,6525.8067,6413.8642,6540.2484,-69.368,-1.0606,168079336.56,299424238.547
H00300.CSI,20211011,6540.2484,6547.0057,6603.1566,6533.1702,6531.9663,8.2821,0.1268,163511623.73,315186321.331
H00300.CSI,20211008,6531.9663,6513.138,6541.3178,6480.9441,6447.7541,84.2122,1.3061,168968077.47,343635835.258
H00300.CSI,20210930,6447.7541,6418.036,6460.2413,6418.036,6404.7532,43.0009,0.6714,146113895.73,283254685.179
H00300.CSI,20210929,6404.7532,6420.7761,6449.9548,6359.3756,6470.8285,-66.0753,-1.0211,188171365.87,331841767.698
H00300.CSI,20210928,6470.8285,6451.2941,6493.8617,6421.8271,6462.2717,8.5568,0.1324,176890880.35,321272191.483
H00300.CSI,20210927,6462.2717,6453.6309,6522.2006,6428.6386,6425.2498,37.0219,0.5762,215967029.91,426083025.364
H00300.CSI,20210924,6425.2498,6420.2287,6488.3416,6410.4225,6430.2422,-4.9924,-0.0776,207693290.16,361849453.146
H00300.CSI,20210923,6430.2422,6423.6527,6462.3484,6409.6701,6388.6015,41.6407,0.6518,228151063.79,362140919.511
H00300.CSI,20210922,6388.6015,6320.9824,6400.6518,6313.802,6433.8432,-45.2417,-0.7032,191220375.91,311952989.381
H00300.CSI,20210917,6433.8432,6355.9005,6436.5936,6341.1928,6368.8216,65.0216,1.0209,201958127.47,360397420.032
H00300.CSI,20210916,6368.8216,6447.1067,6463.9757,6367.1494,6447.8023,-78.9807,-1.2249,216752098.64,393517267.114
H00300.CSI,20210915,6447.8023,6496.1919,6496.1919,6416.0745,6513.83,-66.0277,-1.0137,187984730.21,363256653.827
H00300.CSI,20210914,6513.83,,,,6612.5187,-98.6887,-1.4925,,
H00300.CSI,20210913,6612.5187,,,,6641.4797,-28.961,-0.4361,,
H00300.CSI,20210910,6641.4797,,,,6583.8432,57.6365,0.8754,,
H00300.CSI,20210909,6583.8432,,,,6586.6504,-2.8072,-0.0426,,
H00300.CSI,20210908,6586.6504,,,,6614.068,-27.4176,-0.4145,,
H00300.CSI,20210907,6614.068,,,,6535.7733,78.2947,1.1979,,
H00300.CSI,20210906,6535.7733,,,,6415.6696,120.1037,1.872,,
H00300.CSI,20210903,6415.6696,,,,6450.5744,-34.9048,-0.5411,,
H00300.CSI,20210902,6450.5744,,,,6450.6371,-0.0627,-0.001,,
H00300.CSI,20210901,6450.6371,,,,6366.0558,84.5813,1.3286,,
H00300.CSI,20210831,6366.0558,,,,6376.2037,-10.1479,-0.1592,,
H00300.CSI,20210830,6376.2037,,,,6394.4489,-18.2452,-0.2853,,
H00300.CSI,20210827,6394.4489,,,,6360.3891,34.0598,0.5355,,
H00300.CSI,20210826,6360.3891,,,,6488.2798,-127.8907,-1.9711,,
H00300.CSI,20210825,6488.2798,,,,6472.272,16.0078,0.2473,,
H00300.CSI,20210824,6472.272,,,,6402.7457,69.5263,1.0859,,
H00300.CSI,20210823,6402.7457,,,,6309.7828,92.9629,1.4733,,
H00300.CSI,20210820,6309.7828,,,,6430.0493,-120.2665,-1.8704,,
H00300.CSI,20210819,6430.0493,,,,6472.3559,-42.3066,-0.6537,,
H00300.CSI,20210818,6472.3559,,,,6396.8567,75.4992,1.1803,,
H00300.CSI,20210817,6396.8567,,,,6533.7165,-136.8598,-2.0947,,
H00300.CSI,20210816,6533.7165,,,,6538.5217,-4.8052,-0.0735,,
H00300.CSI,20210813,6538.5217,,,,6573.9945,-35.4728,-0.5396,,
H00300.CSI,20210812,6573.9945,,,,6629.4385,-55.444,-0.8363,,
H00300.CSI,20210811,6629.4385,,,,6666.1785,-36.74,-0.5511,,
H00300.CSI,20210810,6666.1785,,,,6589.9747,76.2038,1.1564,,
H00300.CSI,20210809,6589.9747,,,,6505.2657,84.709,1.3022,,
H00300.CSI,20210806,6505.2657,,,,6539.8804,-34.6147,-0.5293,,
H00300.CSI,20210805,6539.8804,,,,6579.5713,-39.6909,-0.6032,,
H00300.CSI,20210804,6579.5713,,,,6520.5684,59.0029,0.9049,,
H00300.CSI,20210803,6520.5684,,,,6519.614,0.9544,0.0146,,
H00300.CSI,20210802,6519.614,,,,6357.6503,161.9637,2.5475,,
H00300.CSI,20210730,6357.6503,,,,6407.1031,-49.4528,-0.7718,,
H00300.CSI,20210729,6407.1031,,,,6286.7752,120.3279,1.914,,
H00300.CSI,20210728,6286.7752,,,,6273.9139,12.8613,0.205,,
H00300.CSI,20210727,6273.9139,,,,6503.3541,-229.4402,-3.528,,
H00300.CSI,20210726,6503.3541,,,,6719.8059,-216.4518,-3.2211,,
H00300.CSI,20210723,6719.8059,,,,6801.8913,-82.0854,-1.2068,,
H00300.CSI,20210722,6801.8913,,,,6790.976,10.9153,0.1607,,
H00300.CSI,20210721,6790.976,,,,6741.7419,49.2341,0.7303,,
H00300.CSI,20210720,6741.7419,,,,6747.1631,-5.4212,-0.0803,,
H00300.CSI,20210719,6747.1631,,,,6722.1141,25.049,0.3726,,
H00300.CSI,20210716,6722.1141,,,,6792.0893,-69.9752,-1.0302,,
H00300.CSI,20210715,6792.0893,,,,6700.3364,91.7529,1.3694,,
H00300.CSI,20210714,6700.3364,,,,6777.8655,-77.5291,-1.1439,,
H00300.CSI,20210713,6777.8655,,,,6757.0274,20.8381,0.3084,,
H00300.CSI,20210712,6757.0274,,,,6671.8103,85.2171,1.2773,,
H00300.CSI,20210709,6671.8103,,,,6690.4929,-18.6826,-0.2792,,
H00300.CSI,20210708,6690.4929,,,,6757.1579,-66.665,-0.9866,,
H00300.CSI,20210707,6757.1579,,,,6679.8285,77.3294,1.1577,,
H00300.CSI,20210706,6679.8285,,,,6678.4004,1.4281,0.0214,,
H00300.CSI,20210705,6678.4004,,,,6672.1099,6.2905,0.0943,,
H00300.CSI,20210702,6672.1099,,,,6867.0032,-194.8933,-2.8381,,
H00300.CSI,20210701,6867.0032,,,,6859.0579,7.9453,0.1158,,
H00300.CSI,20210630,6859.0579,,,,6811.7455,47.3124,0.6946,,
H00300.CSI,20210629,6811.7455,,,,6887.6341,-75.8886,-1.1018,,
H00300.CSI,20210628,6887.6341,,,,6871.8496,15.7845,0.2297,,
H00300.CSI,20210625,6871.8496,,,,6756.917,114.9326,1.701,,
H00300.CSI,20210624,6756.917,,,,6743.9179,12.9991,0.1928,,
H00300.CSI,20210623,6743.9179,,,,6710.1453,33.7726,0.5033,,
H00300.CSI,20210622,6710.1453,,,,6668.0974,42.0479,0.6306,,
H00300.CSI,20210621,6668.0974,,,,6683.8004,-15.703,-0.2349,,
H00300.CSI,20210618,6683.8004,,,,6680.6116,3.1888,0.0477,,
H00300.CSI,20210617,6680.6116,,,,6648.2243,32.3873,0.4872,,
H00300.CSI,20210616,6648.2243,,,,6759.6507,-111.4264,-1.6484,,
H00300.CSI,20210615,6759.6507,,,,6835.5899,-75.9392,-1.1109,,
H00300.CSI,20210611,6835.5899,,,,6894.266,-58.6761,-0.8511,,
H00300.CSI,20210610,6894.266,,,,6848.017,46.249,0.6754,,
H00300.CSI,20210609,6848.017,,,,6841.1399,6.8771,0.1005,,
H00300.CSI,20210608,6841.1399,,,,6900.2415,-59.1016,-0.8565,,
H00300.CSI,20210607,6900.2415,,,,6905.406,-5.1645,-0.0748,,
H00300.CSI,20210604,6905.406,,,,6866.6559,38.7501,0.5643,,
H00300.CSI,20210603,6866.6559,,,,6910.7528,-44.0969,-0.6381,,
H00300.CSI,20210602,6910.7528,,,,6975.5008,-64.748,-0.9282,,
H00300.CSI,20210601,6975.5008,,,,6961.7731,13.7277,0.1972,,
H00300.CSI,20210531,6961.7731,,,,6947.2584,14.5147,0.2089,,
H00300.CSI,20210528,6947.2584,,,,6968.3974,-21.139,-0.3034,,
H00300.CSI,20210527,6968.3974,,,,6945.187,23.2104,0.3342,,
H00300.CSI,20210526,6945.187,,,,6942.3234,2.8636,0.0412,,
H00300.CSI,20210525,6942.3234,,,,6729.6182,212.7052,3.1607,,
H00300.CSI,20210524,6729.6182,,,,6701.6144,28.0038,0.4179,,
H00300.CSI,20210521,6701.6144,,,,6768.42,-66.8056,-0.987,,
H00300.CSI,20210520,6768.42,,,,6749.6708,18.7492,0.2778,,
H00300.CSI,20210519,6749.6708,,,,6768.6764,-19.0056,-0.2808,,
H00300.CSI,20210518,6768.6764,,,,6765.259,3.4174,0.0505,,
H00300.CSI,20210517,6765.259,,,,6667.3079,97.9511,1.4691,,
H00300.CSI,20210514,6667.3079,,,,6513.2605,154.0474,2.3651,,
H00300.CSI,20210513,6513.2605,,,,6580.4793,-67.2188,-1.0215,,
H00300.CSI,20210512,6580.4793,,,,6552.0335,28.4458,0.4342,,
H00300.CSI,20210511,6552.0335,,,,6512.0326,40.0009,0.6143,,
H00300.CSI,20210510,6512.0326,,,,6516.5931,-4.5605,-0.07,,
H00300.CSI,20210507,6516.5931,,,,6601.405,-84.8119,-1.2848,,
H00300.CSI,20210506,6601.405,,,,6682.7494,-81.3444,-1.2172,,
H00300.CSI,20210430,6682.7494,,,,6735.6531,-52.9037,-0.7854,,
H00300.CSI,20210429,6735.6531,,,,6677.0543,58.5988,0.8776,,
H00300.CSI,20210428,6677.0543,,,,6639.5913,37.463,0.5642,,
H00300.CSI,20210427,6639.5913,,,,6622.2672,17.3241,0.2616,,
H00300.CSI,20210426,6622.2672,,,,6697.4926,-75.2254,-1.1232,,
H00300.CSI,20210423,6697.4926,,,,6637.2272,60.2654,0.908,,
H00300.CSI,20210422,6637.2272,,,,6644.4084,-7.1812,-0.1081,,
H00300.CSI,20210421,6644.4084,,,,6624.3666,20.0418,0.3025,,
H00300.CSI,20210420,6624.3666,,,,6628.9166,-4.55,-0.0686,,
H00300.CSI,20210419,6628.9166,,,,6471.4554,157.4612,2.4332,,
H00300.CSI,20210416,6471.4554,,,,6449.0328,22.4226,0.3477,,
H00300.CSI,20210415,6449.0328,,,,6490.281,-41.2482,-0.6355,,
H00300.CSI,20210414,6490.281,,,,6436.8744,53.4066,0.8297,,
H00300.CSI,20210413,6436.8744,,,,6447.4324,-10.558,-0.1638,,
H00300.CSI,20210412,6447.4324,,,,6561.5733,-114.1409,-1.7395,,
H00300.CSI,20210409,6561.5733,,,,6661.7445,-100.1712,-1.5037,,
H00300.CSI,20210408,6661.7445,,,,6650.7127,11.0318,0.1659,,
H00300.CSI,20210407,6650.7127,,,,6698.405,-47.6923,-0.712,,
H00300.CSI,20210406,6698.405,,,,6726.0506,-27.6456,-0.411,,
H00300.CSI,20210402,6726.0506,,,,6659.8788,66.1718,0.9936,,
H00300.CSI,20210401,6659.8788,,,,6578.2996,81.5792,1.2401,,
H00300.CSI,20210331,6578.2996,,,,6638.631,-60.3314,-0.9088,,
H00300.CSI,20210330,6638.631,,,,6576.2782,62.3528,0.9481,,
H00300.CSI,20210329,6576.2782,,,,6564.6976,11.5806,0.1764,,
H00300.CSI,20210326,6564.6976,,,,6419.2224,145.4752,2.2662,,
H00300.CSI,20210325,6419.2224,,,,6422.2695,-3.0471,-0.0474,,
H00300.CSI,20210324,6422.2695,,,,6527.2431,-104.9736,-1.6082,,
H00300.CSI,20210323,6527.2431,,,,6589.6665,-62.4234,-0.9473,,
H00300.CSI,20210322,6589.6665,,,,6524.4348,65.2317,0.9998,,
H00300.CSI,20210319,6524.4348,,,,6699.9246,-175.4898,-2.6193,,
H00300.CSI,20210318,6699.9246,,,,6646.6173,53.3073,0.802,,
H00300.CSI,20210317,6646.6173,,,,6618.6076,28.0097,0.4232,,
H00300.CSI,20210316,6618.6076,,,,6561.5107,57.0969,0.8702,,
H00300.CSI,20210315,6561.5107,,,,6705.9323,-144.4216,-2.1536,,
H00300.CSI,20210312,6705.9323,,,,6682.2652,23.6671,0.3542,,
H00300.CSI,20210311,6682.2652,,,,6519.902,162.3632,2.4903,,
H00300.CSI,20210310,6519.902,,,,6477.4064,42.4956,0.6561,,
H00300.CSI,20210309,6477.4064,,,,6619.3528,-141.9464,-2.1444,,
H00300.CSI,20210308,6619.3528,,,,6857.5065,-238.1537,-3.4729,,
H00300.CSI,20210305,6857.5065,,,,6880.8436,-23.3371,-0.3392,,
H00300.CSI,20210304,6880.8436,,,,7104.3194,-223.4758,-3.1456,,
H00300.CSI,20210303,7104.3194,,,,6970.653,133.6664,1.9176,,
H00300.CSI,20210302,6970.653,,,,7060.7612,-90.1082,-1.2762,,
H00300.CSI,20210301,7060.7612,,,,6953.8842,106.877,1.5369,,
H00300.CSI,20210226,6953.8842,,,,7126.9215,-173.0373,-2.4279,,
H00300.CSI,20210225,7126.9215,,,,7085.2378,41.6837,0.5883,,
H00300.CSI,20210224,7085.2378,,,,7270.3962,-185.1584,-2.5467,,
H00300.CSI,20210223,7270.3962,,,,7293.4134,-23.0172,-0.3156,,
H00300.CSI,20210222,7293.4134,,,,7529.9229,-236.5095,-3.1409,,
H00300.CSI,20210219,7529.9229,,,,7516.2925,13.6304,0.1813,,
H00300.CSI,20210218,7516.2925,,,,7567.5502,-51.2577,-0.6773,,
H00300.CSI,20210210,7567.5502,,,,7409.2743,158.2759,2.1362,,
H00300.CSI,20210209,7409.2743,,,,7250.7124,158.5619,2.1868,,
H00300.CSI,20210208,7250.7124,,,,7144.9756,105.7368,1.4799,,
H00300.CSI,20210205,7144.9756,,,,7132.6405,12.3351,0.1729,,
H00300.CSI,20210204,7132.6405,,,,7147.3038,-14.6633,-0.2052,,
H00300.CSI,20210203,7147.3038,,,,7168.0097,-20.7059,-0.2889,,
H00300.CSI,20210202,7168.0097,,,,7059.2819,108.7278,1.5402,,
H00300.CSI,20210201,7059.2819,,,,6973.6949,85.587,1.2273,,
H00300.CSI,20210129,6973.6949,,,,7006.5023,-32.8074,-0.4682,,
H00300.CSI,20210128,7006.5023,,,,7203.0763,-196.574,-2.729,,
H00300.CSI,20210127,7203.0763,,,,7183.4846,19.5917,0.2727,,
H00300.CSI,20210126,7183.4846,,,,7330.6672,-147.1826,-2.0078,,
H00300.CSI,20210125,7330.6672,,,,7257.5065,73.1607,1.0081,,
H00300.CSI,20210122,7257.5065,,,,7251.2434,6.2631,0.0864,,
H00300.CSI,20210121,7251.2434,,,,7135.88,115.3634,1.6167,,
H00300.CSI,20210120,7135.88,,,,7085.1793,50.7007,0.7156,,
H00300.CSI,20210119,7085.1793,,,,7190.7199,-105.5406,-1.4677,,
H00300.CSI,20210118,7190.7199,,,,7111.9665,78.7534,1.1073,,
H00300.CSI,20210115,7111.9665,,,,7128.0914,-16.1249,-0.2262,,
H00300.CSI,20210114,7128.0914,,,,7268.185,-140.0936,-1.9275,,
H00300.CSI,20210113,7268.185,,,,7292.1362,-23.9512,-0.3285,,
H00300.CSI,20210112,7292.1362,,,,7089.9157,202.2205,2.8522,,
H00300.CSI,20210111,7089.9157,,,,7160.6334,-70.7177,-0.9876,,
H00300.CSI,20210108,7160.6334,,,,7184.3824,-23.749,-0.3306,,
H00300.CSI,20210107,7184.3824,,,,7059.3071,125.0753,1.7718,,
H00300.CSI,20210106,7059.3071,,,,6995.2472,64.0599,0.9158,,
H00300.CSI,20210105,6995.2472,,,,6863.9203,131.3269,1.9133,,
H00300.CSI,20210104,6863.9203,,,,6790.3916,73.5287,1.0828,,
H00300.CSI,20201231,6790.3916,,,,6663.246,127.1456,1.9082,,
H00300.CSI,20201230,6663.246,,,,6571.0258,92.2202,1.4034,,
H00300.CSI,20201229,6571.0258,,,,6599.0112,-27.9854,-0.4241,,
H00300.CSI,20201228,6599.0112,,,,6569.8225,29.1887,0.4443,,
H00300.CSI,20201225,6569.8225,,,,6515.098,54.7245,0.84,,
H00300.CSI,20201224,6515.098,,,,6524.36,-9.262,-0.142,,
H00300.CSI,20201223,6524.36,,,,6469.1763,55.1837,0.853,,
H00300.CSI,20201222,6469.1763,,,,6576.1107,-106.9344,-1.6261,,
H00300.CSI,20201221,6576.1107,,,,6515.036,61.0747,0.9374,,
H00300.CSI,20201218,6515.036,,,,6537.8526,-22.8166,-0.349,,
H00300.CSI,20201217,6537.8526,,,,6454.9195,82.9331,1.2848,,
H00300.CSI,20201216,6454.9195,,,,6443.496,11.4235,0.1773,,
H00300.CSI,20201215,6443.496,,,,6430.1209,13.3751,0.208,,
H00300.CSI,20201214,6430.1209,,,,6371.2173,58.9036,0.9245,,
H00300.CSI,20201211,6371.2173,,,,6437.0867,-65.8694,-1.0233,,
H00300.CSI,20201210,6437.0867,,,,6439.9188,-2.8321,-0.044,,
H00300.CSI,20201209,6439.9188,,,,6527.4486,-87.5298,-1.3409,,
H00300.CSI,20201208,6527.4486,,,,6543.517,-16.0684,-0.2456,,
H00300.CSI,20201207,6543.517,,,,6600.4296,-56.9126,-0.8623,,
H00300.CSI,20201204,6600.4296,,,,6588.8911,11.5385,0.1751,,
H00300.CSI,20201203,6588.8911,,,,6602.0301,-13.139,-0.199,,
H00300.CSI,20201202,6602.0301,,,,6601.9696,0.0605,0.0009,,
H00300.CSI,20201201,6601.9696,,,,6462.7585,139.2111,2.1541,,
H00300.CSI,20201130,6462.7585,,,,6489.4853,-26.7268,-0.4118,,
H00300.CSI,20201127,6489.4853,,,,6408.7939,80.6914,1.2591,,
H00300.CSI,20201126,6408.7939,,,,6397.2113,11.5826,0.1811,,
H00300.CSI,20201125,6397.2113,,,,6479.8119,-82.6006,-1.2747,,
H00300.CSI,20201124,6479.8119,,,,6519.8581,-40.0462,-0.6142,,
H00300.CSI,20201123,6519.8581,,,,6439.4328,80.4253,1.249,,
H00300.CSI,20201120,6439.4328,,,,6419.5033,19.9295,0.3105,,
H00300.CSI,20201119,6419.5033,,,,6372.1939,47.3094,0.7424,,
H00300.CSI,20201118,6372.1939,,,,6376.2509,-4.057,-0.0636,,
H00300.CSI,20201117,6376.2509,,,,6388.4772,-12.2263,-0.1914,,
H00300.CSI,20201116,6388.4772,,,,6326.8348,61.6424,0.9743,,
H00300.CSI,20201113,6326.8348,,,,6394.0675,-67.2327,-1.0515,,
H00300.CSI,20201112,6394.0675,,,,6387.701,6.3665,0.0997,,
H00300.CSI,20201111,6387.701,,,,6451.485,-63.784,-0.9887,,
H00300.CSI,20201110,6451.485,,,,6487.2647,-35.7797,-0.5515,,
H00300.CSI,20201109,6487.2647,,,,6362.7154,124.5493,1.9575,,
H00300.CSI,20201106,6362.7154,,,,6361.9262,0.7892,0.0124,,
H00300.CSI,20201105,6361.9262,,,,6268.3804,93.5458,1.4923,,
H00300.CSI,20201104,6268.3804,,,,6221.3764,47.004,0.7555,,
H00300.CSI,20201103,6221.3764,,,,6147.5029,73.8735,1.2017,,
H00300.CSI,20201102,6147.5029,,,,6114.2998,33.2031,0.543,,
H00300.CSI,20201030,6114.2998,,,,6215.3329,-101.0331,-1.6255,,
H00300.CSI,20201029,6215.3329,,,,6168.9119,46.421,0.7525,,
H00300.CSI,20201028,6168.9119,,,,6119.4375,49.4744,0.8085,,
H00300.CSI,20201027,6119.4375,,,,6108.5655,10.872,0.178,,
H00300.CSI,20201026,6108.5655,,,,6143.8776,-35.3121,-0.5748,,
H00300.CSI,20201023,6143.8776,,,,6220.8083,-76.9307,-1.2367,,
H00300.CSI,20201022,6220.8083,,,,6240.1347,-19.3264,-0.3097,,
H00300.CSI,20201021,6240.1347,,,,6240.9664,-0.8317,-0.0133,,
H00300.CSI,20201020,6240.9664,,,,6191.5183,49.4481,0.7986,,
H00300.CSI,20201019,6191.5183,,,,6238.6342,-47.1159,-0.7552,,
H00300.CSI,20201016,6238.6342,,,,6247.5637,-8.9295,-0.1429,,
H00300.CSI,20201015,6247.5637,,,,6258.4556,-10.8919,-0.174,,
H00300.CSI,20201014,6258.4556,,,,6300.2457,-41.7901,-0.6633,,
H00300.CSI,20201013,6300.2457,,,,6279.3587,20.887,0.3326,,
H00300.CSI,20201012,6279.3587,,,,6094.4647,184.894,3.0338,,
H00300.CSI,20201009,6094.4647,,,,5972.4152,122.0495,2.0436,,
H00300.CSI,20200930,5972.4152,,,,5978.1375,-5.7223,-0.0957,,
H00300.CSI,20200929,5978.1375,,,,5965.2606,12.8769,0.2159,,
H00300.CSI,20200928,5965.2606,,,,5949.7191,15.5415,0.2612,,
H00300.CSI,20200925,5949.7191,,,,5940.5242,9.1949,0.1548,,
H00300.CSI,20200924,5940.5242,,,,6056.7313,-116.2071,-1.9186,,
H00300.CSI,20200923,6056.7313,,,,6035.1638,21.5675,0.3574,,
H00300.CSI,20200922,6035.1638,,,,6107.3159,-72.1521,-1.1814,,
H00300.CSI,20200921,6107.3159,,,,6166.7469,-59.431,-0.9637,,
H00300.CSI,20200918,6166.7469,,,,6030.872,135.8749,2.253,,
H00300.CSI,20200917,6030.872,,,,6062.9539,-32.0819,-0.5291,,
H00300.CSI,20200916,6062.9539,,,,6100.2385,-37.2846,-0.6112,,
H00300.CSI,20200915,6100.2385,,,,6051.5354,48.7031,0.8048,,
H00300.CSI,20200914,6051.5354,,,,6020.6105,30.9249,0.5137,,
H00300.CSI,20200911,6020.6105,,,,5961.6635,58.947,0.9888,,
H00300.CSI,20200910,5961.6635,,,,5965.061,-3.3975,-0.057,,
H00300.CSI,20200909,5965.061,,,,6107.924,-142.863,-2.339,,
H00300.CSI,20200908,6107.924,,,,6075.368,32.556,0.5359,,
H00300.CSI,20200907,6075.368,,,,6206.5867,-131.2187,-2.1142,,
H00300.CSI,20200904,6206.5867,,,,6267.5779,-60.9912,-0.9731,,
H00300.CSI,20200903,6267.5779,,,,6302.437,-34.8591,-0.5531,,
H00300.CSI,20200902,6302.437,,,,6300.141,2.296,0.0364,,
H00300.CSI,20200901,6300.141,,,,6266.4331,33.7079,0.5379,,
H00300.CSI,20200831,6266.4331,,,,6302.9291,-36.496,-0.579,,
H00300.CSI,20200828,6302.9291,,,,6156.0074,146.9217,2.3866,,
H00300.CSI,20200827,6156.0074,,,,6123.2,32.8074,0.5358,,
H00300.CSI,20200826,6123.2,,,,6195.8288,-72.6288,-1.1722,,
H00300.CSI,20200825,6195.8288,,,,6187.8323,7.9965,0.1292,,
H00300.CSI,20200824,6187.8323,,,,6139.2581,48.5742,0.7912,,
H00300.CSI,20200821,6139.2581,,,,6085.9718,53.2863,0.8756,,
H00300.CSI,20200820,6085.9718,,,,6165.3144,-79.3426,-1.2869,,
H00300.CSI,20200819,6165.3144,,,,6258.9523,-93.6379,-1.4961,,
H00300.CSI,20200818,6258.9523,,,,6261.899,-2.9467,-0.0471,,
H00300.CSI,20200817,6261.899,,,,6118.0258,143.8732,2.3516,,
H00300.CSI,20200814,6118.0258,,,,6024.926,93.0998,1.5452,,
H00300.CSI,20200813,6024.926,,,,6040.4338,-15.5078,-0.2567,,
H00300.CSI,20200812,6040.4338,,,,6083.3761,-42.9423,-0.7059,,
H00300.CSI,20200811,6083.3761,,,,6139.361,-55.9849,-0.9119,,
H00300.CSI,20200810,6139.361,,,,6117.3449,22.0161,0.3599,,
H00300.CSI,20200807,6117.3449,,,,6187.2992,-69.9543,-1.1306,,
H00300.CSI,20200806,6187.2992,,,,6205.8525,-18.5533,-0.299,,
H00300.CSI,20200805,6205.8525,,,,6203.6876,2.1649,0.0349,,
H00300.CSI,20200804,6203.6876,,,,6197.8002,5.8874,0.095,,
H00300.CSI,20200803,6197.8002,,,,6098.7346,99.0656,1.6244,,
H00300.CSI,20200731,6098.7346,,,,6048.0325,50.7021,0.8383,,
H00300.CSI,20200730,6048.0325,,,,6077.4884,-29.4559,-0.4847,,
H00300.CSI,20200729,6077.4884,,,,5933.458,144.0304,2.4274,,
H00300.CSI,20200728,5933.458,,,,5881.7541,51.7039,0.8791,,
H00300.CSI,20200727,5881.7541,,,,5851.7102,30.0439,0.5134,,
H00300.CSI,20200724,5851.7102,,,,6120.3207,-268.6105,-4.3888,,
H00300.CSI,20200723,6120.3207,,,,6118.9419,1.3788,0.0225,,
H00300.CSI,20200722,6118.9419,,,,6087.5775,31.3644,0.5152,,
H00300.CSI,20200721,6087.5775,,,,6073.5367,14.0408,0.2312,,
H00300.CSI,20200720,6073.5367,,,,5897.2349,176.3018,2.9896,,
H00300.CSI,20200717,5897.2349,,,,5856.2389,40.996,0.7,,
H00300.CSI,20200716,5856.2389,,,,6149.7348,-293.4959,-4.7725,,
H00300.CSI,20200715,6149.7348,,,,6223.093,-73.3582,-1.1788,,
H00300.CSI,20200714,6223.093,,,,6279.8951,-56.8021,-0.9045,,
H00300.CSI,20200713,6279.8951,,,,6146.6894,133.2057,2.1671,,
H00300.CSI,20200710,6146.6894,,,,6249.9405,-103.2511,-1.652,,
H00300.CSI,20200709,6249.9405,,,,6162.39,87.5505,1.4207,,
H00300.CSI,20200708,6162.39,,,,6062.6971,99.6929,1.6444,,
H00300.CSI,20200707,6062.6971,,,,6025.878,36.8191,0.611,,
H00300.CSI,20200706,6025.878,,,,5701.9171,323.9609,5.6816,,
H00300.CSI,20200703,5701.9171,,,,5593.1958,108.7213,1.9438,,
H00300.CSI,20200702,5593.1958,,,,5478.5617,114.6341,2.0924,,
H00300.CSI,20200701,5478.5617,,,,5370.273,108.2887,2.0164,,
H00300.CSI,20200630,5370.273,,,,5295.1997,75.0733,1.4178,,
H00300.CSI,20200629,5295.1997,,,,5332.6826,-37.4829,-0.7029,,
H00300.CSI,20200624,5332.6826,,,,5302.5436,30.139,0.5684,,
H00300.CSI,20200623,5302.5436,,,,5276.7463,25.7973,0.4889,,
H00300.CSI,20200622,5276.7463,,,,5270.5251,6.2212,0.118,,
H00300.CSI,20200619,5270.5251,,,,5198.3,72.2251,1.3894,,
H00300.CSI,20200618,5198.3,,,,5161.5912,36.7088,0.7112,,
H00300.CSI,20200617,5161.5912,,,,5156.9704,4.6208,0.0896,,
H00300.CSI,20200616,5156.9704,,,,5080.1931,76.7773,1.5113,,
H00300.CSI,20200615,5080.1931,,,,5140.2975,-60.1044,-1.1693,,
H00300.CSI,20200612,5140.2975,,,,5130.5396,9.7579,0.1902,,
H00300.CSI,20200611,5130.5396,,,,5181.6074,-51.0678,-0.9856,,
H00300.CSI,20200610,5181.6074,,,,5187.2812,-5.6738,-0.1094,,
H00300.CSI,20200609,5187.2812,,,,5155.089,32.1922,0.6245,,
H00300.CSI,20200608,5155.089,,,,5128.452,26.637,0.5194,,
H00300.CSI,20200605,5128.452,,,,5103.0958,25.3562,0.4969,,
H00300.CSI,20200604,5103.0958,,,,5104.3874,-1.2916,-0.0253,,
H00300.CSI,20200603,5104.3874,,,,5103.2151,1.1723,0.023,,
H00300.CSI,20200602,5103.2151,,,,5084.2693,18.9458,0.3726,,
H00300.CSI,20200601,5084.2693,,,,4950.6064,133.6629,2.6999,,
H00300.CSI,20200529,4950.6064,,,,4933.7605,16.8459,0.3414,,
H00300.CSI,20200528,4933.7605,,,,4918.3855,15.375,0.3126,,
H00300.CSI,20200527,4918.3855,,,,4952.8836,-34.4981,-0.6965,,
H00300.CSI,20200526,4952.8836,,,,4896.6885,56.1951,1.1476,,
H00300.CSI,20200525,4896.6885,,,,4889.5866,7.1019,0.1452,,
H00300.CSI,20200522,4889.5866,,,,5003.6487,-114.0621,-2.2796,,
H00300.CSI,20200521,5003.6487,,,,5030.9693,-27.3206,-0.543,,
H00300.CSI,20200520,5030.9693,,,,5056.8757,-25.9064,-0.5123,,
H00300.CSI,20200519,5056.8757,,,,5014.0544,42.8213,0.854,,
H00300.CSI,20200518,5014.0544,,,,5001.1504,12.904,0.258,,
H00300.CSI,20200515,5001.1504,,,,5016.2296,-15.0792,-0.3006,,
H00300.CSI,20200514,5016.2296,,,,5071.2265,-54.9969,-1.0845,,
H00300.CSI,20200513,5071.2265,,,,5060.9393,10.2872,0.2033,,
H00300.CSI,20200512,5060.9393,,,,5060.7512,0.1881,0.0037,,
H00300.CSI,20200511,5060.7512,,,,5065.0291,-4.2779,-0.0845,,
H00300.CSI,20200508,5065.0291,,,,5010.1529,54.8762,1.0953,,
H00300.CSI,20200507,5010.1529,,,,5024.2939,-14.141,-0.2815,,
H00300.CSI,20200506,5024.2939,,,,4994.0726,30.2213,0.6051,,
H00300.CSI,20200430,4994.0726,,,,4935.4267,58.6459,1.1883,,
H00300.CSI,20200429,4935.4267,,,,4912.4138,23.0129,0.4685,,
H00300.CSI,20200428,4912.4138,,,,4878.7499,33.6639,0.69,,
H00300.CSI,20200427,4878.7499,,,,4845.6987,33.0512,0.6821,,
H00300.CSI,20200424,4845.6987,,,,4887.2915,-41.5928,-0.851,,
H00300.CSI,20200423,4887.2915,,,,4899.5818,-12.2903,-0.2508,,
H00300.CSI,20200422,4899.5818,,,,4859.5928,39.989,0.8229,,
H00300.CSI,20200421,4859.5928,,,,4917.5392,-57.9464,-1.1784,,
H00300.CSI,20200420,4917.5392,,,,4899.7142,17.825,0.3638,,
H00300.CSI,20200417,4899.7142,,,,4852.3612,47.353,0.9759,,
H00300.CSI,20200416,4852.3612,,,,4845.9571,6.4041,0.1322,,
H00300.CSI,20200415,4845.9571,,,,4882.1188,-36.1617,-0.7407,,
H00300.CSI,20200414,4882.1188,,,,4789.6723,92.4465,1.9301,,
H00300.CSI,20200413,4789.6723,,,,4809.9904,-20.3181,-0.4224,,
H00300.CSI,20200410,4809.9904,,,,4840.1485,-30.1581,-0.6231,,
H00300.CSI,20200409,4840.1485,,,,4824.2401,15.9084,0.3298,,
H00300.CSI,20200408,4824.2401,,,,4846.7982,-22.5581,-0.4654,,
H00300.CSI,20200407,4846.7982,,,,4738.5778,108.2204,2.2838,,
H00300.CSI,20200403,4738.5778,,,,4765.7753,-27.1975,-0.5707,,
H00300.CSI,20200402,4765.7753,,,,4689.8337,75.9416,1.6193,,
H00300.CSI,20200401,4689.8337,,,,4703.9722,-14.1385,-0.3006,,
H00300.CSI,20200331,4703.9722,,,,4688.6022,15.37,0.3278,,
H00300.CSI,20200330,4688.6022,,,,4734.4783,-45.8761,-0.969,,
H00300.CSI,20200327,4734.4783,,,,4719.1479,15.3304,0.3249,,
H00300.CSI,20200326,4719.1479,,,,4750.3757,-31.2278,-0.6574,,
H00300.CSI,20200325,4750.3757,,,,4626.0772,124.2985,2.6869,,
H00300.CSI,20200324,4626.0772,,,,4505.0899,120.9873,2.6856,,
H00300.CSI,20200323,4505.0899,,,,4661.948,-156.8581,-3.3646,,
H00300.CSI,20200320,4661.948,,,,4580.1089,81.8391,1.7868,,
H00300.CSI,20200319,4580.1089,,,,4640.2956,-60.1867,-1.297,,
H00300.CSI,20200318,4640.2956,,,,4733.9955,-93.6999,-1.9793,,
H00300.CSI,20200317,4733.9955,,,,4757.1668,-23.1713,-0.4871,,
H00300.CSI,20200316,4757.1668,,,,4970.8822,-213.7154,-4.2993,,
H00300.CSI,20200313,4970.8822,,,,5041.8323,-70.9501,-1.4072,,
H00300.CSI,20200312,5041.8323,,,,5140.7542,-98.9219,-1.9243,,
H00300.CSI,20200311,5140.7542,,,,5210.0507,-69.2965,-1.3301,,
H00300.CSI,20200310,5210.0507,,,,5100.8163,109.2344,2.1415,,
H00300.CSI,20200309,5100.8163,,,,5281.2272,-180.4109,-3.4161,,
H00300.CSI,20200306,5281.2272,,,,5368.2813,-87.0541,-1.6216,,
H00300.CSI,20200305,5368.2813,,,,5251.296,116.9853,2.2277,,
H00300.CSI,20200304,5251.296,,,,5221.0636,30.2324,0.579,,
H00300.CSI,20200303,5221.0636,,,,5193.3779,27.6857,0.5331,,
H00300.CSI,20200302,5193.3779,,,,5027.9706,165.4073,3.2897,,
H00300.CSI,20200228,5027.9706,,,,5212.7873,-184.8167,-3.5454,,
H00300.CSI,20200227,5212.7873,,,,5197.6516,15.1357,0.2912,,
H00300.CSI,20200226,5197.6516,,,,5262.5283,-64.8767,-1.2328,,
H00300.CSI,20200225,5262.5283,,,,5273.9936,-11.4653,-0.2174,,
H00300.CSI,20200224,5273.9936,,,,5295.2429,-21.2493,-0.4013,,
H00300.CSI,20200221,5295.2429,,,,5289.074,6.1689,0.1166,,
H00300.CSI,20200220,5289.074,,,,5169.9541,119.1199,2.3041,,
H00300.CSI,20200219,5169.9541,,,,5177.8661,-7.912,-0.1528,,
H00300.CSI,20200218,5177.8661,,,,5203.2779,-25.4118,-0.4884,,
H00300.CSI,20200217,5203.2779,,,,5088.823,114.4549,2.2491,,
H00300.CSI,20200214,5088.823,,,,5053.3271,35.4959,0.7024,,
H00300.CSI,20200213,5053.3271,,,,5084.6096,-31.2825,-0.6152,,
H00300.CSI,20200212,5084.6096,,,,5043.8143,40.7953,0.8088,,
H00300.CSI,20200211,5043.8143,,,,4997.2882,46.5261,0.931,,
H00300.CSI,20200210,4997.2882,,,,4976.6969,20.5913,0.4138,,
H00300.CSI,20200207,4976.6969,,,,4976.5766,0.1203,0.0024,,
H00300.CSI,20200206,4976.5766,,,,4885.6559,90.9207,1.861,,
H00300.CSI,20200205,4885.6559,,,,4830.9236,54.7323,1.133,,
H00300.CSI,20200204,4830.9236,,,,4706.783,124.1406,2.6375,,
H00300.CSI,20200203,4706.783,,,,5109.4541,-402.6711,-7.8809,,
H00300.CSI,20200123,5109.4541,,,,5272.8354,-163.3813,-3.0985,,
H00300.CSI,20200122,5272.8354,,,,5250.3468,22.4886,0.4283,,
H00300.CSI,20200121,5250.3468,,,,5341.6172,-91.2704,-1.7087,,
H00300.CSI,20200120,5341.6172,,,,5302.0864,39.5308,0.7456,,
H00300.CSI,20200117,5302.0864,,,,5294.6726,7.4138,0.14,,
H00300.CSI,20200116,5294.6726,,,,5317.2484,-22.5758,-0.4246,,
H00300.CSI,20200115,5317.2484,,,,5346.793,-29.5446,-0.5526,,
H00300.CSI,20200114,5346.793,,,,5364.7888,-17.9958,-0.3354,,
H00300.CSI,20200113,5364.7888,,,,5312.7188,52.07,0.9801,,
H00300.CSI,20200110,5312.7188,,,,5314.2308,-1.512,-0.0285,,
H00300.CSI,20200109,5314.2308,,,,5247.8056,66.4252,1.2658,,
H00300.CSI,20200108,5247.8056,,,,5308.9447,-61.1391,-1.1516,,
H00300.CSI,20200107,5308.9447,,,,5269.4719,39.4728,0.7491,,
H00300.CSI,20200106,5269.4719,,,,5289.468,-19.9961,-0.378,,
H00300.CSI,20200103,5289.468,,,,5298.753,-9.285,-0.1752,,
H00300.CSI,20200102,5298.753,,,,5227.7258,71.0272,1.3587,,
H00300.CSI,20191231,5227.7258,,,,5208.6495,19.0763,0.3662,,
H00300.CSI,20191230,5208.6495,,,,5132.5856,76.0639,1.482,,
H00300.CSI,20191227,5132.5856,,,,5137.6392,-5.0536,-0.0984,,
H00300.CSI,20191226,5137.6392,,,,5092.8209,44.8183,0.88,,
H00300.CSI,20191225,5092.8209,,,,5095.4893,-2.6684,-0.0524,,
H00300.CSI,20191224,5095.4893,,,,5062.4864,33.0029,0.6519,,
H00300.CSI,20191223,5062.4864,,,,5126.4921,-64.0057,-1.2485,,
H00300.CSI,20191220,5126.4921,,,,5139.1215,-12.6294,-0.2458,,
H00300.CSI,20191219,5139.1215,,,,5146.2989,-7.1774,-0.1395,,
H00300.CSI,20191218,5146.2989,,,,5157.7238,-11.4249,-0.2215,,
H00300.CSI,20191217,5157.7238,,,,5088.4916,69.2322,1.3606,,
H00300.CSI,20191216,5088.4916,,,,5063.8307,24.6609,0.487,,
H00300.CSI,20191213,5063.8307,,,,4965.0519,98.7788,1.9895,,
H00300.CSI,20191212,4965.0519,,,,4980.0133,-14.9614,-0.3004,,
H00300.CSI,20191211,4980.0133,,,,4976.9956,3.0177,0.0606,,
H00300.CSI,20191210,4976.9956,,,,4970.6952,6.3004,0.1268,,
H00300.CSI,20191209,4970.6952,,,,4979.4414,-8.7462,-0.1756,,
H00300.CSI,20191206,4979.4414,,,,4950.0659,29.3755,0.5934,,
H00300.CSI,20191205,4950.0659,,,,4912.3667,37.6992,0.7674,,
H00300.CSI,20191204,4912.3667,,,,4913.9851,-1.6184,-0.0329,,
H00300.CSI,20191203,4913.9851,,,,4894.8089,19.1762,0.3918,,
H00300.CSI,20191202,4894.8089,,,,4885.3814,9.4275,0.193,,
H00300.CSI,20191129,4885.3814,,,,4928.2962,-42.9148,-0.8708,,
H00300.CSI,20191128,4928.2962,,,,4945.287,-16.9908,-0.3436,,
H00300.CSI,20191127,4945.287,,,,4965.7472,-20.4602,-0.412,,
H00300.CSI,20191126,4965.7472,,,,4948.5886,17.1586,0.3467,,
H00300.CSI,20191125,4948.5886,,,,4912.591,35.9976,0.7328,,
H00300.CSI,20191122,4912.591,,,,4963.1248,-50.5338,-1.0182,,
H00300.CSI,20191121,4963.1248,,,,4986.4323,-23.3075,-0.4674,,
H00300.CSI,20191120,4986.4323,,,,5036.4197,-49.9874,-0.9925,,
H00300.CSI,20191119,5036.4197,,,,4986.1666,50.2531,1.0079,,
H00300.CSI,20191118,4986.1666,,,,4946.8177,39.3489,0.7954,,
H00300.CSI,20191115,4946.8177,,,,4983.5228,-36.7051,-0.7365,,
H00300.CSI,20191114,4983.5228,,,,4976.0262,7.4966,0.1507,,
H00300.CSI,20191113,4976.0262,,,,4980.7563,-4.7301,-0.095,,
H00300.CSI,20191112,4980.7563,,,,4979.7706,0.9857,0.0198,,
H00300.CSI,20191111,4979.7706,,,,5069.1241,-89.3535,-1.7627,,
H00300.CSI,20191108,5069.1241,,,,5093.1927,-24.0686,-0.4726,,
H00300.CSI,20191107,5093.1927,,,,5084.2701,8.9226,0.1755,,
H00300.CSI,20191106,5084.2701,,,,5107.1484,-22.8783,-0.448,,
H00300.CSI,20191105,5107.1484,,,,5075.6451,31.5033,0.6207,,
H00300.CSI,20191104,5075.6451,,,,5042.8108,32.8343,0.6511,,
H00300.CSI,20191101,5042.8108,,,,4959.0675,83.7433,1.6887,,
H00300.CSI,20191031,4959.0675,,,,4964.7752,-5.7077,-0.115,,
H00300.CSI,20191030,4964.7752,,,,4989.0178,-24.2426,-0.4859,,
H00300.CSI,20191029,4989.0178,,,,5009.8901,-20.8723,-0.4166,,
H00300.CSI,20191028,5009.8901,,,,4971.8779,38.0122,0.7645,,
H00300.CSI,20191025,4971.8779,,,,4938.2468,33.6311,0.681,,
H00300.CSI,20191024,4938.2468,,,,4938.7788,-0.532,-0.0108,,
H00300.CSI,20191023,4938.7788,,,,4970.4141,-31.6353,-0.6365,,
H00300.CSI,20191022,4970.4141,,,,4951.2244,19.1897,0.3876,,
H00300.CSI,20191021,4951.2244,,,,4936.5404,14.684,0.2975,,
H00300.CSI,20191018,4936.5404,,,,5007.786,-71.2456,-1.4227,,
H00300.CSI,20191017,5007.786,,,,5004.5503,3.2357,0.0647,,
H00300.CSI,20191016,5004.5503,,,,5021.8557,-17.3054,-0.3446,,
H00300.CSI,20191015,5021.8557,,,,5043.5331,-21.6774,-0.4298,,
H00300.CSI,20191014,5043.5331,,,,4990.5675,52.9656,1.0613,,
H00300.CSI,20191011,4990.5675,,,,4942.815,47.7525,0.9661,,
H00300.CSI,20191010,4942.815,,,,4902.7586,40.0564,0.817,,
H00300.CSI,20191009,4902.7586,,,,4895.6657,7.0929,0.1449,,
H00300.CSI,20191008,4895.6657,,,,4866.1324,29.5333,0.6069,,
H00300.CSI,20190930,4866.1324,,,,4914.7681,-48.6357,-0.9896,,
H00300.CSI,20190927,4914.7681,,,,4900.0792,14.6889,0.2998,,
H00300.CSI,20190926,4900.0792,,,,4938.0498,-37.9706,-0.7689,,
H00300.CSI,20190925,4938.0498,,,,4976.4369,-38.3871,-0.7714,,
H00300.CSI,20190924,4976.4369,,,,4962.8795,13.5574,0.2732,,
H00300.CSI,20190923,4962.8795,,,,5020.2675,-57.388,-1.1431,,
H00300.CSI,20190920,5020.2675,,,,5005.8931,14.3744,0.2871,,
H00300.CSI,20190919,5005.8931,,,,4987.6541,18.239,0.3657,,
H00300.CSI,20190918,4987.6541,,,,4963.5927,24.0614,0.4848,,
H00300.CSI,20190917,4963.5927,,,,5047.7815,-84.1888,-1.6678,,
H00300.CSI,20190916,5047.7815,,,,5066.485,-18.7035,-0.3692,,
H00300.CSI,20190912,5066.485,,,,5012.5599,53.9251,1.0758,,
H00300.CSI,20190911,5012.5599,,,,5049.7579,-37.198,-0.7366,,
H00300.CSI,20190910,5049.7579,,,,5067.2101,-17.4522,-0.3444,,
H00300.CSI,20190909,5067.2101,,,,5036.0375,31.1726,0.619,,
H00300.CSI,20190906,5036.0375,,,,5006.4673,29.5702,0.5906,,
H00300.CSI,20190905,5006.4673,,,,4956.3152,50.1521,1.0119,,
H00300.CSI,20190904,4956.3152,,,,4911.8099,44.5053,0.9061,,
H00300.CSI,20190903,4911.8099,,,,4905.0662,6.7437,0.1375,,
H00300.CSI,20190902,4905.0662,,,,4842.9506,62.1156,1.2826,,
H00300.CSI,20190830,4842.9506,,,,4830.9698,11.9808,0.248,,
H00300.CSI,20190829,4830.9698,,,,4846.7718,-15.802,-0.326,,
H00300.CSI,20190828,4846.7718,,,,4865.0771,-18.3053,-0.3763,,
H00300.CSI,20190827,4865.0771,,,,4799.7353,65.3418,1.3614,,
H00300.CSI,20190826,4799.7353,,,,4869.4902,-69.7549,-1.4325,,
H00300.CSI,20190823,4869.4902,,,,4834.6243,34.8659,0.7212,,
H00300.CSI,20190822,4834.6243,,,,4818.9562,15.6681,0.3251,,
H00300.CSI,20190821,4818.9562,,,,4826.4923,-7.5361,-0.1561,,
H00300.CSI,20190820,4826.4923,,,,4830.723,-4.2307,-0.0876,,
H00300.CSI,20190819,4830.723,,,,4727.739,102.984,2.1783,,
H00300.CSI,20190816,4727.739,,,,4706.2382,21.5008,0.4569,,
H00300.CSI,20190815,4706.2382,,,,4688.7006,17.5376,0.374,,
H00300.CSI,20190814,4688.7006,,,,4667.5006,21.2,0.4542,,
H00300.CSI,20190813,4667.5006,,,,4709.9684,-42.4678,-0.9017,,
H00300.CSI,20190812,4709.9684,,,,4625.9954,83.973,1.8152,,
H00300.CSI,20190809,4625.9954,,,,4671.1269,-45.1315,-0.9662,,
H00300.CSI,20190808,4671.1269,,,,4609.1113,62.0156,1.3455,,
H00300.CSI,20190807,4609.1113,,,,4628.0724,-18.9611,-0.4097,,
H00300.CSI,20190806,4628.0724,,,,4675.334,-47.2616,-1.0109,,
H00300.CSI,20190805,4675.334,,,,4766.0931,-90.7591,-1.9043,,
H00300.CSI,20190802,4766.0931,,,,4836.1492,-70.0561,-1.4486,,
H00300.CSI,20190801,4836.1492,,,,4876.6971,-40.5479,-0.8315,,
H00300.CSI,20190731,4876.6971,,,,4919.7136,-43.0165,-0.8744,,
H00300.CSI,20190730,4919.7136,,,,4898.9334,20.7802,0.4242,,
H00300.CSI,20190729,4898.9334,,,,4904.341,-5.4076,-0.1103,,
H00300.CSI,20190726,4904.341,,,,4893.9884,10.3526,0.2115,,
H00300.CSI,20190725,4893.9884,,,,4853.871,40.1174,0.8265,,
H00300.CSI,20190724,4853.871,,,,4815.4679,38.4031,0.7975,,
H00300.CSI,20190723,4815.4679,,,,4802.4688,12.9991,0.2707,,
H00300.CSI,20190722,4802.4688,,,,4835.2763,-32.8075,-0.6785,,
H00300.CSI,20190719,4835.2763,,,,4783.3135,51.9628,1.0863,,
H00300.CSI,20190718,4783.3135,,,,4827.0847,-43.7712,-0.9068,,
H00300.CSI,20190717,4827.0847,,,,4828.9009,-1.8162,-0.0376,,
H00300.CSI,20190716,4828.9009,,,,4850.3077,-21.4068,-0.4413,,
H00300.CSI,20190715,4850.3077,,,,4830.6734,19.6343,0.4065,,
H00300.CSI,20190712,4830.6734,,,,4792.6348,38.0386,0.7937,,
H00300.CSI,20190711,4792.6348,,,,4790.1589,2.4759,0.0517,,
H00300.CSI,20190710,4790.1589,,,,4796.3028,-6.1439,-0.1281,,
H00300.CSI,20190709,4796.3028,,,,4805.3003,-8.9975,-0.1872,,
H00300.CSI,20190708,4805.3003,,,,4918.2506,-112.9503,-2.2966,,
H00300.CSI,20190705,4918.2506,,,,4889.0037,29.2469,0.5982,,
H00300.CSI,20190704,4889.0037,,,,4914.1947,-25.191,-0.5126,,
H00300.CSI,20190703,4914.1947,,,,4966.199,-52.0043,-1.0472,,
H00300.CSI,20190702,4966.199,,,,4964.4633,1.7357,0.035,,
H00300.CSI,20190701,4964.4633,,,,4825.3292,139.1341,2.8834,,
H00300.CSI,20190628,4825.3292,,,,4832.5628,-7.2336,-0.1497,,
H00300.CSI,20190627,4832.5628,,,,4779.1166,53.4462,1.1183,,
H00300.CSI,20190626,4779.1166,,,,4786.3634,-7.2468,-0.1514,,
H00300.CSI,20190625,4786.3634,,,,4836.1233,-49.7599,-1.0289,,
H00300.CSI,20190624,4836.1233,,,,4826.3531,9.7702,0.2024,,
H00300.CSI,20190621,4826.3531,,,,4819.0385,7.3146,0.1518,,
H00300.CSI,20190620,4819.0385,,,,4677.0665,141.972,3.0355,,
H00300.CSI,20190619,4677.0665,,,,4608.2083,68.8582,1.4943,,
H00300.CSI,20190618,4608.2083,,,,4591.8042,16.4041,0.3572,,
H00300.CSI,20190617,4591.8042,,,,4591.5443,0.2599,0.0057,,
H00300.CSI,20190614,4591.5443,,,,4628.2983,-36.754,-0.7941,,
H00300.CSI,20190613,4628.2983,,,,4635.2717,-6.9734,-0.1504,,
H00300.CSI,20190612,4635.2717,,,,4670.1916,-34.9199,-0.7477,,
H00300.CSI,20190611,4670.1916,,,,4530.519,139.6726,3.0829,,
H00300.CSI,20190610,4530.519,,,,4472.5701,57.9489,1.2957,,
H00300.CSI,20190606,4472.5701,,,,4511.5806,-39.0105,-0.8647,,
H00300.CSI,20190605,4511.5806,,,,4512.1924,-0.6118,-0.0136,,
H00300.CSI,20190604,4512.1924,,,,4554.2437,-42.0513,-0.9233,,
H00300.CSI,20190603,4554.2437,,,,4549.7157,4.528,0.0995,,
H00300.CSI,20190531,4549.7157,,,,4561.6051,-11.8894,-0.2606,,
H00300.CSI,20190530,4561.6051,,,,4587.1679,-25.5628,-0.5573,,
H00300.CSI,20190529,4587.1679,,,,4597.0204,-9.8525,-0.2143,,
H00300.CSI,20190528,4597.0204,,,,4551.646,45.3744,0.9969,,
H00300.CSI,20190527,4551.646,,,,4495.4839,56.1621,1.2493,,
H00300.CSI,20190524,4495.4839,,,,4481.8333,13.6506,0.3046,,
H00300.CSI,20190523,4481.8333,,,,4558.6239,-76.7906,-1.6845,,
H00300.CSI,20190522,4558.6239,,,,4580.3366,-21.7127,-0.474,,
H00300.CSI,20190521,4580.3366,,,,4518.6562,61.6804,1.365,,
H00300.CSI,20190520,4518.6562,,,,4557.3362,-38.68,-0.8487,,
H00300.CSI,20190517,4557.3362,,,,4676.0893,-118.7531,-2.5396,,
H00300.CSI,20190516,4676.0893,,,,4654.9568,21.1325,0.454,,
H00300.CSI,20190515,4654.9568,,,,4552.0145,102.9423,2.2615,,
H00300.CSI,20190514,4552.0145,,,,4581.455,-29.4405,-0.6426,,
H00300.CSI,20190513,4581.455,,,,4658.5373,-77.0823,-1.6546,,
H00300.CSI,20190510,4658.5373,,,,4495.1728,163.3645,3.6342,,
H00300.CSI,20190509,4495.1728,,,,4579.7134,-84.5406,-1.846,,
H00300.CSI,20190508,4579.7134,,,,4646.1603,-66.4469,-1.4301,,
H00300.CSI,20190507,4646.1603,,,,4600.729,45.4313,0.9875,,
H00300.CSI,20190506,4600.729,,,,4886.1223,-285.3933,-5.8409,,
H00300.CSI,20190430,4886.1223,,,,4870.0437,16.0786,0.3302,,
H00300.CSI,20190429,4870.0437,,,,4856.1861,13.8576,0.2854,,
H00300.CSI,20190426,4856.1861,,,,4921.7896,-65.6035,-1.3329,,
H00300.CSI,20190425,4921.7896,,,,5032.0078,-110.2182,-2.1903,,
H00300.CSI,20190424,5032.0078,,,,5018.1514,13.8564,0.2761,,
H00300.CSI,20190423,5018.1514,,,,5026.3992,-8.2478,-0.1641,,
H00300.CSI,20190422,5026.3992,,,,5144.7951,-118.3959,-2.3013,,
H00300.CSI,20190419,5144.7951,,,,5084.1278,60.6673,1.1933,,
H00300.CSI,20190418,5084.1278,,,,5102.5869,-18.4591,-0.3618,,
H00300.CSI,20190417,5102.5869,,,,5100.7759,1.811,0.0355,,
H00300.CSI,20190416,5100.7759,,,,4962.9855,137.7904,2.7764,,
H00300.CSI,20190415,4962.9855,,,,4979.3298,-16.3443,-0.3282,,
H00300.CSI,20190412,4979.3298,,,,4990.5166,-11.1868,-0.2242,,
H00300.CSI,20190411,4990.5166,,,,5100.7106,-110.194,-2.1604,,
H00300.CSI,20190410,5100.7106,,,,5087.7063,13.0043,0.2556,,
H00300.CSI,20190409,5087.7063,,,,5064.9839,22.7224,0.4486,,
H00300.CSI,20190408,5064.9839,,,,5069.527,-4.5431,-0.0896,,
H00300.CSI,20190404,5069.527,,,,5019.3865,50.1405,0.9989,,
H00300.CSI,20190403,5019.3865,,,,4955.9023,63.4842,1.281,,
H00300.CSI,20190402,4955.9023,,,,4959.2004,-3.2981,-0.0665,,
H00300.CSI,20190401,4959.2004,,,,4832.4267,126.7737,2.6234,,
H00300.CSI,20190329,4832.4267,,,,4652.7505,179.6762,3.8617,,
H00300.CSI,20190328,4652.7505,,,,4671.2584,-18.5079,-0.3962,,
H00300.CSI,20190327,4671.2584,,,,4617.6637,53.5947,1.1606,,
H00300.CSI,20190326,4617.6637,,,,4670.5564,-52.8927,-1.1325,,
H00300.CSI,20190325,4670.5564,,,,4784.0826,-113.5262,-2.373,,
H00300.CSI,20190322,4784.0826,,,,4787.9385,-3.8559,-0.0805,,
H00300.CSI,20190321,4787.9385,,,,4786.1271,1.8114,0.0378,,
H00300.CSI,20190320,4786.1271,,,,4784.2839,1.8432,0.0385,,
H00300.CSI,20190319,4784.2839,,,,4806.4777,-22.1938,-0.4617,,
H00300.CSI,20190318,4806.4777,,,,4673.2765,133.2012,2.8503,,
H00300.CSI,20190315,4673.2765,,,,4615.2266,58.0499,1.2578,,
H00300.CSI,20190314,4615.2266,,,,4647.3072,-32.0806,-0.6903,,
H00300.CSI,20190313,4647.3072,,,,4686.1881,-38.8809,-0.8297,,
H00300.CSI,20190312,4686.1881,,,,4654.4956,31.6925,0.6809,,
H00300.CSI,20190311,4654.4956,,,,4564.1803,90.3153,1.9788,,
H00300.CSI,20190308,4564.1803,,,,4752.9464,-188.7661,-3.9716,,
H00300.CSI,20190307,4752.9464,,,,4801.9134,-48.967,-1.0197,,
H00300.CSI,20190306,4801.9134,,,,4761.8854,40.028,0.8406,,
H00300.CSI,20190305,4761.8854,,,,4734.5456,27.3398,0.5775,,
H00300.CSI,20190304,4734.5456,,,,4679.153,55.3926,1.1838,,
H00300.CSI,20190301,4679.153,,,,4578.8943,100.2587,2.1896,,
H00300.CSI,20190228,4578.8943,,,,4590.1523,-11.258,-0.2453,,
H00300.CSI,20190227,4590.1523,,,,4598.0157,-7.8634,-0.171,,
H00300.CSI,20190226,4598.0157,,,,4653.9072,-55.8915,-1.201,,
H00300.CSI,20190225,4653.9072,,,,4391.4917,262.4155,5.9755,,
H00300.CSI,20190222,4391.4917,,,,4294.9164,96.5753,2.2486,,
H00300.CSI,20190221,4294.9164,,,,4306.4208,-11.5044,-0.2671,,
H00300.CSI,20190220,4306.4208,,,,4291.0517,15.3691,0.3582,,
H00300.CSI,20190219,4291.0517,,,,4298.7078,-7.6561,-0.1781,,
H00300.CSI,20190218,4298.7078,,,,4165.171,133.5368,3.206,,
H00300.CSI,20190215,4165.171,,,,4244.3095,-79.1385,-1.8646,,
H00300.CSI,20190214,4244.3095,,,,4237.9311,6.3784,0.1505,,
H00300.CSI,20190213,4237.9311,,,,4154.7298,83.2013,2.0026,,
H00300.CSI,20190212,4154.7298,,,,4124.96,29.7698,0.7217,,
H00300.CSI,20190211,4124.96,,,,4051.2609,73.6991,1.8192,,
H00300.CSI,20190201,4051.2609,,,,3994.1686,57.0923,1.4294,,
H00300.CSI,20190131,3994.1686,,,,3952.8123,41.3563,1.0463,,
H00300.CSI,20190130,3952.8123,,,,3984.6083,-31.796,-0.798,,
H00300.CSI,20190129,3984.6083,,,,3971.8932,12.7151,0.3201,,
H00300.CSI,20190128,3971.8932,,,,3972.7564,-0.8632,-0.0217,,
H00300.CSI,20190125,3972.7564,,,,3940.7097,32.0467,0.8132,,
H00300.CSI,20190124,3940.7097,,,,3918.5926,22.1171,0.5644,,
H00300.CSI,20190123,3918.5926,,,,3921.4169,-2.8243,-0.072,,
H00300.CSI,20190122,3921.4169,,,,3974.2119,-52.795,-1.3284,,
H00300.CSI,20190121,3974.2119,,,,3952.4268,21.7851,0.5512,,
H00300.CSI,20190118,3952.4268,,,,3881.62,70.8068,1.8242,,
H00300.CSI,20190117,3881.62,,,,3903.1212,-21.5012,-0.5509,,
H00300.CSI,20190116,3903.1212,,,,3902.2962,0.825,0.0211,,
H00300.CSI,20190115,3902.2962,,,,3827.1869,75.1093,1.9625,,
H00300.CSI,20190114,3827.1869,,,,3860.8626,-33.6757,-0.8722,,
H00300.CSI,20190111,3860.8626,,,,3833.3022,27.5604,0.719,,
H00300.CSI,20190110,3833.3022,,,,3840.5249,-7.2227,-0.1881,,
H00300.CSI,20190109,3840.5249,,,,3802.135,38.3899,1.0097,,
H00300.CSI,20190108,3802.135,,,,3810.3681,-8.2331,-0.2161,,
H00300.CSI,20190107,3810.3681,,,,3787.3774,22.9907,0.607,,
H00300.CSI,20190104,3787.3774,,,,3698.762,88.6154,2.3958,,
H00300.CSI,20190103,3698.762,,,,3704.617,-5.855,-0.158,,
H00300.CSI,20190102,3704.617,,,,3755.9137,-51.2967,-1.3658,,
H00300.CSI,20181228,3755.9137,,,,3730.7067,25.207,0.6757,,
H00300.CSI,20181227,3730.7067,,,,3745.0868,-14.3801,-0.384,,
H00300.CSI,20181226,3745.0868,,,,3764.1099,-19.0231,-0.5054,,
H00300.CSI,20181225,3764.1099,,,,3790.2037,-26.0938,-0.6885,,
H00300.CSI,20181224,3790.2037,,,,3779.2219,10.9818,0.2906,,
H00300.CSI,20181221,3779.2219,,,,3826.6547,-47.4328,-1.2395,,
H00300.CSI,20181220,3826.6547,,,,3856.2315,-29.5768,-0.767,,
H00300.CSI,20181219,3856.2315,,,,3902.7652,-46.5337,-1.1923,,
H00300.CSI,20181218,3902.7652,,,,3943.6464,-40.8812,-1.0366,,
H00300.CSI,20181217,3943.6464,,,,3949.5277,-5.8813,-0.1489,,
H00300.CSI,20181214,3949.5277,,,,4016.6209,-67.0932,-1.6704,,
H00300.CSI,20181213,4016.6209,,,,3955.3888,61.2321,1.5481,,
H00300.CSI,20181212,3955.3888,,,,3941.9239,13.4649,0.3416,,
H00300.CSI,20181211,3941.9239,,,,3923.1454,18.7785,0.4787,,
H00300.CSI,20181210,3923.1454,,,,3969.0559,-45.9105,-1.1567,,
H00300.CSI,20181207,3969.0559,,,,3968.8259,0.23,0.0058,,
H00300.CSI,20181206,3968.8259,,,,4056.557,-87.7311,-2.1627,,
H00300.CSI,20181205,4056.557,,,,4076.1481,-19.5911,-0.4806,,
H00300.CSI,20181204,4076.1481,,,,4067.7164,8.4317,0.2073,,
H00300.CSI,20181203,4067.7164,,,,3957.6205,110.0959,2.7819,,
H00300.CSI,20181130,3957.6205,,,,3913.9167,43.7038,1.1166,,
H00300.CSI,20181129,3913.9167,,,,3965.4075,-51.4908,-1.2985,,
H00300.CSI,20181128,3965.4075,,,,3913.4017,52.0058,1.3289,,
H00300.CSI,20181127,3913.4017,,,,3918.3939,-4.9922,-0.1274,,
H00300.CSI,20181126,3918.3939,,,,3921.1778,-2.7839,-0.071,,
H00300.CSI,20181123,3921.1778,,,,4009.6837,-88.5059,-2.2073,,
H00300.CSI,20181122,4009.6837,,,,4024.733,-15.0493,-0.3739,,
H00300.CSI,20181121,4024.733,,,,4014.6487,10.0843,0.2512,,
H00300.CSI,20181120,4014.6487,,,,4109.6951,-95.0464,-2.3127,,
H00300.CSI,20181119,4109.6951,,,,4063.6291,46.066,1.1336,,
H00300.CSI,20181116,4063.6291,,,,4044.5413,19.0878,0.4719,,
H00300.CSI,20181115,4044.5413,,,,3997.451,47.0903,1.178,,
H00300.CSI,20181114,3997.451,,,,4037.912,-40.461,-1.002,,
H00300.CSI,20181113,4037.912,,,,3997.6979,40.2141,1.0059,,
H00300.CSI,20181112,3997.6979,,,,3950.6799,47.018,1.1901,,
H00300.CSI,20181109,3950.6799,,,,4007.2183,-56.5384,-1.4109,,
H00300.CSI,20181108,4007.2183,,,,4018.614,-11.3957,-0.2836,,
H00300.CSI,20181107,4018.614,,,,4045.1065,-26.4925,-0.6549,,
H00300.CSI,20181106,4045.1065,,,,4069.6588,-24.5523,-0.6033,,
H00300.CSI,20181105,4069.6588,,,,4103.8471,-34.1883,-0.8331,,
H00300.CSI,20181102,4103.8471,,,,3962.6408,141.2063,3.5634,,
H00300.CSI,20181101,3962.6408,,,,3933.6909,28.9499,0.7359,,
H00300.CSI,20181031,3933.6909,,,,3879.3015,54.3894,1.402,,
H00300.CSI,20181030,3879.3015,,,,3837.6785,41.623,1.0846,,
H00300.CSI,20181029,3837.6785,,,,3958.3459,-120.6674,-3.0484,,
H00300.CSI,20181026,3958.3459,,,,3984.03,-25.6841,-0.6447,,
H00300.CSI,20181025,3984.03,,,,3976.2512,7.7788,0.1956,,
H00300.CSI,20181024,3976.2512,,,,3970.0647,6.1865,0.1558,,
H00300.CSI,20181023,3970.0647,,,,4078.0152,-107.9505,-2.6471,,
H00300.CSI,20181022,4078.0152,,,,3909.041,168.9742,4.3227,,
H00300.CSI,20181019,3909.041,,,,3796.1273,112.9137,2.9744,,
H00300.CSI,20181018,3796.1273,,,,3888.2183,-92.091,-2.3685,,
H00300.CSI,20181017,3888.2183,,,,3866.6807,21.5376,0.557,,
H00300.CSI,20181016,3866.6807,,,,3898.4497,-31.769,-0.8149,,
H00300.CSI,20181015,3898.4497,,,,3953.6567,-55.207,-1.3964,,
H00300.CSI,20181012,3953.6567,,,,3895.5165,58.1402,1.4925,,
H00300.CSI,20181011,3895.5165,,,,4091.8861,-196.3696,-4.799,,
H00300.CSI,20181010,4091.8861,,,,4100.7302,-8.8441,-0.2157,,
H00300.CSI,20181009,4100.7302,,,,4103.4837,-2.7535,-0.0671,,
H00300.CSI,20181008,4103.4837,,,,4287.9854,-184.5017,-4.3028,,
H00300.CSI,20180928,4287.9854,,,,4243.8623,44.1231,1.0397,,
H00300.CSI,20180927,4243.8623,,,,4260.7779,-16.9156,-0.397,,
H00300.CSI,20180926,4260.7779,,,,4214.0997,46.6782,1.1077,,
H00300.CSI,20180925,4214.0997,,,,4252.3545,-38.2548,-0.8996,,
H00300.CSI,20180921,4252.3545,,,,4126.9823,125.3722,3.0379,,
H00300.CSI,20180920,4126.9823,,,,4129.9203,-2.938,-0.0711,,
H00300.CSI,20180919,4129.9203,,,,4076.2461,53.6742,1.3168,,
H00300.CSI,20180918,4076.2461,,,,3995.7825,80.4636,2.0137,,
H00300.CSI,20180917,3995.7825,,,,4042.0958,-46.3133,-1.1458,,
H00300.CSI,20180914,4042.0958,,,,4035.2087,6.8871,0.1707,,
H00300.CSI,20180913,4035.2087,,,,3992.144,43.0647,1.0787,,
H00300.CSI,20180912,3992.144,,,,4019.1164,-26.9724,-0.6711,,
H00300.CSI,20180911,4019.1164,,,,4026.4167,-7.3003,-0.1813,,
H00300.CSI,20180910,4026.4167,,,,4085.7219,-59.3052,-1.4515,,
H00300.CSI,20180907,4085.7219,,,,4067.3191,18.4028,0.4525,,
H00300.CSI,20180906,4067.3191,,,,4108.521,-41.2019,-1.0028,,
H00300.CSI,20180905,4108.521,,,,4190.4352,-81.9142,-1.9548,,
H00300.CSI,20180904,4190.4352,,,,4138.0239,52.4113,1.2666,,
H00300.CSI,20180903,4138.0239,,,,4153.818,-15.7941,-0.3802,,
H00300.CSI,20180831,4153.818,,,,4174.485,-20.667,-0.4951,,
H00300.CSI,20180830,4174.485,,,,4218.6819,-44.1969,-1.0476,,
H00300.CSI,20180829,4218.6819,,,,4235.6197,-16.9378,-0.3999,,
H00300.CSI,20180828,4235.6197,,,,4243.466,-7.8463,-0.1849,,
H00300.CSI,20180827,4243.466,,,,4142.1218,101.3442,2.4467,,
H00300.CSI,20180824,4142.1218,,,,4133.8527,8.2691,0.2,,
H00300.CSI,20180823,4133.8527,,,,4116.8029,17.0498,0.4142,,
H00300.CSI,20180822,4116.8029,,,,4139.7837,-22.9808,-0.5551,,
H00300.CSI,20180821,4139.7837,,,,4065.5631,74.2206,1.8256,,
H00300.CSI,20180820,4065.5631,,,,4018.7386,46.8245,1.1652,,
H00300.CSI,20180817,4018.7386,,,,4076.6717,-57.9331,-1.4211,,
H00300.CSI,20180816,4076.6717,,,,4095.6052,-18.9335,-0.4623,,
H00300.CSI,20180815,4095.6052,,,,4195.68,-100.0748,-2.3852,,
H00300.CSI,20180814,4195.68,,,,4217.3623,-21.6823,-0.5141,,
H00300.CSI,20180813,4217.3623,,,,4235.4275,-18.0652,-0.4265,,
H00300.CSI,20180810,4235.4275,,,,4225.9343,9.4932,0.2246,,
H00300.CSI,20180809,4225.9343,,,,4122.2498,103.6845,2.5152,,
H00300.CSI,20180808,4122.2498,,,,4187.842,-65.5922,-1.5663,,
H00300.CSI,20180807,4187.842,,,,4068.7229,119.1191,2.9277,,
H00300.CSI,20180806,4068.7229,,,,4120.9045,-52.1816,-1.2663,,
H00300.CSI,20180803,4120.9045,,,,4189.8405,-68.936,-1.6453,,
H00300.CSI,20180802,4189.8405,,,,4284.8205,-94.98,-2.2167,,
H00300.CSI,20180801,4284.8205,,,,4371.3725,-86.552,-1.98,,
H00300.CSI,20180731,4371.3725,,,,4367.6476,3.7249,0.0853,,
H00300.CSI,20180730,4367.6476,,,,4375.1855,-7.5379,-0.1723,,
H00300.CSI,20180727,4375.1855,,,,4392.363,-17.1775,-0.3911,,
H00300.CSI,20180726,4392.363,,,,4443.7523,-51.3893,-1.1564,,
H00300.CSI,20180725,4443.7523,,,,4448.5007,-4.7484,-0.1067,,
H00300.CSI,20180724,4448.5007,,,,4378.9237,69.577,1.5889,,
H00300.CSI,20180723,4378.9237,,,,4337.8332,41.0905,0.9473,,
H00300.CSI,20180720,4337.8332,,,,4257.3555,80.4777,1.8903,,
H00300.CSI,20180719,4257.3555,,,,4260.8005,-3.445,-0.0809,,
H00300.CSI,20180718,4260.8005,,,,4282.3437,-21.5432,-0.5031,,
H00300.CSI,20180717,4282.3437,,,,4305.3408,-22.9971,-0.5342,,
H00300.CSI,20180716,4305.3408,,,,4325.8836,-20.5428,-0.4749,,
H00300.CSI,20180713,4325.8836,,,,4306.7622,19.1214,0.444,,
H00300.CSI,20180712,4306.7622,,,,4209.0897,97.6725,2.3205,,
H00300.CSI,20180711,4209.0897,,,,4282.4359,-73.3462,-1.7127,,
H00300.CSI,20180710,4282.4359,,,,4269.9016,12.5343,0.2936,,
H00300.CSI,20180709,4269.9016,,,,4152.8386,117.063,2.8189,,
H00300.CSI,20180706,4152.8386,,,,4122.7562,30.0824,0.7297,,
H00300.CSI,20180705,4122.7562,,,,4147.1797,-24.4235,-0.5889,,
H00300.CSI,20180704,4147.1797,,,,4202.5759,-55.3962,-1.3181,,
H00300.CSI,20180703,4202.5759,,,,4200.4903,2.0856,0.0497,,
H00300.CSI,20180702,4200.4903,,,,4327.2948,-126.8045,-2.9303,,
H00300.CSI,20180629,4327.2948,,,,4215.852,111.4428,2.6434,,
H00300.CSI,20180628,4215.852,,,,4258.5264,-42.6744,-1.0021,,
H00300.CSI,20180627,4258.5264,,,,4346.4653,-87.9389,-2.0232,,
H00300.CSI,20180626,4346.4653,,,,4382.0591,-35.5938,-0.8123,,
H00300.CSI,20180625,4382.0591,,,,4441.3029,-59.2438,-1.3339,,
H00300.CSI,20180622,4441.3029,,,,4418.7653,22.5376,0.51,,
H00300.CSI,20180621,4418.7653,,,,4470.2682,-51.5029,-1.1521,,
H00300.CSI,20180620,4470.2682,,,,4451.6816,18.5866,0.4175,,
H00300.CSI,20180619,4451.6816,,,,4613.7679,-162.0863,-3.5131,,
H00300.CSI,20180615,4613.7679,,,,4630.3488,-16.5809,-0.3581,,
H00300.CSI,20180614,4630.3488,,,,4648.4765,-18.1277,-0.39,,
H00300.CSI,20180613,4648.4765,,,,4694.1574,-45.6809,-0.9731,,
H00300.CSI,20180612,4694.1574,,,,4637.6737,56.4837,1.2179,,
H00300.CSI,20180611,4637.6737,,,,4637.0328,0.6409,0.0138,,
H00300.CSI,20180608,4637.0328,,,,4696.6304,-59.5976,-1.2689,,
H00300.CSI,20180607,4696.6304,,,,4697.886,-1.2556,-0.0267,,
H00300.CSI,20180606,4697.886,,,,4707.5375,-9.6515,-0.205,,
H00300.CSI,20180605,4707.5375,,,,4659.4149,48.1226,1.0328,,
H00300.CSI,20180604,4659.4149,,,,4614.1153,45.2996,0.9818,,
H00300.CSI,20180601,4614.1153,,,,4652.6226,-38.5073,-0.8276,,
H00300.CSI,20180531,4652.6226,,,,4555.1291,97.4935,2.1403,,
H00300.CSI,20180530,4555.1291,,,,4653.598,-98.4689,-2.116,,
H00300.CSI,20180529,4653.598,,,,4688.6583,-35.0603,-0.7478,,
H00300.CSI,20180528,4688.6583,,,,4668.0699,20.5884,0.441,,
H00300.CSI,20180525,4668.0699,,,,4678.1092,-10.0393,-0.2146,,
H00300.CSI,20180524,4678.1092,,,,4711.4009,-33.2917,-0.7066,,
H00300.CSI,20180523,4711.4009,,,,4774.5022,-63.1013,-1.3216,,
H00300.CSI,20180522,4774.5022,,,,4792.0209,-17.5187,-0.3656,,
H00300.CSI,20180521,4792.0209,,,,4769.4055,22.6154,0.4742,,
H00300.CSI,20180518,4769.4055,,,,4721.6437,47.7618,1.0116,,
H00300.CSI,20180517,4721.6437,,,,4756.598,-34.9543,-0.7349,,
H00300.CSI,20180516,4756.598,,,,4794.6075,-38.0095,-0.7928,,
H00300.CSI,20180515,4794.6075,,,,4776.3697,18.2378,0.3818,,
H00300.CSI,20180514,4776.3697,,,,4731.7923,44.5774,0.9421,,
H00300.CSI,20180511,4731.7923,,,,4756.3486,-24.5563,-0.5163,,
H00300.CSI,20180510,4756.3486,,,,4729.8664,26.4822,0.5599,,
H00300.CSI,20180509,4729.8664,,,,4737.7239,-7.8575,-0.1658,,
H00300.CSI,20180508,4737.7239,,,,4683.3815,54.3424,1.1603,,
H00300.CSI,20180507,4683.3815,,,,4610.4389,72.9426,1.5821,,
H00300.CSI,20180504,4610.4389,,,,4629.821,-19.3821,-0.4186,,
H00300.CSI,20180503,4629.821,,,,4593.9908,35.8302,0.7799,,
H00300.CSI,20180502,4593.9908,,,,4585.6556,8.3352,0.1818,,
H00300.CSI,20180427,4585.6556,,,,4583.5116,2.144,0.0468,,
H00300.CSI,20180426,4583.5116,,,,4672.8598,-89.3482,-1.9121,,
H00300.CSI,20180425,4672.8598,,,,4690.8026,-17.9428,-0.3825,,
H00300.CSI,20180424,4690.8026,,,,4596.6288,94.1738,2.0488,,
H00300.CSI,20180423,4596.6288,,,,4589.9512,6.6776,0.1455,,
H00300.CSI,20180420,4589.9512,,,,4652.1806,-62.2294,-1.3376,,
H00300.CSI,20180419,4652.1806,,,,4596.5755,55.6051,1.2097,,
H00300.CSI,20180418,4596.5755,,,,4575.0155,21.56,0.4713,,
H00300.CSI,20180417,4575.0155,,,,4648.5129,-73.4974,-1.5811,,
H00300.CSI,20180416,4648.5129,,,,4724.5035,-75.9906,-1.6084,,
H00300.CSI,20180413,4724.5035,,,,4758.0549,-33.5514,-0.7051,,
H00300.CSI,20180412,4758.0549,,,,4806.5161,-48.4612,-1.0082,,
H00300.CSI,20180411,4806.5161,,,,4792.8832,13.6329,0.2844,,
H00300.CSI,20180410,4792.8832,,,,4702.2731,90.6101,1.9269,,
H00300.CSI,20180409,4702.2731,,,,4704.6326,-2.3595,-0.0502,,
H00300.CSI,20180404,4704.6326,,,,4713.9288,-9.2962,-0.1972,,
H00300.CSI,20180403,4713.9288,,,,4743.7555,-29.8267,-0.6288,,
H00300.CSI,20180402,4743.7555,,,,4757.8868,-14.1313,-0.297,,
H00300.CSI,20180330,4757.8868,,,,4752.3772,5.5096,0.1159,,
H00300.CSI,20180329,4752.3772,,,,4689.7278,62.6494,1.3359,,
H00300.CSI,20180328,4689.7278,,,,4775.8326,-86.1048,-1.8029,,
H00300.CSI,20180327,4775.8326,,,,4735.1,40.7326,0.8602,,
H00300.CSI,20180326,4735.1,,,,4765.6624,-30.5624,-0.6413,,
H00300.CSI,20180323,4765.6624,,,,4906.5154,-140.853,-2.8707,,
H00300.CSI,20180322,4906.5154,,,,4956.1878,-49.6724,-1.0022,,
H00300.CSI,20180321,4956.1878,,,,4976.5127,-20.3249,-0.4084,,
H00300.CSI,20180320,4976.5127,,,,4972.2947,4.218,0.0848,,
H00300.CSI,20180319,4972.2947,,,,4950.5403,21.7544,0.4394,,
H00300.CSI,20180316,4950.5403,,,,4999.0399,-48.4996,-0.9702,,
H00300.CSI,20180315,4999.0399,,,,4971.1923,27.8476,0.5602,,
H00300.CSI,20180314,4971.1923,,,,4993.0483,-21.856,-0.4377,,
H00300.CSI,20180313,4993.0483,,,,5037.4875,-44.4392,-0.8822,,
H00300.CSI,20180312,5037.4875,,,,5014.5422,22.9453,0.4576,,
H00300.CSI,20180309,5014.5422,,,,4976.3857,38.1565,0.7668,,
H00300.CSI,20180308,4976.3857,,,,4926.4137,49.972,1.0144,,
H00300.CSI,20180307,4926.4137,,,,4962.9179,-36.5042,-0.7355,,
H00300.CSI,20180306,4962.9179,,,,4903.767,59.1509,1.2062,,
H00300.CSI,20180305,4903.767,,,,4901.7703,1.9967,0.0407,,
H00300.CSI,20180302,4901.7703,,,,4941.5869,-39.8166,-0.8057,,
H00300.CSI,20180301,4941.5869,,,,4910.5335,31.0534,0.6324,,
H00300.CSI,20180228,4910.5335,,,,4953.6621,-43.1286,-0.8706,,
H00300.CSI,20180227,4953.6621,,,,5026.2014,-72.5393,-1.4432,,
H00300.CSI,20180226,5026.2014,,,,4968.4394,57.762,1.1626,,
H00300.CSI,20180223,4968.4394,,,,4946.0376,22.4018,0.4529,,
H00300.CSI,20180222,4946.0376,,,,4841.3601,104.6775,2.1622,,
H00300.CSI,20180214,4841.3601,,,,4803.1254,38.2347,0.796,,
H00300.CSI,20180213,4803.1254,,,,4747.5624,55.563,1.1703,,
H00300.CSI,20180212,4747.5624,,,,4687.2103,60.3521,1.2876,,
H00300.CSI,20180209,4687.2103,,,,4896.3836,-209.1733,-4.272,,
H00300.CSI,20180208,4896.3836,,,,4943.2838,-46.9002,-0.9488,,
H00300.CSI,20180207,4943.2838,,,,5063.3584,-120.0746,-2.3714,,
H00300.CSI,20180206,5063.3584,,,,5216.2285,-152.8701,-2.9307,,
H00300.CSI,20180205,5216.2285,,,,5212.6725,3.556,0.0682,,
H00300.CSI,20180202,5212.6725,,,,5181.7536,30.9189,0.5967,,
H00300.CSI,20180201,5181.7536,,,,5218.3669,-36.6133,-0.7016,,
H00300.CSI,20180131,5218.3669,,,,5194.207,24.1599,0.4651,,
H00300.CSI,20180130,5194.207,,,,5250.2435,-56.0365,-1.0673,,
H00300.CSI,20180129,5250.2435,,,,5346.9998,-96.7563,-1.8095,,
H00300.CSI,20180126,5346.9998,,,,5326.3448,20.655,0.3878,,
H00300.CSI,20180125,5326.3448,,,,5356.6135,-30.2687,-0.5651,,
H00300.CSI,20180124,5356.6135,,,,5347.7395,8.874,0.1659,,
H00300.CSI,20180123,5347.7395,,,,5291.5906,56.1489,1.0611,,
H00300.CSI,20180122,5291.5906,,,,5229.1126,62.478,1.1948,,
H00300.CSI,20180119,5229.1126,,,,5212.0561,17.0565,0.3273,,
H00300.CSI,20180118,5212.0561,,,,5183.6245,28.4316,0.5485,,
H00300.CSI,20180117,5183.6245,,,,5196.2618,-12.6373,-0.2432,,
H00300.CSI,20180116,5196.2618,,,,5155.7095,40.5523,0.7866,,
H00300.CSI,20180115,5155.7095,,,,5155.4188,0.2907,0.0056,,
H00300.CSI,20180112,5155.4188,,,,5131.7287,23.6901,0.4616,,
H00300.CSI,20180111,5131.7287,,,,5134.4459,-2.7172,-0.0529,,
H00300.CSI,20180110,5134.4459,,,,5111.8529,22.593,0.442,,
H00300.CSI,20180109,5111.8529,,,,5076.2981,35.5548,0.7004,,
H00300.CSI,20180108,5076.2981,,,,5050.1745,26.1236,0.5173,,
H00300.CSI,20180105,5050.1745,,,,5038.0472,12.1273,0.2407,,
H00300.CSI,20180104,5038.0472,,,,5016.7918,21.2554,0.4237,,
H00300.CSI,20180103,5016.7918,,,,4987.5172,29.2746,0.587,,
H00300.CSI,20180102,4987.5172,,,,4918.5184,68.9988,1.4028,,
H00300.CSI,20171229,4918.5184,,,,4903.9277,14.5907,0.2975,,
H00300.CSI,20171228,4903.9277,,,,4870.14,33.7877,0.6938,,
H00300.CSI,20171227,4870.14,,,,4946.2997,-76.1597,-1.5397,,
H00300.CSI,20171226,4946.2997,,,,4931.5566,14.7431,0.299,,
H00300.CSI,20171225,4931.5566,,,,4947.4905,-15.9339,-0.3221,,
H00300.CSI,20171222,4947.4905,,,,4963.6586,-16.1681,-0.3257,,
H00300.CSI,20171221,4963.6586,,,,4918.0729,45.5857,0.9269,,
H00300.CSI,20171220,4918.0729,,,,4923.9782,-5.9053,-0.1199,,
H00300.CSI,20171219,4923.9782,,,,4862.921,61.0572,1.2556,,
H00300.CSI,20171218,4862.921,,,,4857.5086,5.4124,0.1114,,
H00300.CSI,20171215,4857.5086,,,,4912.7793,-55.2707,-1.125,,
H00300.CSI,20171214,4912.7793,,,,4941.9927,-29.2134,-0.5911,,
H00300.CSI,20171213,4941.9927,,,,4900.4121,41.5806,0.8485,,
H00300.CSI,20171212,4900.4121,,,,4965.6734,-65.2613,-1.3142,,
H00300.CSI,20171211,4965.6734,,,,4884.992,80.6814,1.6516,,
H00300.CSI,20171208,4884.992,,,,4845.5518,39.4402,0.8139,,
H00300.CSI,20171207,4845.5518,,,,4900.1739,-54.6221,-1.1147,,
H00300.CSI,20171206,4900.1739,,,,4929.8721,-29.6982,-0.6024,,
H00300.CSI,20171205,4929.8721,,,,4903.8653,26.0068,0.5303,,
H00300.CSI,20171204,4903.8653,,,,4878.5817,25.2836,0.5183,,
H00300.CSI,20171201,4878.5817,,,,4888.2981,-9.7164,-0.1988,,
H00300.CSI,20171130,4888.2981,,,,4946.4456,-58.1475,-1.1755,,
H00300.CSI,20171129,4946.4456,,,,4948.9722,-2.5266,-0.0511,,
H00300.CSI,20171128,4948.9722,,,,4941.8022,7.17,0.1451,,
H00300.CSI,20171127,4941.8022,,,,5008.006,-66.2038,-1.322,,
H00300.CSI,20171124,5008.006,,,,5005.7798,2.2262,0.0445,,
H00300.CSI,20171123,5005.7798,,,,5158.5133,-152.7335,-2.9608,,
H00300.CSI,20171122,5158.5133,,,,5146.4759,12.0374,0.2339,,
H00300.CSI,20171121,5146.4759,,,,5056.3414,90.1345,1.7826,,
H00300.CSI,20171120,5056.3414,,,,5028.2785,28.0629,0.5581,,
H00300.CSI,20171117,5028.2785,,,,5008.9523,19.3262,0.3858,,
H00300.CSI,20171116,5008.9523,,,,4970.7078,38.2445,0.7694,,
H00300.CSI,20171115,4970.7078,,,,5002.0444,-31.3366,-0.6265,,
H00300.CSI,20171114,5002.0444,,,,5037.0914,-35.047,-0.6958,,
H00300.CSI,20171113,5037.0914,,,,5017.3704,19.721,0.3931,,
H00300.CSI,20171110,5017.3704,,,,4973.4292,43.9412,0.8835,,
H00300.CSI,20171109,4973.4292,,,,4939.3927,34.0365,0.6891,,
H00300.CSI,20171108,4939.3927,,,,4947.0077,-7.615,-0.1539,,
H00300.CSI,20171107,4947.0077,,,,4906.3055,40.7022,0.8296,,
H00300.CSI,20171106,4906.3055,,,,4871.9059,34.3996,0.7061,,
H00300.CSI,20171103,4871.9059,,,,4877.3192,-5.4133,-0.111,,
H00300.CSI,20171102,4877.3192,,,,4876.6942,0.625,0.0128,,
H00300.CSI,20171101,4876.6942,,,,4889.0131,-12.3189,-0.252,,
H00300.CSI,20171031,4889.0131,,,,4892.6785,-3.6654,-0.0749,,
H00300.CSI,20171030,4892.6785,,,,4907.6209,-14.9424,-0.3045,,
H00300.CSI,20171027,4907.6209,,,,4872.9521,34.6688,0.7115,,
H00300.CSI,20171026,4872.9521,,,,4852.6649,20.2872,0.4181,,
H00300.CSI,20171025,4852.6649,,,,4831.2459,21.419,0.4433,,
H00300.CSI,20171024,4831.2459,,,,4796.3188,34.9271,0.7282,,
H00300.CSI,20171023,4796.3188,,,,4791.5038,4.815,0.1005,,
H00300.CSI,20171020,4791.5038,,,,4796.5573,-5.0535,-0.1054,,
H00300.CSI,20171019,4796.5573,,,,4812.3126,-15.7553,-0.3274,,
H00300.CSI,20171018,4812.3126,,,,4774.3747,37.9379,0.7946,,
H00300.CSI,20171017,4774.3747,,,,4774.8352,-0.4605,-0.0096,,
H00300.CSI,20171016,4774.8352,,,,4784.0538,-9.2186,-0.1927,,
H00300.CSI,20171013,4784.0538,,,,4774.2342,9.8196,0.2057,,
H00300.CSI,20171012,4774.2342,,,,4761.7076,12.5266,0.2631,,
H00300.CSI,20171011,4761.7076,,,,4746.062,15.6456,0.3297,,
H00300.CSI,20171010,4746.062,,,,4736.7207,9.3413,0.1972,,
H00300.CSI,20171009,4736.7207,,,,4680.954,55.7667,1.1914,,
H00300.CSI,20170929,4680.954,,,,4663.918,17.036,0.3653,,
H00300.CSI,20170928,4663.918,,,,4662.2848,1.6332,0.035,,
H00300.CSI,20170927,4662.2848,,,,4661.7742,0.5106,0.011,,
H00300.CSI,20170926,4661.7742,,,,4656.9064,4.8678,0.1045,,
H00300.CSI,20170925,4656.9064,,,,4681.2277,-24.3213,-0.5195,,
H00300.CSI,20170922,4681.2277,,,,4681.334,-0.1063,-0.0023,,
H00300.CSI,20170921,4681.334,,,,4686.9667,-5.6327,-0.1202,,
H00300.CSI,20170920,4686.9667,,,,4673.9277,13.039,0.279,,
H00300.CSI,20170919,4673.9277,,,,4687.3767,-13.449,-0.2869,,
H00300.CSI,20170918,4687.3767,,,,4672.9281,14.4486,0.3092,,
H00300.CSI,20170915,4672.9281,,,,4671.1462,1.7819,0.0381,,
H00300.CSI,20170914,4671.1462,,,,4686.5754,-15.4292,-0.3292,,
H00300.CSI,20170913,4686.5754,,,,4680.8774,5.698,0.1217,,
H00300.CSI,20170912,4680.8774,,,,4665.8895,14.9879,0.3212,,
H00300.CSI,20170911,4665.8895,,,,4666.3093,-0.4198,-0.009,,
H00300.CSI,20170908,4666.3093,,,,4671.0436,-4.7343,-0.1014,,
H00300.CSI,20170907,4671.0436,,,,4694.9224,-23.8788,-0.5086,,
H00300.CSI,20170906,4694.9224,,,,4704.1873,-9.2649,-0.197,,
H00300.CSI,20170905,4704.1873,,,,4690.2469,13.9404,0.2972,,
H00300.CSI,20170904,4690.2469,,,,4669.5297,20.7172,0.4437,,
H00300.CSI,20170901,4669.5297,,,,4659.2344,10.2953,0.221,,
H00300.CSI,20170831,4659.2344,,,,4674.1159,-14.8815,-0.3184,,
H00300.CSI,20170830,4674.1159,,,,4674.405,-0.2891,-0.0062,,
H00300.CSI,20170829,4674.405,,,,4682.0601,-7.6551,-0.1635,,
H00300.CSI,20170828,4682.0601,,,,4624.8458,57.2143,1.2371,,
H00300.CSI,20170825,4624.8458,,,,4549.7468,75.099,1.6506,,
H00300.CSI,20170824,4549.7468,,,,4575.5313,-25.7845,-0.5635,,
H00300.CSI,20170823,4575.5313,,,,4570.9139,4.6174,0.101,,
H00300.CSI,20170822,4570.9139,,,,4557.1439,13.77,0.3022,,
H00300.CSI,20170821,4557.1439,,,,4537.2643,19.8796,0.4381,,
H00300.CSI,20170818,4537.2643,,,,4531.6568,5.6075,0.1237,,
H00300.CSI,20170817,4531.6568,,,,4507.4764,24.1804,0.5365,,
H00300.CSI,20170816,4507.4764,,,,4513.0469,-5.5705,-0.1234,,
H00300.CSI,20170815,4513.0469,,,,4499.1968,13.8501,0.3078,,
H00300.CSI,20170814,4499.1968,,,,4441.4409,57.7559,1.3004,,
H00300.CSI,20170811,4441.4409,,,,4524.0636,-82.6227,-1.8263,,
H00300.CSI,20170810,4524.0636,,,,4542.212,-18.1484,-0.3995,,
H00300.CSI,20170809,4542.212,,,,4543.4495,-1.2375,-0.0272,,
H00300.CSI,20170808,4543.4495,,,,4535.7011,7.7484,0.1708,,
H00300.CSI,20170807,4535.7011,,,,4512.3152,23.3859,0.5183,,
H00300.CSI,20170804,4512.3152,,,,4536.36,-24.0448,-0.53,,
H00300.CSI,20170803,4536.36,,,,4576.4872,-40.1272,-0.8768,,
H00300.CSI,20170802,4576.4872,,,,4586.6393,-10.1521,-0.2213,,
H00300.CSI,20170801,4586.6393,,,,4546.7649,39.8744,0.877,,
H00300.CSI,20170731,4546.7649,,,,4527.3246,19.4403,0.4294,,
H00300.CSI,20170728,4527.3246,,,,4515.4883,11.8363,0.2621,,
H00300.CSI,20170727,4515.4883,,,,4506.2261,9.2622,0.2055,,
H00300.CSI,20170726,4506.2261,,,,4523.2181,-16.992,-0.3757,,
H00300.CSI,20170725,4523.2181,,,,4552.0006,-28.7825,-0.6323,,
H00300.CSI,20170724,4552.0006,,,,4533.5503,18.4503,0.407,,
H00300.CSI,20170721,4533.5503,,,,4555.7463,-22.196,-0.4872,,
H00300.CSI,20170720,4555.7463,,,,4533.3981,22.3482,0.493,,
H00300.CSI,20170719,4533.3981,,,,4456.0758,77.3223,1.7352,,
H00300.CSI,20170718,4456.0758,,,,4450.1348,5.941,0.1335,,
H00300.CSI,20170717,4450.1348,,,,4497.9976,-47.8628,-1.0641,,
H00300.CSI,20170714,4497.9976,,,,4473.5857,24.4119,0.5457,,
H00300.CSI,20170713,4473.5857,,,,4435.9611,37.6246,0.8482,,
H00300.CSI,20170712,4435.9611,,,,4448.7891,-12.828,-0.2883,,
H00300.CSI,20170711,4448.7891,,,,4422.9427,25.8464,0.5844,,
H00300.CSI,20170710,4422.9427,,,,4422.4802,0.4625,0.0105,,
H00300.CSI,20170707,4422.4802,,,,4422.7783,-0.2981,-0.0067,,
H00300.CSI,20170706,4422.7783,,,,4420.0372,2.7411,0.062,,
H00300.CSI,20170705,4420.0372,,,,4367.2708,52.7664,1.2082,,
H00300.CSI,20170704,4367.2708,,,,4403.8774,-36.6066,-0.8312,,
H00300.CSI,20170703,4403.8774,,,,4423.1097,-19.2323,-0.4348,,
H00300.CSI,20170630,4423.1097,,,,4424.5636,-1.4539,-0.0329,,
H00300.CSI,20170629,4424.5636,,,,4395.5396,29.024,0.6603,,
H00300.CSI,20170628,4395.5396,,,,4429.8816,-34.342,-0.7752,,
H00300.CSI,20170627,4429.8816,,,,4421.8756,8.006,0.1811,,
H00300.CSI,20170626,4421.8756,,,,4367.0997,54.7759,1.2543,,
H00300.CSI,20170623,4367.0997,,,,4327.8008,39.2989,0.9081,,
H00300.CSI,20170622,4327.8008,,,,4324.1486,3.6522,0.0845,,
H00300.CSI,20170621,4324.1486,,,,4273.5465,50.6021,1.1841,,
H00300.CSI,20170620,4273.5465,,,,4282.1623,-8.6158,-0.2012,,
H00300.CSI,20170619,4282.1623,,,,4239.5414,42.6209,1.0053,,
H00300.CSI,20170616,4239.5414,,,,4246.1723,-6.6309,-0.1562,,
H00300.CSI,20170615,4246.1723,,,,4253.3821,-7.2098,-0.1695,,
H00300.CSI,20170614,4253.3821,,,,4301.5938,-48.2117,-1.1208,,
H00300.CSI,20170613,4301.5938,,,,4291.5951,9.9987,0.233,,
H00300.CSI,20170612,4291.5951,,,,4293.5614,-1.9663,-0.0458,,
H00300.CSI,20170609,4293.5614,,,,4273.567,19.9944,0.4679,,
H00300.CSI,20170608,4273.567,,,,4240.5895,32.9775,0.7777,,
H00300.CSI,20170607,4240.5895,,,,4190.5915,49.998,1.1931,,
H00300.CSI,20170606,4190.5915,,,,4161.403,29.1885,0.7014,,
H00300.CSI,20170605,4161.403,,,,4181.483,-20.08,-0.4802,,
H00300.CSI,20170602,4181.483,,,,4194.8721,-13.3891,-0.3192,,
H00300.CSI,20170601,4194.8721,,,,4188.7984,6.0737,0.145,,
H00300.CSI,20170531,4188.7984,,,,4173.6897,15.1087,0.362,,
H00300.CSI,20170526,4173.6897,,,,4179.5379,-5.8482,-0.1399,,
H00300.CSI,20170525,4179.5379,,,,4104.6642,74.8737,1.8241,,
H00300.CSI,20170524,4104.6642,,,,4104.5123,0.1519,0.0037,,
H00300.CSI,20170523,4104.5123,,,,4088.8272,15.6851,0.3836,,
H00300.CSI,20170522,4088.8272,,,,4079.6389,9.1883,0.2252,,
H00300.CSI,20170519,4079.6389,,,,4072.6279,7.011,0.1721,,
H00300.CSI,20170518,4072.6279,,,,4086.3212,-13.6933,-0.3351,,
H00300.CSI,20170517,4086.3212,,,,4108.6649,-22.3437,-0.5438,,
H00300.CSI,20170516,4108.6649,,,,4072.8945,35.7704,0.8783,,
H00300.CSI,20170515,4072.8945,,,,4055.8875,17.007,0.4193,,
H00300.CSI,20170512,4055.8875,,,,4020.4426,35.4449,0.8816,,
H00300.CSI,20170511,4020.4426,,,,3997.1723,23.2703,0.5822,,
H00300.CSI,20170510,3997.1723,,,,4012.734,-15.5617,-0.3878,,
H00300.CSI,20170509,4012.734,,,,4018.6857,-5.9517,-0.1481,,
H00300.CSI,20170508,4018.6857,,,,4047.0869,-28.4012,-0.7018,,
H00300.CSI,20170505,4047.0869,,,,4073.1966,-26.1097,-0.641,,
H00300.CSI,20170504,4073.1966,,,,4083.6558,-10.4592,-0.2561,,
H00300.CSI,20170503,4083.6558,,,,4099.696,-16.0402,-0.3913,,
H00300.CSI,20170502,4099.696,,,,4115.4608,-15.7648,-0.3831,,
H00300.CSI,20170428,4115.4608,,,,4123.6867,-8.2259,-0.1995,,
H00300.CSI,20170427,4123.6867,,,,4121.8479,1.8388,0.0446,,
H00300.CSI,20170426,4121.8479,,,,4116.7713,5.0766,0.1233,,
H00300.CSI,20170425,4116.7713,,,,4105.0988,11.6725,0.2843,,
H00300.CSI,20170424,4105.0988,,,,4147.5807,-42.4819,-1.0243,,
H00300.CSI,20170421,4147.5807,,,,4141.2742,6.3065,0.1523,,
H00300.CSI,20170420,4141.2742,,,,4122.5249,18.7493,0.4548,,
H00300.CSI,20170419,4122.5249,,,,4142.6356,-20.1107,-0.4855,,
H00300.CSI,20170418,4142.6356,,,,4163.1641,-20.5285,-0.4931,,
H00300.CSI,20170417,4163.1641,,,,4171.0155,-7.8514,-0.1882,,
H00300.CSI,20170414,4171.0155,,,,4204.5865,-33.571,-0.7984,,
H00300.CSI,20170413,4204.5865,,,,4198.4523,6.1342,0.1461,,
H00300.CSI,20170412,4198.4523,,,,4207.8906,-9.4383,-0.2243,,
H00300.CSI,20170411,4207.8906,,,,4193.0685,14.8221,0.3535,,
H00300.CSI,20170410,4193.0685,,,,4207.6987,-14.6302,-0.3477,,
H00300.CSI,20170407,4207.6987,,,,4203.5306,4.1681,0.0992,,
H00300.CSI,20170406,4203.5306,,,,4191.3846,12.146,0.2898,,
H00300.CSI,20170405,4191.3846,,,,4134.1489,57.2357,1.3845,,
H00300.CSI,20170331,4134.1489,,,,4111.077,23.0719,0.5612,,
H00300.CSI,20170330,4111.077,,,,4145.0915,-34.0145,-0.8206,,
H00300.CSI,20170329,4145.0915,,,,4149.8473,-4.7558,-0.1146,,
H00300.CSI,20170328,4149.8473,,,,4159.6892,-9.8419,-0.2366,,
H00300.CSI,20170327,4159.6892,,,,4173.5163,-13.8271,-0.3313,,
H00300.CSI,20170324,4173.5163,,,,4140.4814,33.0349,0.7979,,
H00300.CSI,20170323,4140.4814,,,,4126.2156,14.2658,0.3457,,
H00300.CSI,20170322,4126.2156,,,,4145.7061,-19.4905,-0.4701,,
H00300.CSI,20170321,4145.7061,,,,4125.6923,20.0138,0.4851,,
H00300.CSI,20170320,4125.6923,,,,4121.1385,4.5538,0.1105,,
H00300.CSI,20170317,4121.1385,,,,4163.8371,-42.6986,-1.0255,,
H00300.CSI,20170316,4163.8371,,,,4142.4732,21.3639,0.5157,,
H00300.CSI,20170315,4142.4732,,,,4134.0778,8.3954,0.2031,,
H00300.CSI,20170314,4134.0778,,,,4135.7575,-1.6797,-0.0406,,
H00300.CSI,20170313,4135.7575,,,,4099.6318,36.1257,0.8812,,
H00300.CSI,20170310,4099.6318,,,,4098.4983,1.1335,0.0277,,
H00300.CSI,20170309,4098.4983,,,,4124.5554,-26.0571,-0.6318,,
H00300.CSI,20170308,4124.5554,,,,4130.8045,-6.2491,-0.1513,,
H00300.CSI,20170307,4130.8045,,,,4121.8676,8.9369,0.2168,,
H00300.CSI,20170306,4121.8676,,,,4099.3862,22.4814,0.5484,,
H00300.CSI,20170303,4099.3862,,,,4108.0369,-8.6507,-0.2106,,
H00300.CSI,20170302,4108.0369,,,,4135.9507,-27.9138,-0.6749,,
H00300.CSI,20170301,4135.9507,,,,4129.2211,6.7296,0.163,,
H00300.CSI,20170228,4129.2211,,,,4121.3429,7.8782,0.1912,,
H00300.CSI,20170227,4121.3429,,,,4154.3844,-33.0415,-0.7953,,
H00300.CSI,20170224,4154.3844,,,,4153.7529,0.6315,0.0152,,
H00300.CSI,20170223,4153.7529,,,,4173.4052,-19.6523,-0.4709,,
H00300.CSI,20170222,4173.4052,,,,4165.1132,8.292,0.1991,,
H00300.CSI,20170221,4165.1132,,,,4151.4435,13.6697,0.3293,,
H00300.CSI,20170220,4151.4435,,,,4091.7075,59.736,1.4599,,
H00300.CSI,20170217,4091.7075,,,,4115.017,-23.3095,-0.5664,,
H00300.CSI,20170216,4115.017,,,,4092.0318,22.9852,0.5617,,
H00300.CSI,20170215,4092.0318,,,,4108.8834,-16.8516,-0.4101,,
H00300.CSI,20170214,4108.8834,,,,4109.4464,-0.563,-0.0137,,
H00300.CSI,20170213,4109.4464,,,,4082.194,27.2524,0.6676,,
H00300.CSI,20170210,4082.194,,,,4061.6312,20.5628,0.5063,,
H00300.CSI,20170209,4061.6312,,,,4046.079,15.5522,0.3844,,
H00300.CSI,20170208,4046.079,,,,4025.0277,21.0513,0.523,,
H00300.CSI,20170207,4025.0277,,,,4034.0211,-8.9934,-0.2229,,
H00300.CSI,20170206,4034.0211,,,,4023.6014,10.4197,0.259,,
H00300.CSI,20170203,4023.6014,,,,4051.6671,-28.0657,-0.6927,,
H00300.CSI,20170126,4051.6671,,,,4037.2489,14.4182,0.3571,,
H00300.CSI,20170125,4037.2489,,,,4023.5519,13.697,0.3404,,
H00300.CSI,20170124,4023.5519,,,,4023.1092,0.4427,0.011,,
H00300.CSI,20170123,4023.1092,,,,4012.1169,10.9923,0.274,,
H00300.CSI,20170120,4012.1169,,,,3981.5018,30.6151,0.7689,,
H00300.CSI,20170119,3981.5018,,,,3993.5519,-12.0501,-0.3017,,
H00300.CSI,20170118,3993.5519,,,,3977.9945,15.5574,0.3911,,
H00300.CSI,20170117,3977.9945,,,,3969.7299,8.2646,0.2082,,
H00300.CSI,20170116,3969.7299,,,,3970.288,-0.5581,-0.0141,,
H00300.CSI,20170113,3970.288,,,,3967.5516,2.7364,0.069,,
H00300.CSI,20170112,3967.5516,,,,3987.7281,-20.1765,-0.506,,
H00300.CSI,20170111,3987.7281,,,,4016.162,-28.4339,-0.708,,
H00300.CSI,20170110,4016.162,,,,4022.8947,-6.7327,-0.1674,,
H00300.CSI,20170109,4022.8947,,,,4003.4794,19.4153,0.485,,
H00300.CSI,20170106,4003.4794,,,,4027.5441,-24.0647,-0.5975,,
H00300.CSI,20170105,4027.5441,,,,4028.169,-0.6249,-0.0155,,
H00300.CSI,20170104,4028.169,,,,3996.9745,31.1945,0.7805,,
H00300.CSI,20170103,3996.9745,,,,3958.5305,38.444,0.9712,,
H00300.CSI,20161230,3958.5305,,,,3943.8018,14.7287,0.3735,,
H00300.CSI,20161229,3943.8018,,,,3948.7336,-4.9318,-0.1249,,
H00300.CSI,20161228,3948.7336,,,,3966.0701,-17.3365,-0.4371,,
H00300.CSI,20161227,3966.0701,,,,3973.2639,-7.1938,-0.1811,,
H00300.CSI,20161226,3973.2639,,,,3955.5628,17.7011,0.4475,,
H00300.CSI,20161223,3955.5628,,,,3989.1351,-33.5723,-0.8416,,
H00300.CSI,20161222,3989.1351,,,,3992.5602,-3.4251,-0.0858,,
H00300.CSI,20161221,3992.5602,,,,3957.3147,35.2455,0.8906,,
H00300.CSI,20161220,3957.3147,,,,3981.1354,-23.8207,-0.5983,,
H00300.CSI,20161219,3981.1354,,,,4001.5229,-20.3875,-0.5095,,
H00300.CSI,20161216,4001.5229,,,,3994.8298,6.6931,0.1675,,
H00300.CSI,20161215,3994.8298,,,,4040.8857,-46.0559,-1.1397,,
H00300.CSI,20161214,4040.8857,,,,4072.087,-31.2013,-0.7662,,
H00300.CSI,20161213,4072.087,,,,4076.9562,-4.8692,-0.1194,,
H00300.CSI,20161212,4076.9562,,,,4178.0329,-101.0767,-2.4192,,
H00300.CSI,20161209,4178.0329,,,,4149.8606,28.1723,0.6789,,
H00300.CSI,20161208,4149.8606,,,,4156.5632,-6.7026,-0.1613,,
H00300.CSI,20161207,4156.5632,,,,4136.632,19.9312,0.4818,,
H00300.CSI,20161206,4136.632,,,,4148.8943,-12.2623,-0.2956,,
H00300.CSI,20161205,4148.8943,,,,4220.1041,-71.2098,-1.6874,,
H00300.CSI,20161202,4220.1041,,,,4263.2519,-43.1478,-1.0121,,
H00300.CSI,20161201,4263.2519,,,,4230.9221,32.3298,0.7641,,
H00300.CSI,20161130,4230.9221,,,,4262.0613,-31.1392,-0.7306,,
H00300.CSI,20161129,4262.0613,,,,4227.4299,34.6314,0.8192,,
H00300.CSI,20161128,4227.4299,,,,4210.8737,16.5562,0.3932,,
H00300.CSI,20161125,4210.8737,,,,4171.9396,38.9341,0.9332,,
H00300.CSI,20161124,4171.9396,,,,4155.1845,16.7551,0.4032,,
H00300.CSI,20161123,4155.1845,,,,4147.5728,7.6117,0.1835,,
H00300.CSI,20161122,4147.5728,,,,4114.9827,32.5901,0.792,,
H00300.CSI,20161121,4114.9827,,,,4086.6951,28.2876,0.6922,,
H00300.CSI,20161118,4086.6951,,,,4109.5111,-22.816,-0.5552,,
H00300.CSI,20161117,4109.5111,,,,4101.2086,8.3025,0.2024,,
H00300.CSI,20161116,4101.2086,,,,4101.5406,-0.332,-0.0081,,
H00300.CSI,20161115,4101.5406,,,,4101.9931,-0.4525,-0.011,,
H00300.CSI,20161114,4101.9931,,,,4086.4149,15.5782,0.3812,,
H00300.CSI,20161111,4086.4149,,,,4054.5949,31.82,0.7848,,
H00300.CSI,20161110,4054.5949,,,,4009.6829,44.912,1.1201,,
H00300.CSI,20161109,4009.6829,,,,4031.2832,-21.6003,-0.5358,,
H00300.CSI,20161108,4031.2832,,,,4013.8095,17.4737,0.4353,,
H00300.CSI,20161107,4013.8095,,,,4010.9196,2.8899,0.0721,,
H00300.CSI,20161104,4010.9196,,,,4023.9658,-13.0462,-0.3242,,
H00300.CSI,20161103,4023.9658,,,,3985.9542,38.0116,0.9536,,
H00300.CSI,20161102,3985.9542,,,,4016.6846,-30.7304,-0.7651,,
H00300.CSI,20161101,4016.6846,,,,3989.4523,27.2323,0.6826,,
H00300.CSI,20161031,3989.4523,,,,3994.0541,-4.6018,-0.1152,,
H00300.CSI,20161028,3994.0541,,,,4000.7131,-6.659,-0.1664,,
H00300.CSI,20161027,4000.7131,,,,4011.6011,-10.888,-0.2714,,
H00300.CSI,20161026,4011.6011,,,,4026.733,-15.1319,-0.3758,,
H00300.CSI,20161025,4026.733,,,,4026.8645,-0.1315,-0.0033,,
H00300.CSI,20161024,4026.8645,,,,3979.2275,47.637,1.1971,,
H00300.CSI,20161021,3979.2275,,,,3968.3034,10.9241,0.2753,,
H00300.CSI,20161020,3968.3034,,,,3965.3699,2.9335,0.074,,
H00300.CSI,20161019,3965.3699,,,,3971.4583,-6.0884,-0.1533,,
H00300.CSI,20161018,3971.4583,,,,3919.4989,51.9594,1.3257,,
H00300.CSI,20161017,3919.4989,,,,3952.943,-33.4441,-0.8461,,
H00300.CSI,20161014,3952.943,,,,3949.1136,3.8294,0.097,,
H00300.CSI,20161013,3949.1136,,,,3945.962,3.1516,0.0799,,
H00300.CSI,20161012,3945.962,,,,3953.7911,-7.8291,-0.198,,
H00300.CSI,20161011,3953.7911,,,,3938.619,15.1721,0.3852,,
H00300.CSI,20161010,3938.619,,,,3890.0908,48.5282,1.2475,,
H00300.CSI,20160930,3890.0908,,,,3879.3379,10.7529,0.2772,,
H00300.CSI,20160929,3879.3379,,,,3863.0068,16.3311,0.4228,,
H00300.CSI,20160928,3863.0068,,,,3874.8009,-11.7941,-0.3044,,
H00300.CSI,20160927,3874.8009,,,,3850.325,24.4759,0.6357,,
H00300.CSI,20160926,3850.325,,,,3914.9998,-64.6748,-1.652,,
H00300.CSI,20160923,3914.9998,,,,3933.4707,-18.4709,-0.4696,,
H00300.CSI,20160922,3933.4707,,,,3904.2071,29.2636,0.7495,,
H00300.CSI,20160921,3904.2071,,,,3892.6795,11.5276,0.2961,,
H00300.CSI,20160920,3892.6795,,,,3899.516,-6.8365,-0.1753,,
H00300.CSI,20160919,3899.516,,,,3870.3642,29.1518,0.7532,,
H00300.CSI,20160914,3870.3642,,,,3896.1804,-25.8162,-0.6626,,
H00300.CSI,20160913,3896.1804,,,,3898.8948,-2.7144,-0.0696,,
H00300.CSI,20160912,3898.8948,,,,3965.1466,-66.2518,-1.6709,,
H00300.CSI,20160909,3965.1466,,,,3990.8635,-25.7169,-0.6444,,
H00300.CSI,20160908,3990.8635,,,,3992.3612,-1.4977,-0.0375,,
H00300.CSI,20160907,3992.3612,,,,3994.5225,-2.1613,-0.0541,,
H00300.CSI,20160906,3994.5225,,,,3967.102,27.4205,0.6912,,
H00300.CSI,20160905,3967.102,,,,3959.4929,7.6091,0.1922,,
H00300.CSI,20160902,3959.4929,,,,3944.5139,14.979,0.3797,,
H00300.CSI,20160901,3944.5139,,,,3975.8364,-31.3225,-0.7878,,
H00300.CSI,20160831,3975.8364,,,,3956.8215,19.0149,0.4806,,
H00300.CSI,20160830,3956.8215,,,,3951.7966,5.0249,0.1272,,
H00300.CSI,20160829,3951.7966,,,,3950.9711,0.8255,0.0209,,
H00300.CSI,20160826,3950.9711,,,,3952.9283,-1.9572,-0.0495,,
H00300.CSI,20160825,3952.9283,,,,3977.8848,-24.9565,-0.6274,,
H00300.CSI,20160824,3977.8848,,,,3991.1172,-13.2324,-0.3315,,
H00300.CSI,20160823,3991.1172,,,,3984.8674,6.2498,0.1568,,
H00300.CSI,20160822,3984.8674,,,,4018.574,-33.7066,-0.8388,,
H00300.CSI,20160819,4018.574,,,,4016.1057,2.4683,0.0615,,
H00300.CSI,20160818,4016.1057,,,,4026.1437,-10.038,-0.2493,,
H00300.CSI,20160817,4026.1437,,,,4032.3475,-6.2038,-0.1539,,
H00300.CSI,20160816,4032.3475,,,,4050.4653,-18.1178,-0.4473,,
H00300.CSI,20160815,4050.4653,,,,3932.0696,118.3957,3.011,,
H00300.CSI,20160812,3932.0696,,,,3858.4494,73.6202,1.908,,
H00300.CSI,20160811,3858.4494,,,,3868.9634,-10.514,-0.2718,,
H00300.CSI,20160810,3868.9634,,,,3885.0594,-16.096,-0.4143,,
H00300.CSI,20160809,3885.0594,,,,3857.8649,27.1945,0.7049,,
H00300.CSI,20160808,3857.8649,,,,3823.1853,34.6796,0.9071,,
H00300.CSI,20160805,3823.1853,,,,3817.2822,5.9031,0.1546,,
H00300.CSI,20160804,3817.2822,,,,3808.0034,9.2788,0.2437,,
H00300.CSI,20160803,3808.0034,,,,3802.6919,5.3115,0.1397,,
H00300.CSI,20160802,3802.6919,,,,3788.0921,14.5998,0.3854,,
H00300.CSI,20160801,3788.0921,,,,3820.4321,-32.34,-0.8465,,
H00300.CSI,20160729,3820.4321,,,,3838.2278,-17.7957,-0.4636,,
H00300.CSI,20160728,3838.2278,,,,3834.7552,3.4726,0.0906,,
H00300.CSI,20160727,3834.7552,,,,3895.3866,-60.6314,-1.5565,,
H00300.CSI,20160726,3895.3866,,,,3848.993,46.3936,1.2053,,
H00300.CSI,20160725,3848.993,,,,3841.0464,7.9466,0.2069,,
H00300.CSI,20160722,3841.0464,,,,3873.0883,-32.0419,-0.8273,,
H00300.CSI,20160721,3873.0883,,,,3855.2338,17.8545,0.4631,,
H00300.CSI,20160720,3855.2338,,,,3867.6266,-12.3928,-0.3204,,
H00300.CSI,20160719,3867.6266,,,,3882.2713,-14.6447,-0.3772,,
H00300.CSI,20160718,3882.2713,,,,3899.0807,-16.8094,-0.4311,,
H00300.CSI,20160715,3899.0807,,,,3897.1882,1.8925,0.0486,,
H00300.CSI,20160714,3897.1882,,,,3904.2691,-7.0809,-0.1814,,
H00300.CSI,20160713,3904.2691,,,,3884.7414,19.5277,0.5027,,
H00300.CSI,20160712,3884.7414,,,,3801.3501,83.3913,2.1937,,
H00300.CSI,20160711,3801.3501,,,,3787.0535,14.2966,0.3775,,
H00300.CSI,20160708,3787.0535,,,,3801.6451,-14.5916,-0.3838,,
H00300.CSI,20160707,3801.6451,,,,3802.3579,-0.7128,-0.0187,,
H00300.CSI,20160706,3802.3579,,,,3789.8894,12.4685,0.329,,
H00300.CSI,20160705,3789.8894,,,,3784.6305,5.2589,0.139,,
H00300.CSI,20160704,3784.6305,,,,3724.7199,59.9106,1.6085,,
H00300.CSI,20160701,3724.7199,,,,3722.8907,1.8292,0.0491,,
H00300.CSI,20160630,3722.8907,,,,3718.2874,4.6033,0.1238,,
H00300.CSI,20160629,3718.2874,,,,3700.4483,17.8391,0.4821,,
H00300.CSI,20160628,3700.4483,,,,3680.5142,19.9341,0.5416,,
H00300.CSI,20160627,3680.5142,,,,3629.043,51.4712,1.4183,,
H00300.CSI,20160624,3629.043,,,,3671.4418,-42.3988,-1.1548,,
H00300.CSI,20160623,3671.4418,,,,3687.9997,-16.5579,-0.449,,
H00300.CSI,20160622,3687.9997,,,,3654.8582,33.1415,0.9068,,
H00300.CSI,20160621,3654.8582,,,,3662.3376,-7.4794,-0.2042,,
H00300.CSI,20160620,3662.3376,,,,3659.2176,3.12,0.0853,,
H00300.CSI,20160617,3659.2176,,,,3638.965,20.2526,0.5565,,
H00300.CSI,20160616,3638.965,,,,3662.0057,-23.0407,-0.6292,,
H00300.CSI,20160615,3662.0057,,,,3614.2851,47.7206,1.3203,,
H00300.CSI,20160614,3614.2851,,,,3602.8308,11.4543,0.3179,,
H00300.CSI,20160613,3602.8308,,,,3717.4351,-114.6043,-3.0829,,
H00300.CSI,20160608,3717.4351,,,,3730.5507,-13.1156,-0.3516,,
H00300.CSI,20160607,3730.5507,,,,3732.1435,-1.5928,-0.0427,,
H00300.CSI,20160606,3732.1435,,,,3740.9048,-8.7613,-0.2342,,
H00300.CSI,20160603,3740.9048,,,,3714.4623,26.4425,0.7119,,
H00300.CSI,20160602,3714.4623,,,,3706.6641,7.7982,0.2104,,
H00300.CSI,20160601,3706.6641,,,,3717.1992,-10.5351,-0.2834,,
H00300.CSI,20160531,3717.1992,,,,3595.6588,121.5404,3.3802,,
H00300.CSI,20160530,3595.6588,,,,3590.5516,5.1072,0.1422,,
H00300.CSI,20160527,3590.5516,,,,3592.5464,-1.9948,-0.0555,,
H00300.CSI,20160526,3592.5464,,,,3586.6983,5.8481,0.163,,
H00300.CSI,20160525,3586.6983,,,,3591.4916,-4.7933,-0.1335,,
H00300.CSI,20160524,3591.4916,,,,3619.1622,-27.6706,-0.7646,,
H00300.CSI,20160523,3619.1622,,,,3607.6454,11.5168,0.3192,,
H00300.CSI,20160520,3607.6454,,,,3589.2082,18.4372,0.5137,,
H00300.CSI,20160519,3589.2082,,,,3595.4304,-6.2222,-0.1731,,
H00300.CSI,20160518,3595.4304,,,,3615.723,-20.2926,-0.5612,,
H00300.CSI,20160517,3615.723,,,,3625.4177,-9.6947,-0.2674,,
H00300.CSI,20160516,3625.4177,,,,3601.4051,24.0126,0.6668,,
H00300.CSI,20160513,3601.4051,,,,3619.2101,-17.805,-0.492,,
H00300.CSI,20160512,3619.2101,,,,3610.599,8.6111,0.2385,,
H00300.CSI,20160511,3610.599,,,,3594.4979,16.1011,0.4479,,
H00300.CSI,20160510,3594.4979,,,,3590.4023,4.0956,0.1141,,
H00300.CSI,20160509,3590.4023,,,,3666.2209,-75.8186,-2.068,,
H00300.CSI,20160506,3666.2209,,,,3761.6443,-95.4234,-2.5367,,
H00300.CSI,20160505,3761.6443,,,,3756.426,5.2183,0.1389,,
H00300.CSI,20160504,3756.426,,,,3761.0725,-4.6465,-0.1235,,
H00300.CSI,20160503,3761.0725,,,,3694.4626,66.6099,1.803,,
H00300.CSI,20160429,3694.4626,,,,3698.2788,-3.8162,-0.1032,,
H00300.CSI,20160428,3698.2788,,,,3703.974,-5.6952,-0.1538,,
H00300.CSI,20160427,3703.974,,,,3719.1064,-15.1324,-0.4069,,
H00300.CSI,20160426,3719.1064,,,,3699.0146,20.0918,0.5432,,
H00300.CSI,20160425,3699.0146,,,,3714.0293,-15.0147,-0.4043,,
H00300.CSI,20160422,3714.0293,,,,3697.0424,16.9869,0.4595,,
H00300.CSI,20160421,3697.0424,,,,3720.9318,-23.8894,-0.642,,
H00300.CSI,20160420,3720.9318,,,,3787.9297,-66.9979,-1.7687,,
H00300.CSI,20160419,3787.9297,,,,3776.3684,11.5613,0.3061,,
H00300.CSI,20160418,3776.3684,,,,3827.5018,-51.1334,-1.3359,,
H00300.CSI,20160415,3827.5018,,,,3831.6404,-4.1386,-0.108,,
H00300.CSI,20160414,3831.6404,,,,3814.7398,16.9006,0.443,,
H00300.CSI,20160413,3814.7398,,,,3764.5219,50.2179,1.334,,
H00300.CSI,20160412,3764.5219,,,,3777.9571,-13.4352,-0.3556,,
H00300.CSI,20160411,3777.9571,,,,3726.0615,51.8956,1.3928,,
H00300.CSI,20160408,3726.0615,,,,3753.6228,-27.5613,-0.7343,,
H00300.CSI,20160407,3753.6228,,,,3810.024,-56.4012,-1.4803,,
H00300.CSI,20160406,3810.024,,,,3818.1624,-8.1384,-0.2131,,
H00300.CSI,20160405,3818.1624,,,,3768.3476,49.8148,1.3219,,
H00300.CSI,20160401,3768.3476,,,,3763.8177,4.5299,0.1204,,
H00300.CSI,20160331,3763.8177,,,,3761.6977,2.12,0.0564,,
H00300.CSI,20160330,3761.6977,,,,3667.1189,94.5788,2.5791,,
H00300.CSI,20160329,3667.1189,,,,3707.2572,-40.1383,-1.0827,,
H00300.CSI,20160328,3707.2572,,,,3740.1091,-32.8519,-0.8784,,
H00300.CSI,20160325,3740.1091,,,,3721.4354,18.6737,0.5018,,
H00300.CSI,20160324,3721.4354,,,,3784.8755,-63.4401,-1.6761,,
H00300.CSI,20160323,3784.8755,,,,3772.8264,12.0491,0.3194,,
H00300.CSI,20160322,3772.8264,,,,3800.4833,-27.6569,-0.7277,,
H00300.CSI,20160321,3800.4833,,,,3709.8709,90.6124,2.4425,,
H00300.CSI,20160318,3709.8709,,,,3654.0127,55.8582,1.5287,,
H00300.CSI,20160317,3654.0127,,,,3614.0468,39.9659,1.1058,,
H00300.CSI,20160316,3614.0468,,,,3596.207,17.8398,0.4961,,
H00300.CSI,20160315,3596.207,,,,3585.5763,10.6307,0.2965,,
H00300.CSI,20160314,3585.5763,,,,3530.1312,55.4451,1.5706,,
H00300.CSI,20160311,3530.1312,,,,3524.121,6.0102,0.1705,,
H00300.CSI,20160310,3524.121,,,,3592.8471,-68.7261,-1.9129,,
H00300.CSI,20160309,3592.8471,,,,3634.6781,-41.831,-1.1509,,
H00300.CSI,20160308,3634.6781,,,,3631.3646,3.3135,0.0912,,
H00300.CSI,20160307,3631.3646,,,,3618.5575,12.8071,0.3539,,
H00300.CSI,20160304,3618.5575,,,,3577.0752,41.4823,1.1597,,
H00300.CSI,20160303,3577.0752,,,,3568.7839,8.2913,0.2323,,
H00300.CSI,20160302,3568.7839,,,,3427.6867,141.0972,4.1164,,
H00300.CSI,20160301,3427.6867,,,,3365.4332,62.2535,1.8498,,
H00300.CSI,20160229,3365.4332,,,,3447.9636,-82.5304,-2.3936,,
H00300.CSI,20160226,3447.9636,,,,3412.8006,35.163,1.0303,,
H00300.CSI,20160225,3412.8006,,,,3635.8914,-223.0908,-6.1358,,
H00300.CSI,20160224,3635.8914,,,,3612.293,23.5984,0.6533,,
H00300.CSI,20160223,3612.293,,,,3646.7914,-34.4984,-0.946,,
H00300.CSI,20160222,3646.7914,,,,3568.1201,78.6713,2.2048,,
H00300.CSI,20160219,3568.1201,,,,3570.5914,-2.4713,-0.0692,,
H00300.CSI,20160218,3570.5914,,,,3581.8414,-11.25,-0.3141,,
H00300.CSI,20160217,3581.8414,,,,3551.1077,30.7337,0.8655,,
H00300.CSI,20160216,3551.1077,,,,3445.4892,105.6185,3.0654,,
H00300.CSI,20160215,3445.4892,,,,3465.4636,-19.9744,-0.5764,,
H00300.CSI,20160205,3465.4636,,,,3489.9836,-24.52,-0.7026,,
H00300.CSI,20160204,3489.9836,,,,3447.7483,42.2353,1.225,,
H00300.CSI,20160203,3447.7483,,,,3462.5923,-14.844,-0.4287,,
H00300.CSI,20160202,3462.5923,,,,3392.1017,70.4906,2.0781,,
H00300.CSI,20160201,3392.1017,,,,3444.7685,-52.6668,-1.5289,,
H00300.CSI,20160129,3444.7685,,,,3336.8053,107.9632,3.2355,,
H00300.CSI,20160128,3336.8053,,,,3426.3662,-89.5609,-2.6139,,
H00300.CSI,20160127,3426.3662,,,,3438.242,-11.8758,-0.3454,,
H00300.CSI,20160126,3438.242,,,,3658.5057,-220.2637,-6.0206,,
H00300.CSI,20160125,3658.5057,,,,3640.4716,18.0341,0.4954,,
H00300.CSI,20160122,3640.4716,,,,3602.918,37.5536,1.0423,,
H00300.CSI,20160121,3602.918,,,,3711.6982,-108.7802,-2.9307,,
H00300.CSI,20160120,3711.6982,,,,3768.6965,-56.9983,-1.5124,,
H00300.CSI,20160119,3768.6965,,,,3660.6605,108.036,2.9513,,
H00300.CSI,20160118,3660.6605,,,,3646.6308,14.0297,0.3847,,
H00300.CSI,20160115,3646.6308,,,,3766.8798,-120.249,-3.1923,,
H00300.CSI,20160114,3766.8798,,,,3689.9814,76.8984,2.084,,
H00300.CSI,20160113,3689.9814,,,,3759.9385,-69.9571,-1.8606,,
H00300.CSI,20160112,3759.9385,,,,3732.742,27.1965,0.7286,,
H00300.CSI,20160111,3732.742,,,,3930.4761,-197.7341,-5.0308,,
H00300.CSI,20160108,3930.4761,,,,3851.9273,78.5488,2.0392,,
H00300.CSI,20160107,3851.9273,,,,4138.8874,-286.9601,-6.9333,,
H00300.CSI,20160106,4138.8874,,,,4067.5304,71.357,1.7543,,
H00300.CSI,20160105,4067.5304,,,,4056.173,11.3574,0.28,,
H00300.CSI,20160104,4056.173,,,,4362.442,-306.269,-7.0206,,
H00300.CSI,20151231,4362.442,,,,4402.3957,-39.9537,-0.9075,,
H00300.CSI,20151230,4402.3957,,,,4398.5363,3.8594,0.0877,,
H00300.CSI,20151229,4398.5363,,,,4358.4981,40.0382,0.9186,,
H00300.CSI,20151228,4358.4981,,,,4487.7621,-129.264,-2.8804,,
H00300.CSI,20151225,4487.7621,,,,4477.4744,10.2877,0.2298,,
H00300.CSI,20151224,4477.4744,,,,4520.7117,-43.2373,-0.9564,,
H00300.CSI,20151223,4520.7117,,,,4532.8145,-12.1028,-0.267,,
H00300.CSI,20151222,4532.8145,,,,4520.2244,12.5901,0.2785,,
H00300.CSI,20151221,4520.2244,,,,4405.5786,114.6458,2.6023,,
H00300.CSI,20151218,4405.5786,,,,4391.519,14.0596,0.3202,,
H00300.CSI,20151217,4391.519,,,,4309.1483,82.3707,1.9115,,
H00300.CSI,20151216,4309.1483,,,,4319.0889,-9.9406,-0.2302,,
H00300.CSI,20151215,4319.0889,,,,4338.8857,-19.7968,-0.4563,,
H00300.CSI,20151214,4338.8857,,,,4218.1612,120.7245,2.862,,
H00300.CSI,20151211,4218.1612,,,,4235.7274,-17.5662,-0.4147,,
H00300.CSI,20151210,4235.7274,,,,4250.7549,-15.0275,-0.3535,,
H00300.CSI,20151209,4250.7549,,,,4235.6526,15.1023,0.3566,,
H00300.CSI,20151208,4235.6526,,,,4311.161,-75.5084,-1.7515,,
H00300.CSI,20151207,4311.161,,,,4299.4524,11.7086,0.2723,,
H00300.CSI,20151204,4299.4524,,,,4383.2838,-83.8314,-1.9125,,
H00300.CSI,20151203,4383.2838,,,,4351.316,31.9678,0.7347,,
H00300.CSI,20151202,4351.316,,,,4199.0316,152.2844,3.6267,,
H00300.CSI,20151201,4199.0316,,,,4169.4725,29.5591,0.7089,,
H00300.CSI,20151130,4169.4725,,,,4158.4599,11.0126,0.2648,,
H00300.CSI,20151127,4158.4599,,,,4395.1268,-236.6669,-5.3848,,
H00300.CSI,20151126,4395.1268,,,,4421.0553,-25.9285,-0.5865,,
H00300.CSI,20151125,4421.0553,,,,4388.6502,32.4051,0.7384,,
H00300.CSI,20151124,4388.6502,,,,4388.0029,0.6473,0.0148,,
H00300.CSI,20151123,4388.0029,,,,4412.6103,-24.6074,-0.5577,,
H00300.CSI,20151120,4412.6103,,,,4413.2952,-0.6849,-0.0155,,
H00300.CSI,20151119,4413.2952,,,,4343.8632,69.432,1.5984,,
H00300.CSI,20151118,4343.8632,,,,4393.88,-50.0168,-1.1383,,
H00300.CSI,20151117,4393.88,,,,4400.5897,-6.7097,-0.1525,,
H00300.CSI,20151116,4400.5897,,,,4379.6818,20.9079,0.4774,,
H00300.CSI,20151113,4379.6818,,,,4437.0629,-57.3811,-1.2932,,
H00300.CSI,20151112,4437.0629,,,,4481.8641,-44.8012,-0.9996,,
H00300.CSI,20151111,4481.8641,,,,4481.3873,0.4768,0.0106,,
H00300.CSI,20151110,4481.3873,,,,4489.7075,-8.3202,-0.1853,,
H00300.CSI,20151109,4489.7075,,,,4434.7829,54.9246,1.2385,,
H00300.CSI,20151106,4434.7829,,,,4332.5998,102.1831,2.3585,,
H00300.CSI,20151105,4332.5998,,,,4242.0751,90.5247,2.134,,
H00300.CSI,20151104,4242.0751,,,,4051.3679,190.7072,4.7072,,
H00300.CSI,20151103,4051.3679,,,,4063.6074,-12.2395,-0.3012,,
H00300.CSI,20151102,4063.6074,,,,4131.5491,-67.9417,-1.6445,,
H00300.CSI,20151030,4131.5491,,,,4130.6462,0.9029,0.0219,,
H00300.CSI,20151029,4130.6462,,,,4120.8417,9.8045,0.2379,,
H00300.CSI,20151028,4120.8417,,,,4200.2904,-79.4487,-1.8915,,
H00300.CSI,20151027,4200.2904,,,,4196.0605,4.2299,0.1008,,
H00300.CSI,20151026,4196.0605,,,,4174.994,21.0665,0.5046,,
H00300.CSI,20151023,4174.994,,,,4120.3905,54.6035,1.3252,,
H00300.CSI,20151022,4120.3905,,,,4060.4417,59.9488,1.4764,,
H00300.CSI,20151021,4060.4417,,,,4182.548,-122.1063,-2.9194,,
H00300.CSI,20151020,4182.548,,,,4131.5606,50.9874,1.2341,,
H00300.CSI,20151019,4131.5606,,,,4131.4241,0.1365,0.0033,,
H00300.CSI,20151016,4131.4241,,,,4076.1871,55.237,1.3551,,
H00300.CSI,20151015,4076.1871,,,,3981.8425,94.3446,2.3694,,
H00300.CSI,20151014,3981.8425,,,,4027.3546,-45.5121,-1.1301,,
H00300.CSI,20151013,4027.3546,,,,4030.4094,-3.0548,-0.0758,,
H00300.CSI,20151012,4030.4094,,,,3904.1258,126.2836,3.2346,,
H00300.CSI,20151009,3904.1258,,,,3853.1239,51.0019,1.3237,,
H00300.CSI,20151008,3853.1239,,,,3743.7952,109.3287,2.9203,,
H00300.CSI,20150930,3743.7952,,,,3715.6338,28.1614,0.7579,,
H00300.CSI,20150929,3715.6338,,,,3790.2452,-74.6114,-1.9685,,
H00300.CSI,20150928,3790.2452,,,,3777.6207,12.6245,0.3342,,
H00300.CSI,20150925,3777.6207,,,,3839.6247,-62.004,-1.6148,,
H00300.CSI,20150924,3839.6247,,,,3813.8918,25.7329,0.6747,,
H00300.CSI,20150923,3813.8918,,,,3901.8433,-87.9515,-2.2541,,
H00300.CSI,20150922,3901.8433,,,,3865.8713,35.972,0.9305,,
H00300.CSI,20150921,3865.8713,,,,3799.2946,66.5767,1.7523,,
H00300.CSI,20150918,3799.2946,,,,3782.4826,16.812,0.4445,,
H00300.CSI,20150917,3782.4826,,,,3866.9076,-84.425,-2.1833,,
H00300.CSI,20150916,3866.9076,,,,3683.2935,183.6141,4.9851,,
H00300.CSI,20150915,3683.2935,,,,3833.9093,-150.6158,-3.9285,,
H00300.CSI,20150914,3833.9093,,,,3911.094,-77.1847,-1.9735,,
H00300.CSI,20150911,3911.094,,,,3923.2148,-12.1208,-0.309,,
H00300.CSI,20150910,3923.2148,,,,3971.9919,-48.7771,-1.228,,
H00300.CSI,20150909,3971.9919,,,,3894.8327,77.1592,1.9811,,
H00300.CSI,20150908,3894.8327,,,,3797.2426,97.5901,2.57,,
H00300.CSI,20150907,3797.2426,,,,3931.9917,-134.7491,-3.427,,
H00300.CSI,20150902,3931.9917,,,,3927.6119,4.3798,0.1115,,
H00300.CSI,20150901,3927.6119,,,,3932.8142,-5.2023,-0.1323,,
H00300.CSI,20150831,3932.8142,,,,3904.4856,28.3286,0.7255,,
H00300.CSI,20150828,3904.4856,,,,3744.8514,159.6342,4.2628,,
H00300.CSI,20150827,3744.8514,,,,3534.6376,210.2138,5.9473,,
H00300.CSI,20150826,3534.6376,,,,3554.7713,-20.1337,-0.5664,,
H00300.CSI,20150825,3554.7713,,,,3826.4567,-271.6854,-7.1002,,
H00300.CSI,20150824,3826.4567,,,,4193.2712,-366.8145,-8.7477,,
H00300.CSI,20150821,4193.2712,,,,4393.6646,-200.3934,-4.561,,
H00300.CSI,20150820,4393.6646,,,,4538.9839,-145.3193,-3.2016,,
H00300.CSI,20150819,4538.9839,,,,4468.0591,70.9248,1.5874,,
H00300.CSI,20150818,4468.0591,,,,4762.7653,-294.7062,-6.1877,,
H00300.CSI,20150817,4762.7653,,,,4757.7056,5.0597,0.1063,,
H00300.CSI,20150814,4757.7056,,,,4758.958,-1.2524,-0.0263,,
H00300.CSI,20150813,4758.958,,,,4689.6699,69.2881,1.4775,,
H00300.CSI,20150812,4689.6699,,,,4748.545,-58.8751,-1.2399,,
H00300.CSI,20150811,4748.545,,,,4769.2074,-20.6624,-0.4332,,
H00300.CSI,20150810,4769.2074,,,,4561.9682,207.2392,4.5428,,
H00300.CSI,20150807,4561.9682,,,,4473.862,88.1062,1.9694,,
H00300.CSI,20150806,4473.862,,,,4514.7076,-40.8456,-0.9047,,
H00300.CSI,20150805,4514.7076,,,,4609.5756,-94.868,-2.0581,,
H00300.CSI,20150804,4609.5756,,,,4470.7334,138.8422,3.1056,,
H00300.CSI,20150803,4470.7334,,,,4456.0971,14.6363,0.3285,,
