ts_code,trade_date,close,open,high,low,pre_close,change,pct_chg,vol,amount
H00922.CSI,20260821,12077.7314,,,,12086.2119,-8.4805,-0.0702,,
H00922.CSI,20260820,12086.2119,,,,12017.4779,68.734,0.572,,
H00922.CSI,20260819,12017.4779,,,,11977.4449,40.033,0.3342,,
H00922.CSI,20260818,11977.4449,,,,11902.2017,75.2432,0.6322,,
H00922.CSI,20260817,11902.2017,,,,11855.3104,46.8913,0.3955,,
H00922.CSI,20260814,11855.3104,,,,11825.0769,30.2335,0.2557,,
H00922.CSI,20260813,11825.0769,,,,11928.985,-103.9081,-0.8711,,
H00922.CSI,20260812,11928.985,,,,11967.1222,-38.1372,-0.3187,,
H00922.CSI,20260811,11967.1222,,,,12031.8602,-64.738,-0.5381,,
H00922.CSI,20260810,12031.8602,,,,11908.815,123.0452,1.0332,,
H00922.CSI,20260807,11908.815,,,,11923.7656,-14.9506,-0.1254,,
H00922.CSI,20260806,11923.7656,,,,11781.7031,142.0625,1.2058,,
H00922.CSI,20260805,11781.7031,,,,11806.2805,-24.5774,-0.2082,,
H00922.CSI,20260804,11806.2805,,,,12000.5135,-194.233,-1.6185,,
H00922.CSI,20260803,12000.5135,,,,12041.6815,-41.168,-0.3419,,
H00922.CSI,20260731,12041.6815,,,,12059.1219,-17.4404,-0.1446,,
H00922.CSI,20260730,12059.1219,,,,11919.9551,139.1668,1.1675,,
H00922.CSI,20260729,11919.9551,,,,11744.5784,175.3767,1.4933,,
H00922.CSI,20260728,11744.5784,,,,11731.0439,13.5345,0.1154,,
H00922.CSI,20260727,11731.0439,,,,11666.9003,64.1436,0.5498,,
H00922.CSI,20260724,11666.9003,,,,11875.1989,-208.2986,-1.7541,,
H00922.CSI,20260723,11875.1989,,,,11760.6645,114.5344,0.9739,,
H00922.CSI,20260722,11760.6645,,,,11621.1479,139.5166,1.2005,,
H00922.CSI,20260721,11621.1479,,,,11748.6368,-127.4889,-1.0851,,
H00922.CSI,20260720,11748.6368,,,,11385.0089,363.6279,3.1939,,
H00922.CSI,20260717,11385.0089,,,,11455.8511,-70.8422,-0.6184,,
H00922.CSI,20260716,11455.8511,,,,11568.9902,-113.1391,-0.978,,
H00922.CSI,20260715,11568.9902,,,,11409.1004,159.8898,1.4014,,
H00922.CSI,20260714,11409.1004,,,,11173.9688,235.1316,2.1043,,
H00922.CSI,20260713,11173.9688,,,,11129.6171,44.3517,0.3985,,
H00922.CSI,20260710,11129.6171,,,,11138.6073,-8.9902,-0.0807,,
H00922.CSI,20260709,11138.6073,,,,11276.4381,-137.8308,-1.2223,,
H00922.CSI,20260708,11276.4381,,,,11213.4557,62.9824,0.5617,,
H00922.CSI,20260707,11213.4557,,,,11372.1954,-158.7397,-1.3959,,
H00922.CSI,20260706,11372.1954,,,,11141.6278,230.5676,2.0694,,
H00922.CSI,20260703,11141.6278,,,,11024.1477,117.4801,1.0657,,
H00922.CSI,20260702,11024.1477,,,,10920.4084,103.7393,0.95,,
H00922.CSI,20260701,10920.4084,,,,10737.0853,183.3231,1.7074,,
H00922.CSI,20260630,10737.0853,,,,10943.0387,-205.9534,-1.882,,
H00922.CSI,20260629,10943.0387,,,,10863.3873,79.6514,0.7332,,
H00922.CSI,20260626,10863.3873,,,,11074.2707,-210.8834,-1.9043,,
H00922.CSI,20260625,11074.2707,,,,11209.8039,-135.5332,-1.2091,,
H00922.CSI,20260624,11209.8039,,,,11372.2857,-162.4818,-1.4288,,
H00922.CSI,20260623,11372.2857,,,,11437.5051,-65.2194,-0.5702,,
H00922.CSI,20260622,11437.5051,,,,11316.8677,120.6374,1.066,,
H00922.CSI,20260618,11316.8677,,,,11551.092,-234.2243,-2.0277,,
H00922.CSI,20260617,11551.092,,,,11660.0721,-108.9801,-0.9346,,
H00922.CSI,20260616,11660.0721,,,,11863.6648,-203.5927,-1.7161,,
H00922.CSI,20260615,11863.6648,,,,11982.7613,-119.0965,-0.9939,,
H00922.CSI,20260612,11982.7613,,,,11801.9939,180.7674,1.5317,,
H00922.CSI,20260611,11801.9939,,,,11842.744,-40.7501,-0.3441,,
H00922.CSI,20260610,11842.744,,,,11915.0246,-72.2806,-0.6066,,
H00922.CSI,20260609,11915.0246,,,,11922.7509,-7.7263,-0.0648,,
H00922.CSI,20260608,11922.7509,,,,12026.0905,-103.3396,-0.8593,,
H00922.CSI,20260605,12026.0905,,,,12017.23,8.8605,0.0737,,
H00922.CSI,20260604,12017.23,,,,12070.008,-52.778,-0.4373,,
H00922.CSI,20260603,12070.008,,,,12074.4141,-4.4061,-0.0365,,
H00922.CSI,20260602,12074.4141,,,,12111.5369,-37.1228,-0.3065,,
H00922.CSI,20260601,12111.5369,,,,11797.2013,314.3356,2.6645,,
H00922.CSI,20260529,11797.2013,,,,11646.7965,150.4048,1.2914,,
H00922.CSI,20260528,11646.7965,,,,11666.683,-19.8865,-0.1705,,
H00922.CSI,20260527,11666.683,,,,11766.8326,-100.1496,-0.8511,,
H00922.CSI,20260526,11766.8326,,,,11756.2097,10.6229,0.0904,,
H00922.CSI,20260525,11756.2097,,,,11695.247,60.9627,0.5213,,
H00922.CSI,20260522,11695.247,,,,11715.3603,-20.1133,-0.1717,,
H00922.CSI,20260521,11715.3603,,,,11896.0699,-180.7096,-1.5191,,
H00922.CSI,20260520,11896.0699,,,,11933.7117,-37.6418,-0.3154,,
H00922.CSI,20260519,11933.7117,,,,11916.5119,17.1998,0.1443,,
H00922.CSI,20260518,11916.5119,,,,11971.6653,-55.1534,-0.4607,,
H00922.CSI,20260515,11971.6653,,,,12001.034,-29.3687,-0.2447,,
H00922.CSI,20260514,12001.034,,,,12110.0069,-108.9729,-0.8999,,
H00922.CSI,20260513,12110.0069,,,,12158.7574,-48.7505,-0.4009,,
H00922.CSI,20260512,12158.7574,,,,12177.1531,-18.3957,-0.1511,,
H00922.CSI,20260511,12177.1531,,,,12123.9061,53.247,0.4392,,
H00922.CSI,20260508,12123.9061,,,,12164.951,-41.0449,-0.3374,,
H00922.CSI,20260507,12164.951,,,,12363.8851,-198.9341,-1.609,,
H00922.CSI,20260506,12363.8851,,,,12328.6459,35.2392,0.2858,,
H00922.CSI,20260430,12328.6459,,,,12364.0514,-35.4055,-0.2864,,
H00922.CSI,20260429,12364.0514,,,,12243.9979,120.0535,0.9805,,
H00922.CSI,20260428,12243.9979,,,,12107.4512,136.5467,1.1278,,
H00922.CSI,20260427,12107.4512,,,,12133.6381,-26.1869,-0.2158,,
H00922.CSI,20260424,12133.6381,,,,12144.1114,-10.4733,-0.0862,,
H00922.CSI,20260423,12144.1114,,,,12083.3043,60.8071,0.5032,,
H00922.CSI,20260422,12083.3043,,,,12084.2795,-0.9752,-0.0081,,
H00922.CSI,20260421,12084.2795,,,,11978.5663,105.7132,0.8825,,
H00922.CSI,20260420,11978.5663,,,,11963.4625,15.1038,0.1262,,
H00922.CSI,20260417,11963.4625,,,,12043.0666,-79.6041,-0.661,,
H00922.CSI,20260416,12043.0666,,,,12013.8377,29.2289,0.2433,,
H00922.CSI,20260415,12013.8377,,,,11971.0907,42.747,0.3571,,
H00922.CSI,20260414,11971.0907,,,,11945.581,25.5097,0.2135,,
H00922.CSI,20260413,11945.581,,,,11954.9073,-9.3263,-0.078,,
H00922.CSI,20260410,11954.9073,,,,11929.3043,25.603,0.2146,,
H00922.CSI,20260409,11929.3043,,,,12020.2542,-90.9499,-0.7566,,
H00922.CSI,20260408,12020.2542,,,,11924.3534,95.9008,0.8042,,
H00922.CSI,20260407,11924.3534,,,,11864.387,59.9664,0.5054,,
H00922.CSI,20260403,11864.387,,,,12064.3383,-199.9513,-1.6574,,
H00922.CSI,20260402,12064.3383,,,,12036.2253,28.113,0.2336,,
H00922.CSI,20260401,12036.2253,,,,12029.0816,7.1437,0.0594,,
H00922.CSI,20260331,12029.0816,,,,12171.1845,-142.1029,-1.1675,,
H00922.CSI,20260330,12171.1845,,,,12059.7518,111.4327,0.924,,
H00922.CSI,20260327,12059.7518,,,,12030.6368,29.115,0.242,,
H00922.CSI,20260326,12030.6368,,,,12025.2741,5.3627,0.0446,,
H00922.CSI,20260325,12025.2741,,,,11995.89,29.3841,0.245,,
H00922.CSI,20260324,11995.89,,,,11813.902,181.988,1.5405,,
H00922.CSI,20260323,11813.902,,,,12121.582,-307.68,-2.5383,,
H00922.CSI,20260320,12121.582,,,,12177.3206,-55.7386,-0.4577,,
H00922.CSI,20260319,12177.3206,,,,12249.1557,-71.8351,-0.5864,,
H00922.CSI,20260318,12249.1557,,,,12322.8189,-73.6632,-0.5978,,
H00922.CSI,20260317,12322.8189,,,,12414.9692,-92.1503,-0.7423,,
H00922.CSI,20260316,12414.9692,,,,12503.3629,-88.3937,-0.707,,
H00922.CSI,20260313,12503.3629,,,,12549.7087,-46.3458,-0.3693,,
H00922.CSI,20260312,12549.7087,,,,12399.8809,149.8278,1.2083,,
H00922.CSI,20260311,12399.8809,,,,12222.0429,177.838,1.4551,,
H00922.CSI,20260310,12222.0429,,,,12314.4762,-92.4333,-0.7506,,
H00922.CSI,20260309,12314.4762,,,,12306.0732,8.403,0.0683,,
H00922.CSI,20260306,12306.0732,,,,12283.0061,23.0671,0.1878,,
H00922.CSI,20260305,12283.0061,,,,12296.9315,-13.9254,-0.1132,,
H00922.CSI,20260304,12296.9315,,,,12498.393,-201.4615,-1.6119,,
H00922.CSI,20260303,12498.393,,,,12400.0336,98.3594,0.7932,,
H00922.CSI,20260302,12400.0336,,,,12235.1055,164.9281,1.348,,
H00922.CSI,20260227,12235.1055,,,,12113.754,121.3515,1.0018,,
H00922.CSI,20260226,12113.754,,,,12148.7184,-34.9644,-0.2878,,
H00922.CSI,20260225,12148.7184,,,,12083.2937,65.4247,0.5414,,
H00922.CSI,20260224,12083.2937,,,,11902.3098,180.9839,1.5206,,
H00922.CSI,20260213,11902.3098,,,,12077.4765,-175.1667,-1.4504,,
H00922.CSI,20260212,12077.4765,,,,12116.305,-38.8285,-0.3205,,
H00922.CSI,20260211,12116.305,,,,12028.8121,87.4929,0.7274,,
H00922.CSI,20260210,12028.8121,,,,11984.8503,43.9618,0.3668,,
H00922.CSI,20260209,11984.8503,,,,11903.9969,80.8534,0.6792,,
H00922.CSI,20260206,11903.9969,,,,11932.8387,-28.8418,-0.2417,,
H00922.CSI,20260205,11932.8387,,,,11983.0873,-50.2486,-0.4193,,
H00922.CSI,20260204,11983.0873,,,,11670.1466,312.9407,2.6815,,
H00922.CSI,20260203,11670.1466,,,,11582.1934,87.9532,0.7594,,
H00922.CSI,20260202,11582.1934,,,,11955.8348,-373.6414,-3.1252,,
H00922.CSI,20260130,11955.8348,,,,12076.7169,-120.8821,-1.001,,
H00922.CSI,20260129,12076.7169,,,,11929.2215,147.4954,1.2364,,
H00922.CSI,20260128,11929.2215,,,,11745.9092,183.3123,1.5606,,
H00922.CSI,20260127,11745.9092,,,,11846.9378,-101.0286,-0.8528,,
H00922.CSI,20260126,11846.9378,,,,11770.1417,76.7961,0.6525,,
H00922.CSI,20260123,11770.1417,,,,11775.252,-5.1103,-0.0434,,
H00922.CSI,20260122,11775.252,,,,11690.1406,85.1114,0.7281,,
H00922.CSI,20260121,11690.1406,,,,11762.0326,-71.892,-0.6112,,
H00922.CSI,20260120,11762.0326,,,,11609.1365,152.8961,1.317,,
H00922.CSI,20260119,11609.1365,,,,11513.7667,95.3698,0.8283,,
H00922.CSI,20260116,11513.7667,,,,11611.9082,-98.1415,-0.8452,,
H00922.CSI,20260115,11611.9082,,,,11634.1275,-22.2193,-0.191,,
H00922.CSI,20260114,11634.1275,,,,11713.225,-79.0975,-0.6753,,
H00922.CSI,20260113,11713.225,,,,11753.4362,-40.2112,-0.3421,,
H00922.CSI,20260112,11753.4362,,,,11712.4367,40.9995,0.3501,,
H00922.CSI,20260109,11712.4367,,,,11672.4228,40.0139,0.3428,,
H00922.CSI,20260108,11672.4228,,,,11710.7672,-38.3444,-0.3274,,
H00922.CSI,20260107,11710.7672,,,,11705.2259,5.5413,0.0473,,
H00922.CSI,20260106,11705.2259,,,,11567.2086,138.0173,1.1932,,
H00922.CSI,20260105,11567.2086,,,,11522.9608,44.2478,0.384,,
H00922.CSI,20251231,11522.9608,,,,11512.9764,9.9844,0.0867,,
H00922.CSI,20251230,11512.9764,,,,11518.2732,-5.2968,-0.046,,
H00922.CSI,20251229,11518.2732,,,,11543.4143,-25.1411,-0.2178,,
H00922.CSI,20251226,11543.4143,,,,11486.2462,57.1681,0.4977,,
H00922.CSI,20251225,11486.2462,,,,11453.9423,32.3039,0.282,,
H00922.CSI,20251224,11453.9423,,,,11426.5174,27.4249,0.24,,
H00922.CSI,20251223,11426.5174,,,,11424.6163,1.9011,0.0166,,
H00922.CSI,20251222,11424.6163,,,,11477.1978,-52.5815,-0.4581,,
H00922.CSI,20251219,11477.1978,,,,11457.0178,20.18,0.1761,,
H00922.CSI,20251218,11457.0178,,,,11364.8691,92.1487,0.8108,,
H00922.CSI,20251217,11364.8691,,,,11332.0832,32.7859,0.2893,,
H00922.CSI,20251216,11332.0832,,,,11421.4861,-89.4029,-0.7828,,
H00922.CSI,20251215,11421.4861,,,,11354.2729,67.2132,0.592,,
H00922.CSI,20251212,11354.2729,,,,11369.8732,-15.6003,-0.1372,,
H00922.CSI,20251211,11369.8732,,,,11460.9307,-91.0575,-0.7945,,
H00922.CSI,20251210,11460.9307,,,,11451.0264,9.9043,0.0865,,
H00922.CSI,20251209,11451.0264,,,,11556.7863,-105.7599,-0.9151,,
H00922.CSI,20251208,11556.7863,,,,11620.6428,-63.8565,-0.5495,,
H00922.CSI,20251205,11620.6428,,,,11610.1719,10.4709,0.0902,,
H00922.CSI,20251204,11610.1719,,,,11652.5911,-42.4192,-0.364,,
H00922.CSI,20251203,11652.5911,,,,11675.5094,-22.9183,-0.1963,,
H00922.CSI,20251202,11675.5094,,,,11690.0581,-14.5487,-0.1245,,
H00922.CSI,20251201,11690.0581,,,,11593.933,96.1251,0.8291,,
H00922.CSI,20251128,11593.933,,,,11581.719,12.214,0.1055,,
H00922.CSI,20251127,11581.719,,,,11562.4731,19.2459,0.1665,,
H00922.CSI,20251126,11562.4731,,,,11611.4432,-48.9701,-0.4217,,
H00922.CSI,20251125,11611.4432,,,,11553.1939,58.2493,0.5042,,
H00922.CSI,20251124,11553.1939,,,,11610.3657,-57.1718,-0.4924,,
H00922.CSI,20251121,11610.3657,,,,11818.542,-208.1763,-1.7614,,
H00922.CSI,20251120,11818.542,,,,11840.7426,-22.2006,-0.1875,,
H00922.CSI,20251119,11840.7426,,,,11822.1825,18.5601,0.157,,
H00922.CSI,20251118,11822.1825,,,,11988.3383,-166.1558,-1.386,,
H00922.CSI,20251117,11988.3383,,,,12047.3231,-58.9848,-0.4896,,
H00922.CSI,20251114,12047.3231,,,,12119.2356,-71.9125,-0.5934,,
H00922.CSI,20251113,12119.2356,,,,12086.7179,32.5177,0.269,,
H00922.CSI,20251112,12086.7179,,,,12078.7169,8.001,0.0662,,
H00922.CSI,20251111,12078.7169,,,,12103.6809,-24.964,-0.2063,,
H00922.CSI,20251110,12103.6809,,,,12011.5656,92.1153,0.7669,,
H00922.CSI,20251107,12011.5656,,,,11996.8592,14.7064,0.1226,,
H00922.CSI,20251106,11996.8592,,,,11949.8637,46.9955,0.3933,,
H00922.CSI,20251105,11949.8637,,,,11899.8725,49.9912,0.4201,,
H00922.CSI,20251104,11899.8725,,,,11855.9896,43.8829,0.3701,,
H00922.CSI,20251103,11855.9896,,,,11750.0054,105.9842,0.902,,
H00922.CSI,20251031,11750.0054,,,,11756.0258,-6.0204,-0.0512,,
H00922.CSI,20251030,11756.0258,,,,11804.4653,-48.4395,-0.4103,,
H00922.CSI,20251029,11804.4653,,,,11799.2279,5.2374,0.0444,,
H00922.CSI,20251028,11799.2279,,,,11861.5421,-62.3142,-0.5253,,
H00922.CSI,20251027,11861.5421,,,,11806.3816,55.1605,0.4672,,
H00922.CSI,20251024,11806.3816,,,,11867.9118,-61.5302,-0.5185,,
H00922.CSI,20251023,11867.9118,,,,11771.5472,96.3646,0.8186,,
H00922.CSI,20251022,11771.5472,,,,11759.9862,11.561,0.0983,,
H00922.CSI,20251021,11759.9862,,,,11754.9347,5.0515,0.043,,
H00922.CSI,20251020,11754.9347,,,,11667.4085,87.5262,0.7502,,
H00922.CSI,20251017,11667.4085,,,,11757.6421,-90.2336,-0.7674,,
H00922.CSI,20251016,11757.6421,,,,11712.1498,45.4923,0.3884,,
H00922.CSI,20251015,11712.1498,,,,11659.0663,53.0835,0.4553,,
H00922.CSI,20251014,11659.0663,,,,11529.9592,129.1071,1.1198,,
H00922.CSI,20251013,11529.9592,,,,11581.0003,-51.0411,-0.4407,,
H00922.CSI,20251010,11581.0003,,,,11462.9433,118.057,1.0299,,
H00922.CSI,20251009,11462.9433,,,,11376.9082,86.0351,0.7562,,
H00922.CSI,20250930,11376.9082,,,,11403.6778,-26.7696,-0.2347,,
H00922.CSI,20250929,11403.6778,,,,11354.8086,48.8692,0.4304,,
H00922.CSI,20250926,11354.8086,,,,11320.5591,34.2495,0.3025,,
H00922.CSI,20250925,11320.5591,,,,11375.7611,-55.202,-0.4853,,
H00922.CSI,20250924,11375.7611,,,,11346.7527,29.0084,0.2557,,
H00922.CSI,20250923,11346.7527,,,,11305.1091,41.6436,0.3684,,
H00922.CSI,20250922,11305.1091,,,,11377.2788,-72.1697,-0.6343,,
H00922.CSI,20250919,11377.2788,,,,11284.4806,92.7982,0.8224,,
H00922.CSI,20250918,11284.4806,,,,11488.7014,-204.2208,-1.7776,,
H00922.CSI,20250917,11488.7014,,,,11458.4144,30.287,0.2643,,
H00922.CSI,20250916,11458.4144,,,,11457.6398,0.7746,0.0068,,
H00922.CSI,20250915,11457.6398,,,,11494.0357,-36.3959,-0.3167,,
H00922.CSI,20250912,11494.0357,,,,11552.7325,-58.6968,-0.5081,,
H00922.CSI,20250911,11552.7325,,,,11503.0454,49.6871,0.4319,,
H00922.CSI,20250910,11503.0454,,,,11559.6323,-56.5869,-0.4895,,
H00922.CSI,20250909,11559.6323,,,,11533.7904,25.8419,0.2241,,
H00922.CSI,20250908,11533.7904,,,,11445.4066,88.3838,0.7722,,
H00922.CSI,20250905,11445.4066,,,,11410.1756,35.231,0.3088,,
H00922.CSI,20250904,11410.1756,,,,11415.1509,-4.9753,-0.0436,,
H00922.CSI,20250903,11415.1509,,,,11512.1631,-97.0122,-0.8427,,
H00922.CSI,20250902,11512.1631,,,,11475.9708,36.1923,0.3154,,
H00922.CSI,20250901,11475.9708,,,,11503.5708,-27.6,-0.2399,,
H00922.CSI,20250829,11503.5708,,,,11510.4921,-6.9213,-0.0601,,
H00922.CSI,20250828,11510.4921,,,,11486.0783,24.4138,0.2126,,
H00922.CSI,20250827,11486.0783,,,,11697.029,-210.9507,-1.8035,,
H00922.CSI,20250826,11697.029,,,,11710.4075,-13.3785,-0.1142,,
H00922.CSI,20250825,11710.4075,,,,11625.1201,85.2874,0.7336,,
H00922.CSI,20250822,11625.1201,,,,11642.8489,-17.7288,-0.1523,,
H00922.CSI,20250821,11642.8489,,,,11580.7322,62.1167,0.5364,,
H00922.CSI,20250820,11580.7322,,,,11493.9367,86.7955,0.7551,,
H00922.CSI,20250819,11493.9367,,,,11504.9448,-11.0081,-0.0957,,
H00922.CSI,20250818,11504.9448,,,,11527.0692,-22.1244,-0.1919,,
H00922.CSI,20250815,11527.0692,,,,11499.4946,27.5746,0.2398,,
H00922.CSI,20250814,11499.4946,,,,11610.6892,-111.1946,-0.9577,,
H00922.CSI,20250813,11610.6892,,,,11670.8485,-60.1593,-0.5155,,
H00922.CSI,20250812,11670.8485,,,,11605.7845,65.064,0.5606,,
H00922.CSI,20250811,11605.7845,,,,11655.4204,-49.6359,-0.4259,,
H00922.CSI,20250808,11655.4204,,,,11649.3308,6.0896,0.0523,,
H00922.CSI,20250807,11649.3308,,,,11629.6669,19.6639,0.1691,,
H00922.CSI,20250806,11629.6669,,,,11556.3598,73.3071,0.6343,,
H00922.CSI,20250805,11556.3598,,,,11431.9087,124.4511,1.0886,,
H00922.CSI,20250804,11431.9087,,,,11378.49,53.4187,0.4695,,
H00922.CSI,20250801,11378.49,,,,11378.7358,-0.2458,-0.0022,,
H00922.CSI,20250731,11378.7358,,,,11579.487,-200.7512,-1.7337,,
H00922.CSI,20250730,11579.487,,,,11549.0338,30.4532,0.2637,,
H00922.CSI,20250729,11549.0338,,,,11553.3318,-4.298,-0.0372,,
H00922.CSI,20250728,11553.3318,,,,11672.826,-119.4942,-1.0237,,
H00922.CSI,20250725,11672.826,,,,11741.6786,-68.8526,-0.5864,,
H00922.CSI,20250724,11741.6786,,,,11690.2543,51.4243,0.4399,,
H00922.CSI,20250723,11690.2543,,,,11728.7852,-38.5309,-0.3285,,
H00922.CSI,20250722,11728.7852,,,,11538.9264,189.8588,1.6454,,
H00922.CSI,20250721,11538.9264,,,,11395.8797,143.0467,1.2552,,
H00922.CSI,20250718,11395.8797,,,,11342.1925,53.6872,0.4733,,
H00922.CSI,20250717,11342.1925,,,,11344.8807,-2.6882,-0.0237,,
H00922.CSI,20250716,11344.8807,,,,11385.294,-40.4133,-0.355,,
H00922.CSI,20250715,11385.294,,,,11512.0098,-126.7158,-1.1007,,
H00922.CSI,20250714,11512.0098,,,,11444.1059,67.9039,0.5934,,
H00922.CSI,20250711,11444.1059,,,,11508.4167,-64.3108,-0.5588,,
H00922.CSI,20250710,11508.4167,,,,11422.3823,86.0344,0.7532,,
H00922.CSI,20250709,11422.3823,,,,11380.9818,41.4005,0.3638,,
H00922.CSI,20250708,11380.9818,,,,11386.5839,-5.6021,-0.0492,,
H00922.CSI,20250707,11386.5839,,,,11329.1283,57.4556,0.5071,,
H00922.CSI,20250704,11329.1283,,,,11267.0079,62.1204,0.5513,,
H00922.CSI,20250703,11267.0079,,,,11261.0812,5.9267,0.0526,,
H00922.CSI,20250702,11261.0812,,,,11180.8426,80.2386,0.7176,,
H00922.CSI,20250701,11180.8426,,,,11090.508,90.3346,0.8145,,
H00922.CSI,20250630,11090.508,,,,11096.4568,-5.9488,-0.0536,,
H00922.CSI,20250627,11096.4568,,,,11141.265,-44.8082,-0.4022,,
H00922.CSI,20250626,11141.265,,,,11133.0376,8.2274,0.0739,,
H00922.CSI,20250625,11133.0376,,,,11060.8869,72.1507,0.6523,,
H00922.CSI,20250624,11060.8869,,,,11025.5794,35.3075,0.3202,,
H00922.CSI,20250623,11025.5794,,,,10987.2442,38.3352,0.3489,,
H00922.CSI,20250620,10987.2442,,,,10952.0771,35.1671,0.3211,,
H00922.CSI,20250619,10952.0771,,,,11017.703,-65.6259,-0.5956,,
H00922.CSI,20250618,11017.703,,,,11018.0532,-0.3502,-0.0032,,
H00922.CSI,20250617,11018.0532,,,,11019.1269,-1.0737,-0.0097,,
H00922.CSI,20250616,11019.1269,,,,10994.1709,24.956,0.227,,
H00922.CSI,20250613,10994.1709,,,,11061.6409,-67.47,-0.6099,,
H00922.CSI,20250612,11061.6409,,,,11055.1792,6.4617,0.0584,,
H00922.CSI,20250611,11055.1792,,,,11010.9076,44.2716,0.4021,,
H00922.CSI,20250610,11010.9076,,,,11010.5876,0.32,0.0029,,
H00922.CSI,20250609,11010.5876,,,,10981.2887,29.2989,0.2668,,
H00922.CSI,20250606,10981.2887,,,,10973.2061,8.0826,0.0737,,
H00922.CSI,20250605,10973.2061,,,,11036.3896,-63.1835,-0.5725,,
H00922.CSI,20250604,11036.3896,,,,10996.0829,40.3067,0.3666,,
H00922.CSI,20250603,10996.0829,,,,10956.0598,40.0231,0.3653,,
H00922.CSI,20250530,10956.0598,,,,10939.3601,16.6997,0.1527,,
H00922.CSI,20250529,10939.3601,,,,10917.3168,22.0433,0.2019,,
H00922.CSI,20250528,10917.3168,,,,10879.5867,37.7301,0.3468,,
H00922.CSI,20250527,10879.5867,,,,10907.9381,-28.3514,-0.2599,,
H00922.CSI,20250526,10907.9381,,,,10980.657,-72.7189,-0.6622,,
H00922.CSI,20250523,10980.657,,,,11085.2563,-104.5993,-0.9436,,
H00922.CSI,20250522,11085.2563,,,,11102.3755,-17.1192,-0.1542,,
H00922.CSI,20250521,11102.3755,,,,11014.5321,87.8434,0.7975,,
H00922.CSI,20250520,11014.5321,,,,10980.0417,34.4904,0.3141,,
H00922.CSI,20250519,10980.0417,,,,10944.6186,35.4231,0.3237,,
H00922.CSI,20250516,10944.6186,,,,11005.7606,-61.142,-0.5555,,
H00922.CSI,20250515,11005.7606,,,,11043.9927,-38.2321,-0.3462,,
H00922.CSI,20250514,11043.9927,,,,10982.0113,61.9814,0.5644,,
H00922.CSI,20250513,10982.0113,,,,10905.7697,76.2416,0.6991,,
H00922.CSI,20250512,10905.7697,,,,10868.1581,37.6116,0.3461,,
H00922.CSI,20250509,10868.1581,,,,10807.3916,60.7665,0.5623,,
H00922.CSI,20250508,10807.3916,,,,10790.4262,16.9654,0.1572,,
H00922.CSI,20250507,10790.4262,,,,10717.8927,72.5335,0.6768,,
H00922.CSI,20250506,10717.8927,,,,10690.89,27.0027,0.2526,,
H00922.CSI,20250430,10690.89,,,,10757.0261,-66.1361,-0.6148,,
H00922.CSI,20250429,10757.0261,,,,10780.0376,-23.0115,-0.2135,,
H00922.CSI,20250428,10780.0376,,,,10781.8385,-1.8009,-0.0167,,
H00922.CSI,20250425,10781.8385,,,,10796.0068,-14.1683,-0.1312,,
H00922.CSI,20250424,10796.0068,,,,10738.3162,57.6906,0.5372,,
H00922.CSI,20250423,10738.3162,,,,10786.3665,-48.0503,-0.4455,,
H00922.CSI,20250422,10786.3665,,,,10744.6915,41.675,0.3879,,
H00922.CSI,20250421,10744.6915,,,,10759.2999,-14.6084,-0.1358,,
H00922.CSI,20250418,10759.2999,,,,10751.9088,7.3911,0.0687,,
H00922.CSI,20250417,10751.9088,,,,10774.1796,-22.2708,-0.2067,,
H00922.CSI,20250416,10774.1796,,,,10725.4215,48.7581,0.4546,,
H00922.CSI,20250415,10725.4215,,,,10674.2196,51.2019,0.4797,,
H00922.CSI,20250414,10674.2196,,,,10579.4667,94.7529,0.8956,,
H00922.CSI,20250411,10579.4667,,,,10627.3182,-47.8515,-0.4503,,
H00922.CSI,20250410,10627.3182,,,,10527.7735,99.5447,0.9455,,
H00922.CSI,20250409,10527.7735,,,,10496.5041,31.2694,0.2979,,
H00922.CSI,20250408,10496.5041,,,,10234.976,261.5281,2.5552,,
H00922.CSI,20250407,10234.976,,,,10966.6315,-731.6555,-6.6717,,
H00922.CSI,20250403,10966.6315,,,,10951.8203,14.8112,0.1352,,
H00922.CSI,20250402,10951.8203,,,,10912.1981,39.6222,0.3631,,
H00922.CSI,20250401,10912.1981,,,,10807.2366,104.9615,0.9712,,
H00922.CSI,20250331,10807.2366,,,,10864.1534,-56.9168,-0.5239,,
H00922.CSI,20250328,10864.1534,,,,10943.6118,-79.4584,-0.7261,,
H00922.CSI,20250327,10943.6118,,,,10953.8949,-10.2831,-0.0939,,
H00922.CSI,20250326,10953.8949,,,,10969.1761,-15.2812,-0.1393,,
H00922.CSI,20250325,10969.1761,,,,10900.0892,69.0869,0.6338,,
H00922.CSI,20250324,10900.0892,,,,10839.4101,60.6791,0.5598,,
H00922.CSI,20250321,10839.4101,,,,10885.7523,-46.3422,-0.4257,,
H00922.CSI,20250320,10885.7523,,,,10915.8173,-30.065,-0.2754,,
H00922.CSI,20250319,10915.8173,,,,10899.3768,16.4405,0.1508,,
H00922.CSI,20250318,10899.3768,,,,10918.1138,-18.737,-0.1716,,
H00922.CSI,20250317,10918.1138,,,,10877.9552,40.1586,0.3692,,
H00922.CSI,20250314,10877.9552,,,,10795.8281,82.1271,0.7607,,
H00922.CSI,20250313,10795.8281,,,,10720.8591,74.969,0.6993,,
H00922.CSI,20250312,10720.8591,,,,10764.1551,-43.296,-0.4022,,
H00922.CSI,20250311,10764.1551,,,,10696.0174,68.1377,0.637,,
H00922.CSI,20250310,10696.0174,,,,10664.7494,31.268,0.2932,,
H00922.CSI,20250307,10664.7494,,,,10650.3306,14.4188,0.1354,,
H00922.CSI,20250306,10650.3306,,,,10652.8514,-2.5208,-0.0237,,
H00922.CSI,20250305,10652.8514,,,,10602.5969,50.2545,0.474,,
H00922.CSI,20250304,10602.5969,,,,10601.5675,1.0294,0.0097,,
H00922.CSI,20250303,10601.5675,,,,10613.0509,-11.4834,-0.1082,,
H00922.CSI,20250228,10613.0509,,,,10691.0139,-77.963,-0.7292,,
H00922.CSI,20250227,10691.0139,,,,10574.1163,116.8976,1.1055,,
H00922.CSI,20250226,10574.1163,,,,10443.1619,130.9544,1.254,,
H00922.CSI,20250225,10443.1619,,,,10512.7546,-69.5927,-0.662,,
H00922.CSI,20250224,10512.7546,,,,10503.8579,8.8967,0.0847,,
H00922.CSI,20250221,10503.8579,,,,10571.854,-67.9961,-0.6432,,
H00922.CSI,20250220,10571.854,,,,10597.162,-25.308,-0.2388,,
H00922.CSI,20250219,10597.162,,,,10627.0075,-29.8455,-0.2808,,
H00922.CSI,20250218,10627.0075,,,,10662.849,-35.8415,-0.3361,,
H00922.CSI,20250217,10662.849,,,,10707.8932,-45.0442,-0.4207,,
H00922.CSI,20250214,10707.8932,,,,10687.0903,20.8029,0.1947,,
H00922.CSI,20250213,10687.0903,,,,10683.1615,3.9288,0.0368,,
H00922.CSI,20250212,10683.1615,,,,10680.7514,2.4101,0.0226,,
H00922.CSI,20250211,10680.7514,,,,10640.4206,40.3308,0.379,,
H00922.CSI,20250210,10640.4206,,,,10652.5657,-12.1451,-0.114,,
H00922.CSI,20250207,10652.5657,,,,10581.3799,71.1858,0.6727,,
H00922.CSI,20250206,10581.3799,,,,10572.7181,8.6618,0.0819,,
H00922.CSI,20250205,10572.7181,,,,10785.2651,-212.547,-1.9707,,
H00922.CSI,20250127,10785.2651,,,,10650.4671,134.798,1.2657,,
H00922.CSI,20250124,10650.4671,,,,10574.1725,76.2946,0.7215,,
H00922.CSI,20250123,10574.1725,,,,10461.0144,113.1581,1.0817,,
H00922.CSI,20250122,10461.0144,,,,10559.0231,-98.0087,-0.9282,,
H00922.CSI,20250121,10559.0231,,,,10624.8315,-65.8084,-0.6194,,
H00922.CSI,20250120,10624.8315,,,,10640.5667,-15.7352,-0.1479,,
H00922.CSI,20250117,10640.5667,,,,10670.297,-29.7303,-0.2786,,
H00922.CSI,20250116,10670.297,,,,10584.5403,85.7567,0.8102,,
H00922.CSI,20250115,10584.5403,,,,10581.0224,3.5179,0.0332,,
H00922.CSI,20250114,10581.0224,,,,10390.0045,191.0179,1.8385,,
H00922.CSI,20250113,10390.0045,,,,10471.1597,-81.1552,-0.775,,
H00922.CSI,20250110,10471.1597,,,,10624.9244,-153.7647,-1.4472,,
H00922.CSI,20250109,10624.9244,,,,10784.3381,-159.4137,-1.4782,,
H00922.CSI,20250108,10784.3381,,,,10803.4825,-19.1444,-0.1772,,
H00922.CSI,20250107,10803.4825,,,,10832.0688,-28.5863,-0.2639,,
H00922.CSI,20250106,10832.0688,,,,10792.5728,39.496,0.366,,
H00922.CSI,20250103,10792.5728,,,,10883.6693,-91.0965,-0.837,,
H00922.CSI,20250102,10883.6693,,,,11105.1173,-221.448,-1.9941,,
H00922.CSI,20241231,11105.1173,,,,11166.3927,-61.2754,-0.5487,,
H00922.CSI,20241230,11166.3927,,,,11033.6098,132.7829,1.2034,,
H00922.CSI,20241227,11033.6098,,,,11010.2276,23.3822,0.2124,,
H00922.CSI,20241226,11010.2276,,,,11061.2695,-51.0419,-0.4614,,
H00922.CSI,20241225,11061.2695,,,,11018.4404,42.8291,0.3887,,
H00922.CSI,20241224,11018.4404,,,,10893.491,124.9494,1.147,,
H00922.CSI,20241223,10893.491,,,,10888.0897,5.4013,0.0496,,
H00922.CSI,20241220,10888.0897,,,,10979.5205,-91.4308,-0.8327,,
H00922.CSI,20241219,10979.5205,,,,11086.1853,-106.6648,-0.9621,,
H00922.CSI,20241218,11086.1853,,,,11017.8549,68.3304,0.6202,,
H00922.CSI,20241217,11017.8549,,,,11057.7607,-39.9058,-0.3609,,
H00922.CSI,20241216,11057.7607,,,,10965.977,91.7837,0.837,,
H00922.CSI,20241213,10965.977,,,,11161.1933,-195.2163,-1.7491,,
H00922.CSI,20241212,11161.1933,,,,11117.6669,43.5264,0.3915,,
H00922.CSI,20241211,11117.6669,,,,11056.9144,60.7525,0.5495,,
H00922.CSI,20241210,11056.9144,,,,11054.7144,2.2,0.0199,,
H00922.CSI,20241209,11054.7144,,,,11036.6292,18.0852,0.1639,,
H00922.CSI,20241206,11036.6292,,,,10887.7204,148.9088,1.3677,,
H00922.CSI,20241205,10887.7204,,,,10905.8734,-18.153,-0.1665,,
H00922.CSI,20241204,10905.8734,,,,10887.8581,18.0153,0.1655,,
H00922.CSI,20241203,10887.8581,,,,10777.916,109.9421,1.0201,,
H00922.CSI,20241202,10777.916,,,,10721.5044,56.4116,0.5262,,
H00922.CSI,20241129,10721.5044,,,,10654.2698,67.2346,0.6311,,
H00922.CSI,20241128,10654.2698,,,,10692.7842,-38.5144,-0.3602,,
H00922.CSI,20241127,10692.7842,,,,10577.9096,114.8746,1.086,,
H00922.CSI,20241126,10577.9096,,,,10573.8924,4.0172,0.038,,
H00922.CSI,20241125,10573.8924,,,,10557.4431,16.4493,0.1558,,
H00922.CSI,20241122,10557.4431,,,,10851.7178,-294.2747,-2.7118,,
H00922.CSI,20241121,10851.7178,,,,10860.8879,-9.1701,-0.0844,,
H00922.CSI,20241120,10860.8879,,,,10828.5762,32.3117,0.2984,,
H00922.CSI,20241119,10828.5762,,,,10819.6143,8.9619,0.0828,,
H00922.CSI,20241118,10819.6143,,,,10644.0134,175.6009,1.6498,,
H00922.CSI,20241115,10644.0134,,,,10676.1496,-32.1362,-0.301,,
H00922.CSI,20241114,10676.1496,,,,10815.7781,-139.6285,-1.291,,
H00922.CSI,20241113,10815.7781,,,,10769.5546,46.2235,0.4292,,
H00922.CSI,20241112,10769.5546,,,,10826.1864,-56.6318,-0.5231,,
H00922.CSI,20241111,10826.1864,,,,10903.0725,-76.8861,-0.7052,,
H00922.CSI,20241108,10903.0725,,,,11053.1797,-150.1072,-1.358,,
H00922.CSI,20241107,11053.1797,,,,10836.6599,216.5198,1.998,,
H00922.CSI,20241106,10836.6599,,,,10876.5016,-39.8417,-0.3663,,
H00922.CSI,20241105,10876.5016,,,,10738.7494,137.7522,1.2828,,
H00922.CSI,20241104,10738.7494,,,,10647.1211,91.6283,0.8606,,
H00922.CSI,20241101,10647.1211,,,,10561.2198,85.9013,0.8134,,
H00922.CSI,20241031,10561.2198,,,,10601.2927,-40.0729,-0.378,,
H00922.CSI,20241030,10601.2927,,,,10693.5252,-92.2325,-0.8625,,
H00922.CSI,20241029,10693.5252,,,,10859.3538,-165.8286,-1.5271,,
H00922.CSI,20241028,10859.3538,,,,10752.5053,106.8485,0.9937,,
H00922.CSI,20241025,10752.5053,,,,10741.6552,10.8501,0.101,,
H00922.CSI,20241024,10741.6552,,,,10793.8526,-52.1974,-0.4836,,
H00922.CSI,20241023,10793.8526,,,,10774.4796,19.373,0.1798,,
H00922.CSI,20241022,10774.4796,,,,10705.1578,69.3218,0.6476,,
H00922.CSI,20241021,10705.1578,,,,10774.7825,-69.6247,-0.6462,,
H00922.CSI,20241018,10774.7825,,,,10681.4515,93.331,0.8738,,
H00922.CSI,20241017,10681.4515,,,,10862.7955,-181.344,-1.6694,,
H00922.CSI,20241016,10862.7955,,,,10715.164,147.6315,1.3778,,
H00922.CSI,20241015,10715.164,,,,10957.8382,-242.6742,-2.2146,,
H00922.CSI,20241014,10957.8382,,,,10677.3664,280.4718,2.6268,,
H00922.CSI,20241011,10677.3664,,,,10868.0393,-190.6729,-1.7544,,
H00922.CSI,20241010,10868.0393,,,,10540.9025,327.1368,3.1035,,
H00922.CSI,20241009,10540.9025,,,,11413.3351,-872.4326,-7.644,,
H00922.CSI,20241008,11413.3351,,,,11305.5441,107.791,0.9534,,
H00922.CSI,20240930,11305.5441,,,,10624.3478,681.1963,6.4117,,
H00922.CSI,20240927,10624.3478,,,,10471.9551,152.3927,1.4552,,
H00922.CSI,20240926,10471.9551,,,,10104.8027,367.1524,3.6334,,
H00922.CSI,20240925,10104.8027,,,,9966.3896,138.4131,1.3888,,
H00922.CSI,20240924,9966.3896,,,,9535.8823,430.5073,4.5146,,
H00922.CSI,20240923,9535.8823,,,,9435.5389,100.3434,1.0635,,
H00922.CSI,20240920,9435.5389,,,,9444.5382,-8.9993,-0.0953,,
H00922.CSI,20240919,9444.5382,,,,9412.2884,32.2498,0.3426,,
H00922.CSI,20240918,9412.2884,,,,9305.4873,106.8011,1.1477,,
H00922.CSI,20240913,9305.4873,,,,9342.698,-37.2107,-0.3983,,
H00922.CSI,20240912,9342.698,,,,9315.2069,27.4911,0.2951,,
H00922.CSI,20240911,9315.2069,,,,9497.0039,-181.797,-1.9143,,
H00922.CSI,20240910,9497.0039,,,,9489.0724,7.9315,0.0836,,
H00922.CSI,20240909,9489.0724,,,,9652.0518,-162.9794,-1.6885,,
H00922.CSI,20240906,9652.0518,,,,9746.08,-94.0282,-0.9648,,
H00922.CSI,20240905,9746.08,,,,9739.7092,6.3708,0.0654,,
H00922.CSI,20240904,9739.7092,,,,9752.3836,-12.6744,-0.13,,
H00922.CSI,20240903,9752.3836,,,,9822.6637,-70.2801,-0.7155,,
H00922.CSI,20240902,9822.6637,,,,9786.6471,36.0166,0.368,,
H00922.CSI,20240830,9786.6471,,,,9752.6378,34.0093,0.3487,,
H00922.CSI,20240829,9752.6378,,,,9896.1035,-143.4657,-1.4497,,
H00922.CSI,20240828,9896.1035,,,,9938.4745,-42.371,-0.4263,,
H00922.CSI,20240827,9938.4745,,,,9940.3624,-1.8879,-0.019,,
H00922.CSI,20240826,9940.3624,,,,9951.5719,-11.2095,-0.1126,,
H00922.CSI,20240823,9951.5719,,,,9941.2209,10.351,0.1041,,
H00922.CSI,20240822,9941.2209,,,,9956.9495,-15.7286,-0.158,,
H00922.CSI,20240821,9956.9495,,,,10035.8427,-78.8932,-0.7861,,
H00922.CSI,20240820,10035.8427,,,,10152.5928,-116.7501,-1.15,,
H00922.CSI,20240819,10152.5928,,,,10067.6997,84.8931,0.8432,,
H00922.CSI,20240816,10067.6997,,,,10067.0692,0.6305,0.0063,,
H00922.CSI,20240815,10067.0692,,,,9977.7012,89.368,0.8957,,
H00922.CSI,20240814,9977.7012,,,,10018.9102,-41.209,-0.4113,,
H00922.CSI,20240813,10018.9102,,,,10003.6802,15.23,0.1522,,
H00922.CSI,20240812,10003.6802,,,,9948.1614,55.5188,0.5581,,
H00922.CSI,20240809,9948.1614,,,,9990.023,-41.8616,-0.419,,
H00922.CSI,20240808,9990.023,,,,9943.445,46.578,0.4684,,
H00922.CSI,20240807,9943.445,,,,9916.6722,26.7728,0.27,,
H00922.CSI,20240806,9916.6722,,,,9947.9007,-31.2285,-0.3139,,
H00922.CSI,20240805,9947.9007,,,,10063.8781,-115.9774,-1.1524,,
H00922.CSI,20240802,10063.8781,,,,10089.6572,-25.7791,-0.2555,,
H00922.CSI,20240801,10089.6572,,,,10107.4797,-17.8225,-0.1763,,
H00922.CSI,20240731,10107.4797,,,,9950.1065,157.3732,1.5816,,
H00922.CSI,20240730,9950.1065,,,,10010.1098,-60.0033,-0.5994,,
H00922.CSI,20240729,10010.1098,,,,10000.6248,9.485,0.0948,,
H00922.CSI,20240726,10000.6248,,,,9993.8554,6.7694,0.0677,,
H00922.CSI,20240725,9993.8554,,,,10017.894,-24.0386,-0.24,,
H00922.CSI,20240724,10017.894,,,,10033.724,-15.83,-0.1578,,
H00922.CSI,20240723,10033.724,,,,10159.7991,-126.0751,-1.2409,,
H00922.CSI,20240722,10159.7991,,,,10254.5228,-94.7237,-0.9237,,
H00922.CSI,20240719,10254.5228,,,,10320.7641,-66.2413,-0.6418,,
H00922.CSI,20240718,10320.7641,,,,10295.1769,25.5872,0.2485,,
H00922.CSI,20240717,10295.1769,,,,10352.7803,-57.6034,-0.5564,,
H00922.CSI,20240716,10352.7803,,,,10402.1942,-49.4139,-0.475,,
H00922.CSI,20240715,10402.1942,,,,10312.1044,90.0898,0.8736,,
H00922.CSI,20240712,10312.1044,,,,10321.3624,-9.258,-0.0897,,
H00922.CSI,20240711,10321.3624,,,,10288.9757,32.3867,0.3148,,
H00922.CSI,20240710,10288.9757,,,,10478.0651,-189.0894,-1.8046,,
H00922.CSI,20240709,10478.0651,,,,10361.6769,116.3882,1.1233,,
H00922.CSI,20240708,10361.6769,,,,10417.5344,-55.8575,-0.5362,,
H00922.CSI,20240705,10417.5344,,,,10446.7172,-29.1828,-0.2793,,
H00922.CSI,20240704,10446.7172,,,,10511.8341,-65.1169,-0.6195,,
H00922.CSI,20240703,10511.8341,,,,10595.0174,-83.1833,-0.7851,,
H00922.CSI,20240702,10595.0174,,,,10608.5537,-13.5363,-0.1276,,
H00922.CSI,20240701,10608.5537,,,,10382.4177,226.136,2.1781,,
H00922.CSI,20240628,10382.4177,,,,10323.2418,59.1759,0.5732,,
H00922.CSI,20240627,10323.2418,,,,10375.8266,-52.5848,-0.5068,,
H00922.CSI,20240626,10375.8266,,,,10334.1414,41.6852,0.4034,,
H00922.CSI,20240625,10334.1414,,,,10301.0793,33.0621,0.321,,
H00922.CSI,20240624,10301.0793,,,,10425.8684,-124.7891,-1.1969,,
H00922.CSI,20240621,10425.8684,,,,10421.2519,4.6165,0.0443,,
H00922.CSI,20240620,10421.2519,,,,10443.6642,-22.4123,-0.2146,,
H00922.CSI,20240619,10443.6642,,,,10474.259,-30.5948,-0.2921,,
H00922.CSI,20240618,10474.259,,,,10435.9783,38.2807,0.3668,,
H00922.CSI,20240617,10435.9783,,,,10570.8797,-134.9014,-1.2762,,
H00922.CSI,20240614,10570.8797,,,,10565.2323,5.6474,0.0535,,
H00922.CSI,20240613,10565.2323,,,,10680.1487,-114.9164,-1.076,,
H00922.CSI,20240612,10680.1487,,,,10557.1763,122.9724,1.1648,,
H00922.CSI,20240611,10557.1763,,,,10735.6255,-178.4492,-1.6622,,
H00922.CSI,20240607,10735.6255,,,,10651.8968,83.7287,0.786,,
H00922.CSI,20240606,10651.8968,,,,10619.0296,32.8672,0.3095,,
H00922.CSI,20240605,10619.0296,,,,10756.0302,-137.0006,-1.2737,,
H00922.CSI,20240604,10756.0302,,,,10701.4596,54.5706,0.5099,,
H00922.CSI,20240603,10701.4596,,,,10767.3473,-65.8877,-0.6119,,
H00922.CSI,20240531,10767.3473,,,,10758.3838,8.9635,0.0833,,
H00922.CSI,20240530,10758.3838,,,,10846.3639,-87.9801,-0.8111,,
H00922.CSI,20240529,10846.3639,,,,10822.2575,24.1064,0.2227,,
H00922.CSI,20240528,10822.2575,,,,10873.9344,-51.6769,-0.4752,,
H00922.CSI,20240527,10873.9344,,,,10719.1948,154.7396,1.4436,,
H00922.CSI,20240524,10719.1948,,,,10744.6784,-25.4836,-0.2372,,
H00922.CSI,20240523,10744.6784,,,,10882.7746,-138.0962,-1.2689,,
H00922.CSI,20240522,10882.7746,,,,10887.3174,-4.5428,-0.0417,,
H00922.CSI,20240521,10887.3174,,,,10849.7776,37.5398,0.346,,
H00922.CSI,20240520,10849.7776,,,,10749.0048,100.7728,0.9375,,
H00922.CSI,20240517,10749.0048,,,,10639.2081,109.7967,1.032,,
H00922.CSI,20240516,10639.2081,,,,10613.672,25.5361,0.2406,,
H00922.CSI,20240515,10613.672,,,,10620.8187,-7.1467,-0.0673,,
H00922.CSI,20240514,10620.8187,,,,10651.3923,-30.5736,-0.287,,
H00922.CSI,20240513,10651.3923,,,,10621.453,29.9393,0.2819,,
H00922.CSI,20240510,10621.453,,,,10564.3163,57.1367,0.5408,,
H00922.CSI,20240509,10564.3163,,,,10489.6907,74.6256,0.7114,,
H00922.CSI,20240508,10489.6907,,,,10477.1475,12.5432,0.1197,,
H00922.CSI,20240507,10477.1475,,,,10473.0377,4.1098,0.0392,,
H00922.CSI,20240506,10473.0377,,,,10369.9765,103.0612,0.9938,,
H00922.CSI,20240430,10369.9765,,,,10350.8131,19.1634,0.1851,,
H00922.CSI,20240429,10350.8131,,,,10360.1166,-9.3035,-0.0898,,
H00922.CSI,20240426,10360.1166,,,,10425.35,-65.2334,-0.6257,,
H00922.CSI,20240425,10425.35,,,,10373.4496,51.9004,0.5003,,
H00922.CSI,20240424,10373.4496,,,,10358.5861,14.8635,0.1435,,
H00922.CSI,20240423,10358.5861,,,,10533.8292,-175.2431,-1.6636,,
H00922.CSI,20240422,10533.8292,,,,10752.0065,-218.1773,-2.0292,,
H00922.CSI,20240419,10752.0065,,,,10720.2731,31.7334,0.296,,
H00922.CSI,20240418,10720.2731,,,,10674.4069,45.8662,0.4297,,
H00922.CSI,20240417,10674.4069,,,,10481.7558,192.6511,1.838,,
H00922.CSI,20240416,10481.7558,,,,10516.6285,-34.8727,-0.3316,,
H00922.CSI,20240415,10516.6285,,,,10325.6782,190.9503,1.8493,,
H00922.CSI,20240412,10325.6782,,,,10360.6739,-34.9957,-0.3378,,
H00922.CSI,20240411,10360.6739,,,,10270.2429,90.431,0.8805,,
H00922.CSI,20240410,10270.2429,,,,10246.4066,23.8363,0.2326,,
H00922.CSI,20240409,10246.4066,,,,10283.8787,-37.4721,-0.3644,,
H00922.CSI,20240408,10283.8787,,,,10300.5085,-16.6298,-0.1614,,
H00922.CSI,20240403,10300.5085,,,,10199.6026,100.9059,0.9893,,
H00922.CSI,20240402,10199.6026,,,,10161.8241,37.7785,0.3718,,
H00922.CSI,20240401,10161.8241,,,,10131.5001,30.324,0.2993,,
H00922.CSI,20240329,10131.5001,,,,10027.8061,103.694,1.0341,,
H00922.CSI,20240328,10027.8061,,,,10037.3032,-9.4971,-0.0946,,
H00922.CSI,20240327,10037.3032,,,,10071.3135,-34.0103,-0.3377,,
H00922.CSI,20240326,10071.3135,,,,10078.0991,-6.7856,-0.0673,,
H00922.CSI,20240325,10078.0991,,,,10069.3825,8.7166,0.0866,,
H00922.CSI,20240322,10069.3825,,,,10103.4458,-34.0633,-0.3371,,
H00922.CSI,20240321,10103.4458,,,,10090.9926,12.4532,0.1234,,
H00922.CSI,20240320,10090.9926,,,,10051.6605,39.3321,0.3913,,
H00922.CSI,20240319,10051.6605,,,,10088.3199,-36.6594,-0.3634,,
H00922.CSI,20240318,10088.3199,,,,10112.4359,-24.116,-0.2385,,
H00922.CSI,20240315,10112.4359,,,,10112.8725,-0.4366,-0.0043,,
H00922.CSI,20240314,10112.8725,,,,10085.947,26.9255,0.267,,
H00922.CSI,20240313,10085.947,,,,10128.5854,-42.6384,-0.421,,
H00922.CSI,20240312,10128.5854,,,,10323.1228,-194.5374,-1.8845,,
H00922.CSI,20240311,10323.1228,,,,10401.64,-78.5172,-0.7549,,
H00922.CSI,20240308,10401.64,,,,10344.4198,57.2202,0.5532,,
H00922.CSI,20240307,10344.4198,,,,10295.117,49.3028,0.4789,,
H00922.CSI,20240306,10295.117,,,,10297.9961,-2.8791,-0.028,,
H00922.CSI,20240305,10297.9961,,,,10242.6501,55.346,0.5403,,
H00922.CSI,20240304,10242.6501,,,,10194.6107,48.0394,0.4712,,
H00922.CSI,20240301,10194.6107,,,,10194.1887,0.422,0.0041,,
H00922.CSI,20240229,10194.1887,,,,10078.0882,116.1005,1.152,,
H00922.CSI,20240228,10078.0882,,,,10173.235,-95.1468,-0.9353,,
H00922.CSI,20240227,10173.235,,,,10120.1136,53.1214,0.5249,,
H00922.CSI,20240226,10120.1136,,,,10301.4362,-181.3226,-1.7602,,
H00922.CSI,20240223,10301.4362,,,,10338.0013,-36.5651,-0.3537,,
H00922.CSI,20240222,10338.0013,,,,10189.3597,148.6416,1.4588,,
H00922.CSI,20240221,10189.3597,,,,10186.9826,2.3771,0.0233,,
H00922.CSI,20240220,10186.9826,,,,10071.5433,115.4393,1.1462,,
H00922.CSI,20240219,10071.5433,,,,9874.4628,197.0805,1.9959,,
H00922.CSI,20240208,9874.4628,,,,9860.375,14.0878,0.1429,,
H00922.CSI,20240207,9860.375,,,,9670.0168,190.3582,1.9685,,
H00922.CSI,20240206,9670.0168,,,,9447.093,222.9238,2.3597,,
H00922.CSI,20240205,9447.093,,,,9454.8455,-7.7525,-0.082,,
H00922.CSI,20240202,9454.8455,,,,9462.3484,-7.5029,-0.0793,,
H00922.CSI,20240201,9462.3484,,,,9557.4692,-95.1208,-0.9953,,
H00922.CSI,20240131,9557.4692,,,,9593.0968,-35.6276,-0.3714,,
H00922.CSI,20240130,9593.0968,,,,9720.9282,-127.8314,-1.315,,
H00922.CSI,20240129,9720.9282,,,,9694.9547,25.9735,0.2679,,
H00922.CSI,20240126,9694.9547,,,,9569.8032,125.1515,1.3078,,
H00922.CSI,20240125,9569.8032,,,,9301.7928,268.0104,2.8813,,
H00922.CSI,20240124,9301.7928,,,,9099.4627,202.3301,2.2235,,
H00922.CSI,20240123,9099.4627,,,,8991.7453,107.7174,1.198,,
H00922.CSI,20240122,8991.7453,,,,9299.199,-307.4537,-3.3062,,
H00922.CSI,20240119,9299.199,,,,9354.1879,-54.9889,-0.5879,,
H00922.CSI,20240118,9354.1879,,,,9415.9114,-61.7235,-0.6555,,
H00922.CSI,20240117,9415.9114,,,,9549.5882,-133.6768,-1.3998,,
H00922.CSI,20240116,9549.5882,,,,9516.4065,33.1817,0.3487,,
H00922.CSI,20240115,9516.4065,,,,9469.1825,47.224,0.4987,,
H00922.CSI,20240112,9469.1825,,,,9446.9073,22.2752,0.2358,,
H00922.CSI,20240111,9446.9073,,,,9495.7238,-48.8165,-0.5141,,
H00922.CSI,20240110,9495.7238,,,,9548.1861,-52.4623,-0.5494,,
H00922.CSI,20240109,9548.1861,,,,9494.7805,53.4056,0.5625,,
H00922.CSI,20240108,9494.7805,,,,9594.9287,-100.1482,-1.0438,,
H00922.CSI,20240105,9594.9287,,,,9589.1212,5.8075,0.0606,,
H00922.CSI,20240104,9589.1212,,,,9547.7703,41.3509,0.4331,,
H00922.CSI,20240103,9547.7703,,,,9447.6861,100.0842,1.0594,,
H00922.CSI,20240102,9447.6861,,,,9351.114,96.5721,1.0327,,
H00922.CSI,20231229,9351.114,,,,9302.4296,48.6844,0.5234,,
H00922.CSI,20231228,9302.4296,,,,9314.3594,-11.9298,-0.1281,,
H00922.CSI,20231227,9314.3594,,,,9261.1732,53.1862,0.5743,,
H00922.CSI,20231226,9261.1732,,,,9316.0958,-54.9226,-0.5895,,
H00922.CSI,20231225,9316.0958,,,,9301.5313,14.5645,0.1566,,
H00922.CSI,20231222,9301.5313,,,,9322.9581,-21.4268,-0.2298,,
H00922.CSI,20231221,9322.9581,,,,9332.2529,-9.2948,-0.0996,,
H00922.CSI,20231220,9332.2529,,,,9374.2071,-41.9542,-0.4475,,
H00922.CSI,20231219,9374.2071,,,,9390.5758,-16.3687,-0.1743,,
H00922.CSI,20231218,9390.5758,,,,9411.6108,-21.035,-0.2235,,
H00922.CSI,20231215,9411.6108,,,,9467.5007,-55.8899,-0.5903,,
H00922.CSI,20231214,9467.5007,,,,9476.1422,-8.6415,-0.0912,,
H00922.CSI,20231213,9476.1422,,,,9555.0745,-78.9323,-0.8261,,
H00922.CSI,20231212,9555.0745,,,,9482.8832,72.1913,0.7613,,
H00922.CSI,20231211,9482.8832,,,,9339.9842,142.899,1.53,,
H00922.CSI,20231208,9339.9842,,,,9341.7401,-1.7559,-0.0188,,
H00922.CSI,20231207,9341.7401,,,,9327.6302,14.1099,0.1513,,
H00922.CSI,20231206,9327.6302,,,,9331.6333,-4.0031,-0.0429,,
H00922.CSI,20231205,9331.6333,,,,9453.6123,-121.979,-1.2903,,
H00922.CSI,20231204,9453.6123,,,,9452.6357,0.9766,0.0103,,
H00922.CSI,20231201,9452.6357,,,,9424.3938,28.2419,0.2997,,
H00922.CSI,20231130,9424.3938,,,,9393.371,31.0228,0.3303,,
H00922.CSI,20231129,9393.371,,,,9459.6972,-66.3262,-0.7011,,
H00922.CSI,20231128,9459.6972,,,,9460.4051,-0.7079,-0.0075,,
H00922.CSI,20231127,9460.4051,,,,9485.4696,-25.0645,-0.2642,,
H00922.CSI,20231124,9485.4696,,,,9479.5948,5.8748,0.062,,
H00922.CSI,20231123,9479.5948,,,,9405.9291,73.6657,0.7832,,
H00922.CSI,20231122,9405.9291,,,,9434.5787,-28.6496,-0.3037,,
H00922.CSI,20231121,9434.5787,,,,9399.7473,34.8314,0.3706,,
H00922.CSI,20231120,9399.7473,,,,9376.0952,23.6521,0.2523,,
H00922.CSI,20231117,9376.0952,,,,9400.3855,-24.2903,-0.2584,,
H00922.CSI,20231116,9400.3855,,,,9412.1194,-11.7339,-0.1247,,
H00922.CSI,20231115,9412.1194,,,,9366.495,45.6244,0.4871,,
H00922.CSI,20231114,9366.495,,,,9379.3866,-12.8916,-0.1374,,
H00922.CSI,20231113,9379.3866,,,,9362.6498,16.7368,0.1788,,
H00922.CSI,20231110,9362.6498,,,,9396.6787,-34.0289,-0.3621,,
H00922.CSI,20231109,9396.6787,,,,9335.4214,61.2573,0.6562,,
H00922.CSI,20231108,9335.4214,,,,9345.8056,-10.3842,-0.1111,,
H00922.CSI,20231107,9345.8056,,,,9350.3175,-4.5119,-0.0483,,
H00922.CSI,20231106,9350.3175,,,,9365.1781,-14.8606,-0.1587,,
H00922.CSI,20231103,9365.1781,,,,9409.2227,-44.0446,-0.4681,,
H00922.CSI,20231102,9409.2227,,,,9393.6918,15.5309,0.1653,,
H00922.CSI,20231101,9393.6918,,,,9404.8922,-11.2004,-0.1191,,
H00922.CSI,20231031,9404.8922,,,,9387.5372,17.355,0.1849,,
H00922.CSI,20231030,9387.5372,,,,9484.9949,-97.4577,-1.0275,,
H00922.CSI,20231027,9484.9949,,,,9446.8481,38.1468,0.4038,,
H00922.CSI,20231026,9446.8481,,,,9401.7246,45.1235,0.4799,,
H00922.CSI,20231025,9401.7246,,,,9318.6272,83.0974,0.8917,,
H00922.CSI,20231024,9318.6272,,,,9248.2687,70.3585,0.7608,,
H00922.CSI,20231023,9248.2687,,,,9373.7993,-125.5306,-1.3392,,
H00922.CSI,20231020,9373.7993,,,,9422.3874,-48.5881,-0.5157,,
H00922.CSI,20231019,9422.3874,,,,9582.141,-159.7536,-1.6672,,
H00922.CSI,20231018,9582.141,,,,9671.2943,-89.1533,-0.9218,,
H00922.CSI,20231017,9671.2943,,,,9652.5245,18.7698,0.1945,,
H00922.CSI,20231016,9652.5245,,,,9631.8434,20.6811,0.2147,,
H00922.CSI,20231013,9631.8434,,,,9643.9864,-12.143,-0.1259,,
H00922.CSI,20231012,9643.9864,,,,9547.3505,96.6359,1.0122,,
H00922.CSI,20231011,9547.3505,,,,9577.1404,-29.7899,-0.3111,,
H00922.CSI,20231010,9577.1404,,,,9673.229,-96.0886,-0.9933,,
H00922.CSI,20231009,9673.229,,,,9707.8619,-34.6329,-0.3568,,
H00922.CSI,20230928,9707.8619,,,,9706.138,1.7239,0.0178,,
H00922.CSI,20230927,9706.138,,,,9739.7044,-33.5664,-0.3446,,
H00922.CSI,20230926,9739.7044,,,,9783.9161,-44.2117,-0.4519,,
H00922.CSI,20230925,9783.9161,,,,9803.4979,-19.5818,-0.1997,,
H00922.CSI,20230922,9803.4979,,,,9761.7167,41.7812,0.428,,
H00922.CSI,20230921,9761.7167,,,,9825.7294,-64.0127,-0.6515,,
H00922.CSI,20230920,9825.7294,,,,9812.6691,13.0603,0.1331,,
H00922.CSI,20230919,9812.6691,,,,9747.4454,65.2237,0.6691,,
H00922.CSI,20230918,9747.4454,,,,9736.6457,10.7997,0.1109,,
H00922.CSI,20230915,9736.6457,,,,9752.9102,-16.2645,-0.1668,,
H00922.CSI,20230914,9752.9102,,,,9656.2018,96.7084,1.0015,,
H00922.CSI,20230913,9656.2018,,,,9629.4493,26.7525,0.2778,,
H00922.CSI,20230912,9629.4493,,,,9641.877,-12.4277,-0.1289,,
H00922.CSI,20230911,9641.877,,,,9569.3237,72.5533,0.7582,,
H00922.CSI,20230908,9569.3237,,,,9632.3034,-62.9797,-0.6538,,
H00922.CSI,20230907,9632.3034,,,,9683.2171,-50.9137,-0.5258,,
H00922.CSI,20230906,9683.2171,,,,9685.2211,-2.004,-0.0207,,
H00922.CSI,20230905,9685.2211,,,,9761.1323,-75.9112,-0.7777,,
H00922.CSI,20230904,9761.1323,,,,9612.2101,148.9222,1.5493,,
H00922.CSI,20230901,9612.2101,,,,9510.6993,101.5108,1.0673,,
H00922.CSI,20230831,9510.6993,,,,9609.7929,-99.0936,-1.0312,,
H00922.CSI,20230830,9609.7929,,,,9680.1627,-70.3698,-0.7269,,
H00922.CSI,20230829,9680.1627,,,,9661.7039,18.4588,0.1911,,
H00922.CSI,20230828,9661.7039,,,,9530.0566,131.6473,1.3814,,
H00922.CSI,20230825,9530.0566,,,,9507.5599,22.4967,0.2366,,
H00922.CSI,20230824,9507.5599,,,,9552.7537,-45.1938,-0.4731,,
H00922.CSI,20230823,9552.7537,,,,9579.3204,-26.5667,-0.2773,,
H00922.CSI,20230822,9579.3204,,,,9503.4526,75.8678,0.7983,,
H00922.CSI,20230821,9503.4526,,,,9603.549,-100.0964,-1.0423,,
H00922.CSI,20230818,9603.549,,,,9645.4638,-41.9148,-0.4346,,
H00922.CSI,20230817,9645.4638,,,,9644.5842,0.8796,0.0091,,
H00922.CSI,20230816,9644.5842,,,,9649.34,-4.7558,-0.0493,,
H00922.CSI,20230815,9649.34,,,,9585.746,63.594,0.6634,,
H00922.CSI,20230814,9585.746,,,,9590.8149,-5.0689,-0.0529,,
H00922.CSI,20230811,9590.8149,,,,9740.9762,-150.1613,-1.5415,,
H00922.CSI,20230810,9740.9762,,,,9701.3659,39.6103,0.4083,,
H00922.CSI,20230809,9701.3659,,,,9741.0997,-39.7338,-0.4079,,
H00922.CSI,20230808,9741.0997,,,,9754.6994,-13.5997,-0.1394,,
H00922.CSI,20230807,9754.6994,,,,9840.5668,-85.8674,-0.8726,,
H00922.CSI,20230804,9840.5668,,,,9867.8441,-27.2773,-0.2764,,
H00922.CSI,20230803,9867.8441,,,,9813.8702,53.9739,0.55,,
H00922.CSI,20230802,9813.8702,,,,9904.169,-90.2988,-0.9117,,
H00922.CSI,20230801,9904.169,,,,9895.1618,9.0072,0.091,,
H00922.CSI,20230731,9895.1618,,,,9819.5955,75.5663,0.7695,,
H00922.CSI,20230728,9819.5955,,,,9642.8619,176.7336,1.8328,,
H00922.CSI,20230727,9642.8619,,,,9632.6398,10.2221,0.1061,,
H00922.CSI,20230726,9632.6398,,,,9610.0914,22.5484,0.2346,,
H00922.CSI,20230725,9610.0914,,,,9452.1319,157.9595,1.6712,,
H00922.CSI,20230724,9452.1319,,,,9449.1045,3.0274,0.032,,
H00922.CSI,20230721,9449.1045,,,,9442.7324,6.3721,0.0675,,
H00922.CSI,20230720,9442.7324,,,,9475.1186,-32.3862,-0.3418,,
H00922.CSI,20230719,9475.1186,,,,9424.2059,50.9127,0.5402,,
H00922.CSI,20230718,9424.2059,,,,9423.949,0.2569,0.0027,,
H00922.CSI,20230717,9423.949,,,,9475.3024,-51.3534,-0.542,,
H00922.CSI,20230714,9475.3024,,,,9459.9153,15.3871,0.1627,,
H00922.CSI,20230713,9459.9153,,,,9359.4238,100.4915,1.0737,,
H00922.CSI,20230712,9359.4238,,,,9407.365,-47.9412,-0.5096,,
H00922.CSI,20230711,9407.365,,,,9389.0407,18.3243,0.1952,,
H00922.CSI,20230710,9389.0407,,,,9350.6661,38.3746,0.4104,,
H00922.CSI,20230707,9350.6661,,,,9314.4894,36.1767,0.3884,,
H00922.CSI,20230706,9314.4894,,,,9352.2056,-37.7162,-0.4033,,
H00922.CSI,20230705,9352.2056,,,,9363.761,-11.5554,-0.1234,,
H00922.CSI,20230704,9363.761,,,,9410.0013,-46.2403,-0.4914,,
H00922.CSI,20230703,9410.0013,,,,9311.9462,98.0551,1.053,,
H00922.CSI,20230630,9311.9462,,,,9277.8653,34.0809,0.3673,,
H00922.CSI,20230629,9277.8653,,,,9292.609,-14.7437,-0.1587,,
H00922.CSI,20230628,9292.609,,,,9231.373,61.236,0.6633,,
H00922.CSI,20230627,9231.373,,,,9073.5075,157.8655,1.7399,,
H00922.CSI,20230626,9073.5075,,,,9188.5261,-115.0186,-1.2518,,
H00922.CSI,20230621,9188.5261,,,,9257.2456,-68.7195,-0.7423,,
H00922.CSI,20230620,9257.2456,,,,9326.4926,-69.247,-0.7425,,
H00922.CSI,20230619,9326.4926,,,,9437.8727,-111.3801,-1.1801,,
H00922.CSI,20230616,9437.8727,,,,9464.1315,-26.2588,-0.2775,,
H00922.CSI,20230615,9464.1315,,,,9442.2127,21.9188,0.2321,,
H00922.CSI,20230614,9442.2127,,,,9483.5681,-41.3554,-0.4361,,
H00922.CSI,20230613,9483.5681,,,,9499.6921,-16.124,-0.1697,,
H00922.CSI,20230612,9499.6921,,,,9552.8541,-53.162,-0.5565,,
H00922.CSI,20230609,9552.8541,,,,9570.1137,-17.2596,-0.1803,,
H00922.CSI,20230608,9570.1137,,,,9470.6326,99.4811,1.0504,,
H00922.CSI,20230607,9470.6326,,,,9398.0017,72.6309,0.7728,,
H00922.CSI,20230606,9398.0017,,,,9467.0275,-69.0258,-0.7291,,
H00922.CSI,20230605,9467.0275,,,,9417.7418,49.2857,0.5233,,
H00922.CSI,20230602,9417.7418,,,,9359.9289,57.8129,0.6177,,
H00922.CSI,20230601,9359.9289,,,,9392.0084,-32.0795,-0.3416,,
H00922.CSI,20230531,9392.0084,,,,9466.8128,-74.8044,-0.7902,,
H00922.CSI,20230530,9466.8128,,,,9469.8498,-3.037,-0.0321,,
H00922.CSI,20230529,9469.8498,,,,9393.4665,76.3833,0.8132,,
H00922.CSI,20230526,9393.4665,,,,9312.8675,80.599,0.8655,,
H00922.CSI,20230525,9312.8675,,,,9355.4994,-42.6319,-0.4557,,
H00922.CSI,20230524,9355.4994,,,,9490.8436,-135.3442,-1.4261,,
H00922.CSI,20230523,9490.8436,,,,9612.2241,-121.3805,-1.2628,,
H00922.CSI,20230522,9612.2241,,,,9611.6479,0.5762,0.006,,
H00922.CSI,20230519,9611.6479,,,,9729.8531,-118.2052,-1.2149,,
H00922.CSI,20230518,9729.8531,,,,9671.6492,58.2039,0.6018,,
H00922.CSI,20230517,9671.6492,,,,9716.9397,-45.2905,-0.4661,,
H00922.CSI,20230516,9716.9397,,,,9785.4951,-68.5554,-0.7006,,
H00922.CSI,20230515,9785.4951,,,,9786.5327,-1.0376,-0.0106,,
H00922.CSI,20230512,9786.5327,,,,9845.1444,-58.6117,-0.5953,,
H00922.CSI,20230511,9845.1444,,,,9850.0638,-4.9194,-0.0499,,
H00922.CSI,20230510,9850.0638,,,,10036.9396,-186.8758,-1.8619,,
H00922.CSI,20230509,10036.9396,,,,10116.3986,-79.459,-0.7854,,
H00922.CSI,20230508,10116.3986,,,,9899.0895,217.3091,2.1952,,
H00922.CSI,20230505,9899.0895,,,,9873.9304,25.1591,0.2548,,
H00922.CSI,20230504,9873.9304,,,,9679.2825,194.6479,2.011,,
H00922.CSI,20230428,9679.2825,,,,9571.3427,107.9398,1.1277,,
H00922.CSI,20230427,9571.3427,,,,9545.7777,25.565,0.2678,,
H00922.CSI,20230426,9545.7777,,,,9522.1372,23.6405,0.2483,,
H00922.CSI,20230425,9522.1372,,,,9491.2885,30.8487,0.325,,
H00922.CSI,20230424,9491.2885,,,,9498.343,-7.0545,-0.0743,,
H00922.CSI,20230421,9498.343,,,,9613.9073,-115.5643,-1.2021,,
H00922.CSI,20230420,9613.9073,,,,9598.5636,15.3437,0.1599,,
H00922.CSI,20230419,9598.5636,,,,9606.8088,-8.2452,-0.0858,,
H00922.CSI,20230418,9606.8088,,,,9571.4514,35.3574,0.3694,,
H00922.CSI,20230417,9571.4514,,,,9441.574,129.8774,1.3756,,
H00922.CSI,20230414,9441.574,,,,9452.6758,-11.1018,-0.1174,,
H00922.CSI,20230413,9452.6758,,,,9450.9201,1.7557,0.0186,,
H00922.CSI,20230412,9450.9201,,,,9358.1634,92.7567,0.9912,,
H00922.CSI,20230411,9358.1634,,,,9298.4808,59.6826,0.6419,,
H00922.CSI,20230410,9298.4808,,,,9295.7831,2.6977,0.029,,
H00922.CSI,20230407,9295.7831,,,,9260.1517,35.6314,0.3848,,
H00922.CSI,20230406,9260.1517,,,,9318.2752,-58.1235,-0.6238,,
H00922.CSI,20230404,9318.2752,,,,9285.0283,33.2469,0.3581,,
H00922.CSI,20230403,9285.0283,,,,9243.0935,41.9348,0.4537,,
H00922.CSI,20230331,9243.0935,,,,9212.3281,30.7654,0.334,,
H00922.CSI,20230330,9212.3281,,,,9154.9412,57.3869,0.6268,,
H00922.CSI,20230329,9154.9412,,,,9181.5082,-26.567,-0.2894,,
H00922.CSI,20230328,9181.5082,,,,9178.2117,3.2965,0.0359,,
H00922.CSI,20230327,9178.2117,,,,9253.3137,-75.102,-0.8116,,
H00922.CSI,20230324,9253.3137,,,,9329.3818,-76.0681,-0.8154,,
H00922.CSI,20230323,9329.3818,,,,9321.6526,7.7292,0.0829,,
H00922.CSI,20230322,9321.6526,,,,9277.8568,43.7958,0.472,,
H00922.CSI,20230321,9277.8568,,,,9279.2419,-1.3851,-0.0149,,
H00922.CSI,20230320,9279.2419,,,,9323.2546,-44.0127,-0.4721,,
H00922.CSI,20230317,9323.2546,,,,9268.0359,55.2187,0.5958,,
H00922.CSI,20230316,9268.0359,,,,9354.801,-86.7651,-0.9275,,
H00922.CSI,20230315,9354.801,,,,9243.0751,111.7259,1.2088,,
H00922.CSI,20230314,9243.0751,,,,9320.1945,-77.1194,-0.8274,,
H00922.CSI,20230313,9320.1945,,,,9208.6956,111.4989,1.2108,,
H00922.CSI,20230310,9208.6956,,,,9375.9855,-167.2899,-1.7842,,
H00922.CSI,20230309,9375.9855,,,,9406.0811,-30.0956,-0.32,,
H00922.CSI,20230308,9406.0811,,,,9413.4742,-7.3931,-0.0785,,
H00922.CSI,20230307,9413.4742,,,,9470.056,-56.5818,-0.5975,,
H00922.CSI,20230306,9470.056,,,,9514.6098,-44.5538,-0.4683,,
H00922.CSI,20230303,9514.6098,,,,9473.6519,40.9579,0.4323,,
H00922.CSI,20230302,9473.6519,,,,9431.6604,41.9915,0.4452,,
H00922.CSI,20230301,9431.6604,,,,9368.2051,63.4553,0.6773,,
H00922.CSI,20230228,9368.2051,,,,9326.8419,41.3632,0.4435,,
H00922.CSI,20230227,9326.8419,,,,9336.5686,-9.7267,-0.1042,,
H00922.CSI,20230224,9336.5686,,,,9374.6489,-38.0803,-0.4062,,
H00922.CSI,20230223,9374.6489,,,,9361.9894,12.6595,0.1352,,
H00922.CSI,20230222,9361.9894,,,,9356.4306,5.5588,0.0594,,
H00922.CSI,20230221,9356.4306,,,,9252.096,104.3346,1.1277,,
H00922.CSI,20230220,9252.096,,,,9049.4586,202.6374,2.2392,,
H00922.CSI,20230217,9049.4586,,,,9037.9643,11.4943,0.1272,,
H00922.CSI,20230216,9037.9643,,,,9116.1808,-78.2165,-0.858,,
H00922.CSI,20230215,9116.1808,,,,9172.5475,-56.3667,-0.6145,,
H00922.CSI,20230214,9172.5475,,,,9125.5729,46.9746,0.5148,,
H00922.CSI,20230213,9125.5729,,,,9093.1856,32.3873,0.3562,,
H00922.CSI,20230210,9093.1856,,,,9089.0726,4.113,0.0453,,
H00922.CSI,20230209,9089.0726,,,,9022.429,66.6436,0.7386,,
H00922.CSI,20230208,9022.429,,,,9062.8528,-40.4238,-0.446,,
H00922.CSI,20230207,9062.8528,,,,9014.7641,48.0887,0.5334,,
H00922.CSI,20230206,9014.7641,,,,9065.7161,-50.952,-0.562,,
H00922.CSI,20230203,9065.7161,,,,9146.7695,-81.0534,-0.8861,,
H00922.CSI,20230202,9146.7695,,,,9131.8949,14.8746,0.1629,,
H00922.CSI,20230201,9131.8949,,,,9103.8654,28.0295,0.3079,,
H00922.CSI,20230131,9103.8654,,,,9083.777,20.0884,0.2211,,
H00922.CSI,20230130,9083.777,,,,9116.2954,-32.5184,-0.3567,,
H00922.CSI,20230120,9116.2954,,,,9027.7241,88.5713,0.9811,,
H00922.CSI,20230119,9027.7241,,,,8991.4137,36.3104,0.4038,,
H00922.CSI,20230118,8991.4137,,,,8981.1346,10.2791,0.1145,,
H00922.CSI,20230117,8981.1346,,,,8994.7018,-13.5672,-0.1508,,
H00922.CSI,20230116,8994.7018,,,,8960.2207,34.4811,0.3848,,
H00922.CSI,20230113,8960.2207,,,,8883.9817,76.239,0.8582,,
H00922.CSI,20230112,8883.9817,,,,8918.4505,-34.4688,-0.3865,,
H00922.CSI,20230111,8918.4505,,,,8870.5211,47.9294,0.5403,,
H00922.CSI,20230110,8870.5211,,,,8921.0647,-50.5436,-0.5666,,
H00922.CSI,20230109,8921.0647,,,,8926.0567,-4.992,-0.0559,,
H00922.CSI,20230106,8926.0567,,,,8944.6232,-18.5665,-0.2076,,
H00922.CSI,20230105,8944.6232,,,,8920.3495,24.2737,0.2721,,
H00922.CSI,20230104,8920.3495,,,,8850.4962,69.8533,0.7893,,
H00922.CSI,20230103,8850.4962,,,,8793.5071,56.9891,0.6481,,
H00922.CSI,20221230,8793.5071,,,,8734.4834,59.0237,0.6758,,
H00922.CSI,20221229,8734.4834,,,,8813.2101,-78.7267,-0.8933,,
H00922.CSI,20221228,8813.2101,,,,8798.6039,14.6062,0.166,,
H00922.CSI,20221227,8798.6039,,,,8708.0142,90.5897,1.0403,,
H00922.CSI,20221226,8708.0142,,,,8729.5074,-21.4932,-0.2462,,
H00922.CSI,20221223,8729.5074,,,,8740.5194,-11.012,-0.126,,
H00922.CSI,20221222,8740.5194,,,,8802.5119,-61.9925,-0.7043,,
H00922.CSI,20221221,8802.5119,,,,8798.6364,3.8755,0.044,,
H00922.CSI,20221220,8798.6364,,,,8888.2505,-89.6141,-1.0082,,
H00922.CSI,20221219,8888.2505,,,,9074.6405,-186.39,-2.054,,
H00922.CSI,20221216,9074.6405,,,,8980.5107,94.1298,1.0482,,
H00922.CSI,20221215,8980.5107,,,,9072.6929,-92.1822,-1.016,,
H00922.CSI,20221214,9072.6929,,,,9107.2305,-34.5376,-0.3792,,
H00922.CSI,20221213,9107.2305,,,,9064.8545,42.376,0.4675,,
H00922.CSI,20221212,9064.8545,,,,9196.4145,-131.56,-1.4306,,
H00922.CSI,20221209,9196.4145,,,,9116.3684,80.0461,0.878,,
H00922.CSI,20221208,9116.3684,,,,9097.1561,19.2123,0.2112,,
H00922.CSI,20221207,9097.1561,,,,9150.033,-52.8769,-0.5779,,
H00922.CSI,20221206,9150.033,,,,9195.685,-45.652,-0.4965,,
H00922.CSI,20221205,9195.685,,,,9063.7168,131.9682,1.456,,
H00922.CSI,20221202,9063.7168,,,,9092.9149,-29.1981,-0.3211,,
H00922.CSI,20221201,9092.9149,,,,9140.1772,-47.2623,-0.5171,,
H00922.CSI,20221130,9140.1772,,,,9157.2691,-17.0919,-0.1866,,
H00922.CSI,20221129,9157.2691,,,,8901.5564,255.7127,2.8727,,
H00922.CSI,20221128,8901.5564,,,,8939.4575,-37.9011,-0.424,,
H00922.CSI,20221125,8939.4575,,,,8829.4177,110.0398,1.2463,,
H00922.CSI,20221124,8829.4177,,,,8766.5719,62.8458,0.7169,,
H00922.CSI,20221123,8766.5719,,,,8745.8946,20.6773,0.2364,,
H00922.CSI,20221122,8745.8946,,,,8736.9209,8.9737,0.1027,,
H00922.CSI,20221121,8736.9209,,,,8732.2512,4.6697,0.0535,,
H00922.CSI,20221118,8732.2512,,,,8789.9409,-57.6897,-0.6563,,
H00922.CSI,20221117,8789.9409,,,,8824.8199,-34.879,-0.3952,,
H00922.CSI,20221116,8824.8199,,,,8857.2056,-32.3857,-0.3656,,
H00922.CSI,20221115,8857.2056,,,,8772.1556,85.05,0.9695,,
H00922.CSI,20221114,8772.1556,,,,8746.7854,25.3702,0.2901,,
H00922.CSI,20221111,8746.7854,,,,8556.5826,190.2028,2.2229,,
H00922.CSI,20221110,8556.5826,,,,8559.7319,-3.1493,-0.0368,,
H00922.CSI,20221109,8559.7319,,,,8550.4241,9.3078,0.1089,,
H00922.CSI,20221108,8550.4241,,,,8541.3347,9.0894,0.1064,,
H00922.CSI,20221107,8541.3347,,,,8479.9582,61.3765,0.7238,,
H00922.CSI,20221104,8479.9582,,,,8308.22,171.7382,2.0671,,
H00922.CSI,20221103,8308.22,,,,8353.2007,-44.9807,-0.5385,,
H00922.CSI,20221102,8353.2007,,,,8250.7586,102.4421,1.2416,,
H00922.CSI,20221101,8250.7586,,,,8143.3963,107.3623,1.3184,,
H00922.CSI,20221031,8143.3963,,,,8262.6938,-119.2975,-1.4438,,
H00922.CSI,20221028,8262.6938,,,,8487.0116,-224.3178,-2.6431,,
H00922.CSI,20221027,8487.0116,,,,8464.2707,22.7409,0.2687,,
H00922.CSI,20221026,8464.2707,,,,8485.3496,-21.0789,-0.2484,,
H00922.CSI,20221025,8485.3496,,,,8519.8797,-34.5301,-0.4053,,
H00922.CSI,20221024,8519.8797,,,,8708.3201,-188.4404,-2.1639,,
H00922.CSI,20221021,8708.3201,,,,8667.3057,41.0144,0.4732,,
H00922.CSI,20221020,8667.3057,,,,8749.8627,-82.557,-0.9435,,
H00922.CSI,20221019,8749.8627,,,,8820.4904,-70.6277,-0.8007,,
H00922.CSI,20221018,8820.4904,,,,8810.8373,9.6531,0.1096,,
H00922.CSI,20221017,8810.8373,,,,8808.3517,2.4856,0.0282,,
H00922.CSI,20221014,8808.3517,,,,8708.005,100.3467,1.1524,,
H00922.CSI,20221013,8708.005,,,,8787.909,-79.904,-0.9092,,
H00922.CSI,20221012,8787.909,,,,8666.5579,121.3511,1.4002,,
H00922.CSI,20221011,8666.5579,,,,8665.413,1.1449,0.0132,,
H00922.CSI,20221010,8665.413,,,,8690.3367,-24.9237,-0.2868,,
H00922.CSI,20220930,8690.3367,,,,8640.8471,49.4896,0.5727,,
H00922.CSI,20220929,8640.8471,,,,8681.9539,-41.1068,-0.4735,,
H00922.CSI,20220928,8681.9539,,,,8790.2091,-108.2552,-1.2315,,
H00922.CSI,20220927,8790.2091,,,,8687.0298,103.1793,1.1877,,
H00922.CSI,20220926,8687.0298,,,,8846.9946,-159.9648,-1.8081,,
H00922.CSI,20220923,8846.9946,,,,8941.2037,-94.2091,-1.0537,,
H00922.CSI,20220922,8941.2037,,,,8951.1251,-9.9214,-0.1108,,
H00922.CSI,20220921,8951.1251,,,,8879.4033,71.7218,0.8077,,
H00922.CSI,20220920,8879.4033,,,,8871.1712,8.2321,0.0928,,
H00922.CSI,20220919,8871.1712,,,,8866.1227,5.0485,0.0569,,
H00922.CSI,20220916,8866.1227,,,,9149.6833,-283.5606,-3.0991,,
H00922.CSI,20220915,9149.6833,,,,9166.6781,-16.9948,-0.1854,,
H00922.CSI,20220914,9166.6781,,,,9243.3545,-76.6764,-0.8295,,
H00922.CSI,20220913,9243.3545,,,,9306.1239,-62.7694,-0.6745,,
H00922.CSI,20220909,9306.1239,,,,9209.2126,96.9113,1.0523,,
H00922.CSI,20220908,9209.2126,,,,9242.4431,-33.2305,-0.3595,,
H00922.CSI,20220907,9242.4431,,,,9268.4985,-26.0554,-0.2811,,
H00922.CSI,20220906,9268.4985,,,,9115.4254,153.0731,1.6793,,
H00922.CSI,20220905,9115.4254,,,,8980.5348,134.8906,1.502,,
H00922.CSI,20220902,8980.5348,,,,8985.7058,-5.171,-0.0575,,
H00922.CSI,20220901,8985.7058,,,,8926.1846,59.5212,0.6668,,
H00922.CSI,20220831,8926.1846,,,,9017.4845,-91.2999,-1.0125,,
H00922.CSI,20220830,9017.4845,,,,9070.9079,-53.4234,-0.589,,
H00922.CSI,20220829,9070.9079,,,,9000.295,70.6129,0.7846,,
H00922.CSI,20220826,9000.295,,,,9040.223,-39.928,-0.4417,,
H00922.CSI,20220825,9040.223,,,,8877.9718,162.2512,1.8276,,
H00922.CSI,20220824,8877.9718,,,,9040.348,-162.3762,-1.7961,,
H00922.CSI,20220823,9040.348,,,,8996.3434,44.0046,0.4891,,
H00922.CSI,20220822,8996.3434,,,,8918.1101,78.2333,0.8772,,
H00922.CSI,20220819,8918.1101,,,,8851.0316,67.0785,0.7579,,
H00922.CSI,20220818,8851.0316,,,,8927.1069,-76.0753,-0.8522,,
H00922.CSI,20220817,8927.1069,,,,8898.7078,28.3991,0.3191,,
H00922.CSI,20220816,8898.7078,,,,8850.5286,48.1792,0.5444,,
H00922.CSI,20220815,8850.5286,,,,8828.2827,22.2459,0.252,,
H00922.CSI,20220812,8828.2827,,,,8768.3893,59.8934,0.6831,,
H00922.CSI,20220811,8768.3893,,,,8659.5684,108.8209,1.2567,,
H00922.CSI,20220810,8659.5684,,,,8697.0264,-37.458,-0.4307,,
H00922.CSI,20220809,8697.0264,,,,8678.4735,18.5529,0.2138,,
H00922.CSI,20220808,8678.4735,,,,8542.9748,135.4987,1.5861,,
H00922.CSI,20220805,8542.9748,,,,8476.7152,66.2596,0.7817,,
H00922.CSI,20220804,8476.7152,,,,8430.1262,46.589,0.5526,,
H00922.CSI,20220803,8430.1262,,,,8541.6795,-111.5533,-1.306,,
H00922.CSI,20220802,8541.6795,,,,8789.2844,-247.6049,-2.8171,,
H00922.CSI,20220801,8789.2844,,,,8760.5064,28.778,0.3285,,
H00922.CSI,20220729,8760.5064,,,,8833.0039,-72.4975,-0.8208,,
H00922.CSI,20220728,8833.0039,,,,8786.6982,46.3057,0.527,,
H00922.CSI,20220727,8786.6982,,,,8778.8028,7.8954,0.0899,,
H00922.CSI,20220726,8778.8028,,,,8651.043,127.7598,1.4768,,
H00922.CSI,20220725,8651.043,,,,8658.9558,-7.9128,-0.0914,,
H00922.CSI,20220722,8658.9558,,,,8697.8813,-38.9255,-0.4475,,
H00922.CSI,20220721,8697.8813,,,,8815.4685,-117.5872,-1.3339,,
H00922.CSI,20220720,8815.4685,,,,8785.6064,29.8621,0.3399,,
H00922.CSI,20220719,8785.6064,,,,8751.401,34.2054,0.3909,,
H00922.CSI,20220718,8751.401,,,,8537.7911,213.6099,2.5019,,
H00922.CSI,20220715,8537.7911,,,,8714.6002,-176.8091,-2.0289,,
H00922.CSI,20220714,8714.6002,,,,8810.9497,-96.3495,-1.0935,,
H00922.CSI,20220713,8810.9497,,,,8796.3576,14.5921,0.1659,,
H00922.CSI,20220712,8796.3576,,,,8780.2223,16.1353,0.1838,,
H00922.CSI,20220711,8780.2223,,,,8890.5168,-110.2945,-1.2406,,
H00922.CSI,20220708,8890.5168,,,,8879.0034,11.5134,0.1297,,
H00922.CSI,20220707,8879.0034,,,,8811.0081,67.9953,0.7717,,
H00922.CSI,20220706,8811.0081,,,,8981.2086,-170.2005,-1.8951,,
H00922.CSI,20220705,8981.2086,,,,8968.2938,12.9148,0.144,,
H00922.CSI,20220704,8968.2938,,,,8937.1415,31.1523,0.3486,,
H00922.CSI,20220701,8937.1415,,,,8903.1898,33.9517,0.3813,,
H00922.CSI,20220630,8903.1898,,,,8865.5969,37.5929,0.424,,
H00922.CSI,20220629,8865.5969,,,,8897.0066,-31.4097,-0.353,,
H00922.CSI,20220628,8897.0066,,,,8817.892,79.1146,0.8972,,
H00922.CSI,20220627,8817.892,,,,8738.7306,79.1614,0.9059,,
H00922.CSI,20220624,8738.7306,,,,8742.6246,-3.894,-0.0445,,
H00922.CSI,20220623,8742.6246,,,,8622.2902,120.3344,1.3956,,
H00922.CSI,20220622,8622.2902,,,,8738.3291,-116.0389,-1.3279,,
H00922.CSI,20220621,8738.3291,,,,8723.5892,14.7399,0.169,,
H00922.CSI,20220620,8723.5892,,,,8761.3232,-37.734,-0.4307,,
H00922.CSI,20220617,8761.3232,,,,8760.0929,1.2303,0.014,,
H00922.CSI,20220616,8760.0929,,,,8884.6311,-124.5382,-1.4017,,
H00922.CSI,20220615,8884.6311,,,,8886.5871,-1.956,-0.022,,
H00922.CSI,20220614,8886.5871,,,,8762.788,123.7991,1.4128,,
H00922.CSI,20220613,8762.788,,,,8870.748,-107.96,-1.217,,
H00922.CSI,20220610,8870.748,,,,8789.8985,80.8495,0.9198,,
H00922.CSI,20220609,8789.8985,,,,8831.9656,-42.0671,-0.4763,,
H00922.CSI,20220608,8831.9656,,,,8761.0376,70.928,0.8096,,
H00922.CSI,20220607,8761.0376,,,,8725.7718,35.2658,0.4042,,
H00922.CSI,20220606,8725.7718,,,,8693.2848,32.487,0.3737,,
H00922.CSI,20220602,8693.2848,,,,8756.9034,-63.6186,-0.7265,,
H00922.CSI,20220601,8756.9034,,,,8712.258,44.6454,0.5124,,
H00922.CSI,20220531,8712.258,,,,8706.5476,5.7104,0.0656,,
H00922.CSI,20220530,8706.5476,,,,8704.2372,2.3104,0.0265,,
H00922.CSI,20220527,8704.2372,,,,8710.7481,-6.5109,-0.0747,,
H00922.CSI,20220526,8710.7481,,,,8603.7833,106.9648,1.2432,,
H00922.CSI,20220525,8603.7833,,,,8463.5757,140.2076,1.6566,,
H00922.CSI,20220524,8463.5757,,,,8687.9122,-224.3365,-2.5822,,
H00922.CSI,20220523,8687.9122,,,,8663.4259,24.4863,0.2826,,
H00922.CSI,20220520,8663.4259,,,,8571.3643,92.0616,1.0741,,
H00922.CSI,20220519,8571.3643,,,,8534.8247,36.5396,0.4281,,
H00922.CSI,20220518,8534.8247,,,,8593.8682,-59.0435,-0.687,,
H00922.CSI,20220517,8593.8682,,,,8651.3737,-57.5055,-0.6647,,
H00922.CSI,20220516,8651.3737,,,,8562.9709,88.4028,1.0324,,
H00922.CSI,20220513,8562.9709,,,,8348.1745,214.7964,2.573,,
H00922.CSI,20220512,8348.1745,,,,8368.1253,-19.9508,-0.2384,,
H00922.CSI,20220511,8368.1253,,,,8374.9001,-6.7748,-0.0809,,
H00922.CSI,20220510,8374.9001,,,,8370.7782,4.1219,0.0492,,
H00922.CSI,20220509,8370.7782,,,,8347.1702,23.608,0.2828,,
H00922.CSI,20220506,8347.1702,,,,8567.9351,-220.7649,-2.5766,,
H00922.CSI,20220505,8567.9351,,,,8512.3459,55.5892,0.653,,
H00922.CSI,20220429,8512.3459,,,,8273.8203,238.5256,2.8829,,
H00922.CSI,20220428,8273.8203,,,,8167.7887,106.0316,1.2982,,
H00922.CSI,20220427,8167.7887,,,,8076.4892,91.2995,1.1304,,
H00922.CSI,20220426,8076.4892,,,,8233.1339,-156.6447,-1.9026,,
H00922.CSI,20220425,8233.1339,,,,8689.3246,-456.1907,-5.25,,
H00922.CSI,20220422,8689.3246,,,,8578.2572,111.0674,1.2948,,
H00922.CSI,20220421,8578.2572,,,,8781.6881,-203.4309,-2.3165,,
H00922.CSI,20220420,8781.6881,,,,9043.843,-262.1549,-2.8987,,
H00922.CSI,20220419,9043.843,,,,8938.8671,104.9759,1.1744,,
H00922.CSI,20220418,8938.8671,,,,9059.7188,-120.8517,-1.3339,,
H00922.CSI,20220415,9059.7188,,,,9113.7382,-54.0194,-0.5927,,
H00922.CSI,20220414,9113.7382,,,,8901.4393,212.2989,2.385,,
H00922.CSI,20220413,8901.4393,,,,8918.9717,-17.5324,-0.1966,,
H00922.CSI,20220412,8918.9717,,,,8944.7048,-25.7331,-0.2877,,
H00922.CSI,20220411,8944.7048,,,,9147.1952,-202.4904,-2.2137,,
H00922.CSI,20220408,9147.1952,,,,9050.6145,96.5807,1.0671,,
H00922.CSI,20220407,9050.6145,,,,9228.9115,-178.297,-1.9319,,
H00922.CSI,20220406,9228.9115,,,,9075.8628,153.0487,1.6863,,
H00922.CSI,20220401,9075.8628,,,,8984.1388,91.724,1.021,,
H00922.CSI,20220331,8984.1388,,,,8884.3663,99.7725,1.123,,
H00922.CSI,20220330,8884.3663,,,,8771.4089,112.9574,1.2878,,
H00922.CSI,20220329,8771.4089,,,,8787.4259,-16.017,-0.1823,,
H00922.CSI,20220328,8787.4259,,,,8680.9084,106.5175,1.227,,
H00922.CSI,20220325,8680.9084,,,,8687.9376,-7.0292,-0.0809,,
H00922.CSI,20220324,8687.9376,,,,8717.2677,-29.3301,-0.3365,,
H00922.CSI,20220323,8717.2677,,,,8693.8547,23.413,0.2693,,
H00922.CSI,20220322,8693.8547,,,,8549.0528,144.8019,1.6938,,
H00922.CSI,20220321,8549.0528,,,,8513.5523,35.5005,0.417,,
H00922.CSI,20220318,8513.5523,,,,8295.1489,218.4034,2.6329,,
H00922.CSI,20220317,8295.1489,,,,8151.0952,144.0537,1.7673,,
H00922.CSI,20220316,8151.0952,,,,7961.9054,189.1898,2.3762,,
H00922.CSI,20220315,7961.9054,,,,8486.1326,-524.2272,-6.1775,,
H00922.CSI,20220314,8486.1326,,,,8674.1626,-188.03,-2.1677,,
H00922.CSI,20220311,8674.1626,,,,8618.3387,55.8239,0.6477,,
H00922.CSI,20220310,8618.3387,,,,8512.3906,105.9481,1.2446,,
H00922.CSI,20220309,8512.3906,,,,8622.9654,-110.5748,-1.2823,,
H00922.CSI,20220308,8622.9654,,,,8930.3279,-307.3625,-3.4418,,
H00922.CSI,20220307,8930.3279,,,,9028.0803,-97.7524,-1.0828,,
H00922.CSI,20220304,9028.0803,,,,9071.7658,-43.6855,-0.4816,,
H00922.CSI,20220303,9071.7658,,,,8976.2856,95.4802,1.0637,,
H00922.CSI,20220302,8976.2856,,,,8916.8701,59.4155,0.6663,,
H00922.CSI,20220301,8916.8701,,,,8841.6021,75.268,0.8513,,
H00922.CSI,20220228,8841.6021,,,,8834.9053,6.6968,0.0758,,
H00922.CSI,20220225,8834.9053,,,,8837.1095,-2.2042,-0.0249,,
H00922.CSI,20220224,8837.1095,,,,9011.5205,-174.411,-1.9354,,
H00922.CSI,20220223,9011.5205,,,,9036.4732,-24.9527,-0.2761,,
H00922.CSI,20220222,9036.4732,,,,9113.3229,-76.8497,-0.8433,,
H00922.CSI,20220221,9113.3229,,,,9055.0792,58.2437,0.6432,,
H00922.CSI,20220218,9055.0792,,,,8884.7344,170.3448,1.9173,,
H00922.CSI,20220217,8884.7344,,,,8924.6644,-39.93,-0.4474,,
H00922.CSI,20220216,8924.6644,,,,8844.9024,79.762,0.9018,,
H00922.CSI,20220215,8844.9024,,,,8881.8545,-36.9521,-0.416,,
H00922.CSI,20220214,8881.8545,,,,9021.4396,-139.5851,-1.5473,,
H00922.CSI,20220211,9021.4396,,,,9039.8923,-18.4527,-0.2041,,
H00922.CSI,20220210,9039.8923,,,,8942.8764,97.0159,1.0848,,
H00922.CSI,20220209,8942.8764,,,,8901.5541,41.3223,0.4642,,
H00922.CSI,20220208,8901.5541,,,,8708.5472,193.0069,2.2163,,
H00922.CSI,20220207,8708.5472,,,,8486.8572,221.69,2.6122,,
H00922.CSI,20220128,8486.8572,,,,8527.7725,-40.9153,-0.4798,,
H00922.CSI,20220127,8527.7725,,,,8644.2633,-116.4908,-1.3476,,
H00922.CSI,20220126,8644.2633,,,,8590.1769,54.0864,0.6296,,
H00922.CSI,20220125,8590.1769,,,,8897.925,-307.7481,-3.4587,,
H00922.CSI,20220124,8897.925,,,,8939.1479,-41.2229,-0.4612,,
H00922.CSI,20220121,8939.1479,,,,9009.3035,-70.1556,-0.7787,,
H00922.CSI,20220120,9009.3035,,,,9043.5245,-34.221,-0.3784,,
H00922.CSI,20220119,9043.5245,,,,8983.9602,59.5643,0.663,,
H00922.CSI,20220118,8983.9602,,,,8895.8391,88.1211,0.9906,,
H00922.CSI,20220117,8895.8391,,,,8870.1177,25.7214,0.29,,
H00922.CSI,20220114,8870.1177,,,,9031.9346,-161.8169,-1.7916,,
H00922.CSI,20220113,9031.9346,,,,9059.4105,-27.4759,-0.3033,,
H00922.CSI,20220112,9059.4105,,,,9100.3841,-40.9736,-0.4502,,
H00922.CSI,20220111,9100.3841,,,,9059.6011,40.783,0.4502,,
H00922.CSI,20220110,9059.6011,,,,8972.2771,87.324,0.9733,,
H00922.CSI,20220107,8972.2771,,,,8947.4344,24.8427,0.2777,,
H00922.CSI,20220106,8947.4344,,,,8907.4367,39.9977,0.449,,
H00922.CSI,20220105,8907.4367,,,,8932.422,-24.9853,-0.2797,,
H00922.CSI,20220104,8932.422,,,,8825.9441,106.4779,1.2064,,
H00922.CSI,20211231,8825.9441,,,,8738.6166,87.3275,0.9993,,
H00922.CSI,20211230,8738.6166,,,,8716.0506,22.566,0.2589,,
H00922.CSI,20211229,8716.0506,,,,8742.4555,-26.4049,-0.302,,
H00922.CSI,20211228,8742.4555,,,,8786.4205,-43.965,-0.5004,,
H00922.CSI,20211227,8786.4205,,,,8734.7376,51.6829,0.5917,,
H00922.CSI,20211224,8734.7376,,,,8787.0047,-52.2671,-0.5948,,
H00922.CSI,20211223,8787.0047,,,,8753.013,33.9917,0.3883,,
H00922.CSI,20211222,8753.013,,,,8786.2736,-33.2606,-0.3786,,
H00922.CSI,20211221,8786.2736,,,,8612.8912,173.3824,2.0131,,
H00922.CSI,20211220,8612.8912,,,,8690.1406,-77.2494,-0.8889,,
H00922.CSI,20211217,8690.1406,,,,8746.2573,-56.1167,-0.6416,,
H00922.CSI,20211216,8746.2573,,,,8618.4041,127.8532,1.4835,,
H00922.CSI,20211215,8618.4041,,,,8579.7767,38.6274,0.4502,,
H00922.CSI,20211214,8579.7767,,,,8668.7088,-88.9321,-1.0259,,
H00922.CSI,20211213,8668.7088,,,,8671.2119,-2.5031,-0.0289,,
H00922.CSI,20211210,8671.2119,,,,8691.8477,-20.6358,-0.2374,,
H00922.CSI,20211209,8691.8477,,,,8680.7716,11.0761,0.1276,,
H00922.CSI,20211208,8680.7716,,,,8672.9637,7.8079,0.09,,
H00922.CSI,20211207,8672.9637,,,,8627.7743,45.1894,0.5238,,
H00922.CSI,20211206,8627.7743,,,,8724.5482,-96.7739,-1.1092,,
H00922.CSI,20211203,8724.5482,,,,8664.0277,60.5205,0.6985,,
H00922.CSI,20211202,8664.0277,,,,8645.6543,18.3734,0.2125,,
H00922.CSI,20211201,8645.6543,,,,8545.0929,100.5614,1.1768,,
H00922.CSI,20211130,8545.0929,,,,8519.9675,25.1254,0.2949,,
H00922.CSI,20211129,8519.9675,,,,8573.8556,-53.8881,-0.6285,,
H00922.CSI,20211126,8573.8556,,,,8636.3252,-62.4696,-0.7233,,
H00922.CSI,20211125,8636.3252,,,,8673.8823,-37.5571,-0.433,,
H00922.CSI,20211124,8673.8823,,,,8632.3149,41.5674,0.4815,,
H00922.CSI,20211123,8632.3149,,,,8583.2903,49.0246,0.5712,,
H00922.CSI,20211122,8583.2903,,,,8569.7441,13.5462,0.1581,,
H00922.CSI,20211119,8569.7441,,,,8450.3258,119.4183,1.4132,,
H00922.CSI,20211118,8450.3258,,,,8456.5435,-6.2177,-0.0735,,
H00922.CSI,20211117,8456.5435,,,,8386.5449,69.9986,0.8347,,
H00922.CSI,20211116,8386.5449,,,,8432.9009,-46.356,-0.5497,,
H00922.CSI,20211115,8432.9009,,,,8419.2859,13.615,0.1617,,
H00922.CSI,20211112,8419.2859,,,,8477.2232,-57.9373,-0.6834,,
H00922.CSI,20211111,8477.2232,,,,8354.033,123.1902,1.4746,,
H00922.CSI,20211110,8354.033,,,,8362.6416,-8.6086,-0.1029,,
H00922.CSI,20211109,8362.6416,,,,8319.4509,43.1907,0.5192,,
H00922.CSI,20211108,8319.4509,,,,8268.5244,50.9265,0.6159,,
H00922.CSI,20211105,8268.5244,,,,8390.6178,-122.0934,-1.4551,,
H00922.CSI,20211104,8390.6178,,,,8388.3683,2.2495,0.0268,,
H00922.CSI,20211103,8388.3683,,,,8279.75,108.6183,1.3119,,
H00922.CSI,20211102,8279.75,,,,8451.9539,-172.2039,-2.0374,,
H00922.CSI,20211101,8451.9539,,,,8408.6358,43.3181,0.5152,,
H00922.CSI,20211029,8408.6358,,,,8366.8579,41.7779,0.4993,,
H00922.CSI,20211028,8366.8579,,,,8560.9818,-194.1239,-2.2675,,
H00922.CSI,20211027,8560.9818,,,,8692.3681,-131.3863,-1.5115,,
H00922.CSI,20211026,8692.3681,,,,8731.5079,-39.1398,-0.4483,,
H00922.CSI,20211025,8731.5079,,,,8722.2771,9.2308,0.1058,,
H00922.CSI,20211022,8722.2771,,,,8880.3351,-158.058,-1.7799,,
H00922.CSI,20211021,8880.3351,,,,8816.332,64.0031,0.726,,
H00922.CSI,20211020,8816.332,,,,8903.8369,-87.5049,-0.9828,,
H00922.CSI,20211019,8903.8369,,,,8841.3554,62.4815,0.7067,,
H00922.CSI,20211018,8841.3554,,,,8711.2964,130.059,1.493,,
H00922.CSI,20211015,8711.2964,,,,8684.3494,26.947,0.3103,,
H00922.CSI,20211014,8684.3494,,,,8718.576,-34.2266,-0.3926,,
H00922.CSI,20211013,8718.576,,,,8780.3693,-61.7933,-0.7038,,
H00922.CSI,20211012,8780.3693,,,,8928.6196,-148.2503,-1.6604,,
H00922.CSI,20211011,8928.6196,,,,8876.5229,52.0967,0.5869,,
H00922.CSI,20211008,8876.5229,,,,8878.0538,-1.5309,-0.0172,,
H00922.CSI,20210930,8878.0538,,,,8734.5999,143.4539,1.6424,,
H00922.CSI,20210929,8734.5999,,,,9020.4154,-285.8155,-3.1685,,
H00922.CSI,20210928,9020.4154,,,,8879.8902,140.5252,1.5825,,
H00922.CSI,20210927,8879.8902,,,,9138.6822,-258.792,-2.8318,,
H00922.CSI,20210924,9138.6822,,,,9437.1048,-298.4226,-3.1622,,
H00922.CSI,20210923,9437.1048,,,,9424.6208,12.484,0.1325,,
H00922.CSI,20210922,9424.6208,,,,9292.4804,132.1404,1.422,,
H00922.CSI,20210917,9292.4804,,,,9467.0702,-174.5898,-1.8442,,
H00922.CSI,20210916,9467.0702,,,,9612.0221,-144.9519,-1.508,,
H00922.CSI,20210915,9612.0221,,,,9584.3611,27.661,0.2886,,
H00922.CSI,20210914,9584.3611,,,,9756.0219,-171.6608,-1.7595,,
H00922.CSI,20210913,9756.0219,,,,9580.7005,175.3214,1.8299,,
H00922.CSI,20210910,9580.7005,,,,9712.068,-131.3675,-1.3526,,
H00922.CSI,20210909,9712.068,,,,9531.4202,180.6478,1.8953,,
H00922.CSI,20210908,9531.4202,,,,9451.8682,79.552,0.8417,,
H00922.CSI,20210907,9451.8682,,,,9266.2216,185.6466,2.0035,,
H00922.CSI,20210906,9266.2216,,,,9180.4035,85.8181,0.9348,,
H00922.CSI,20210903,9180.4035,,,,9207.7687,-27.3652,-0.2972,,
H00922.CSI,20210902,9207.7687,,,,9060.5642,147.2045,1.6247,,
H00922.CSI,20210901,9060.5642,,,,9102.7447,-42.1805,-0.4634,,
H00922.CSI,20210831,9102.7447,,,,8909.2942,193.4505,2.1713,,
H00922.CSI,20210830,8909.2942,,,,8857.1101,52.1841,0.5892,,
H00922.CSI,20210827,8857.1101,,,,8796.58,60.5301,0.6881,,
H00922.CSI,20210826,8796.58,,,,8762.1232,34.4568,0.3932,,
H00922.CSI,20210825,8762.1232,,,,8654.756,107.3672,1.2406,,
H00922.CSI,20210824,8654.756,,,,8583.1172,71.6388,0.8346,,
H00922.CSI,20210823,8583.1172,,,,8484.9015,98.2157,1.1575,,
H00922.CSI,20210820,8484.9015,,,,8472.8042,12.0973,0.1428,,
H00922.CSI,20210819,8472.8042,,,,8521.3668,-48.5626,-0.5699,,
H00922.CSI,20210818,8521.3668,,,,8466.0481,55.3187,0.6534,,
H00922.CSI,20210817,8466.0481,,,,8629.3964,-163.3483,-1.8929,,
H00922.CSI,20210816,8629.3964,,,,8626.0622,3.3342,0.0387,,
H00922.CSI,20210813,8626.0622,,,,8615.0435,11.0187,0.1279,,
H00922.CSI,20210812,8615.0435,,,,8504.4198,110.6237,1.3008,,
H00922.CSI,20210811,8504.4198,,,,8373.5022,130.9176,1.5635,,
H00922.CSI,20210810,8373.5022,,,,8354.0965,19.4057,0.2323,,
H00922.CSI,20210809,8354.0965,,,,8239.0854,115.0111,1.3959,,
H00922.CSI,20210806,8239.0854,,,,8195.7699,43.3155,0.5285,,
H00922.CSI,20210805,8195.7699,,,,8246.0702,-50.3003,-0.61,,
H00922.CSI,20210804,8246.0702,,,,8120.7505,125.3197,1.5432,,
H00922.CSI,20210803,8120.7505,,,,8219.0986,-98.3481,-1.1966,,
H00922.CSI,20210802,8219.0986,,,,8196.4721,22.6265,0.2761,,
H00922.CSI,20210730,8196.4721,,,,8093.0796,103.3925,1.2775,,
H00922.CSI,20210729,8093.0796,,,,8002.8371,90.2425,1.1276,,
H00922.CSI,20210728,8002.8371,,,,8092.816,-89.9789,-1.1118,,
H00922.CSI,20210727,8092.816,,,,8335.9332,-243.1172,-2.9165,,
H00922.CSI,20210726,8335.9332,,,,8504.0936,-168.1604,-1.9774,,
H00922.CSI,20210723,8504.0936,,,,8619.7358,-115.6422,-1.3416,,
H00922.CSI,20210722,8619.7358,,,,8526.4013,93.3345,1.0947,,
H00922.CSI,20210721,8526.4013,,,,8523.7652,2.6361,0.0309,,
H00922.CSI,20210720,8523.7652,,,,8548.0891,-24.3239,-0.2846,,
H00922.CSI,20210719,8548.0891,,,,8567.0263,-18.9372,-0.221,,
H00922.CSI,20210716,8567.0263,,,,8547.5708,19.4555,0.2276,,
H00922.CSI,20210715,8547.5708,,,,8495.125,52.4458,0.6174,,
H00922.CSI,20210714,8495.125,,,,8542.6151,-47.4901,-0.5559,,
H00922.CSI,20210713,8542.6151,,,,8478.092,64.5231,0.7611,,
H00922.CSI,20210712,8478.092,,,,8408.2716,69.8204,0.8304,,
H00922.CSI,20210709,8408.2716,,,,8323.0796,85.192,1.0236,,
H00922.CSI,20210708,8323.0796,,,,8473.665,-150.5854,-1.7771,,
H00922.CSI,20210707,8473.665,,,,8453.6862,19.9788,0.2363,,
H00922.CSI,20210706,8453.6862,,,,8462.0634,-8.3772,-0.099,,
H00922.CSI,20210705,8462.0634,,,,8443.7217,18.3417,0.2172,,
H00922.CSI,20210702,8443.7217,,,,8501.2171,-57.4954,-0.6763,,
H00922.CSI,20210701,8501.2171,,,,8539.4014,-38.1843,-0.4472,,
H00922.CSI,20210630,8539.4014,,,,8508.735,30.6664,0.3604,,
H00922.CSI,20210629,8508.735,,,,8516.805,-8.07,-0.0948,,
H00922.CSI,20210628,8516.805,,,,8586.021,-69.216,-0.8061,,
H00922.CSI,20210625,8586.021,,,,8544.3345,41.6865,0.4879,,
H00922.CSI,20210624,8544.3345,,,,8550.195,-5.8605,-0.0685,,
H00922.CSI,20210623,8550.195,,,,8430.1967,119.9983,1.4234,,
H00922.CSI,20210622,8430.1967,,,,8331.6281,98.5686,1.1831,,
H00922.CSI,20210621,8331.6281,,,,8287.499,44.1291,0.5325,,
H00922.CSI,20210618,8287.499,,,,8292.2374,-4.7384,-0.0571,,
H00922.CSI,20210617,8292.2374,,,,8295.2175,-2.9801,-0.0359,,
H00922.CSI,20210616,8295.2175,,,,8405.0307,-109.8132,-1.3065,,
H00922.CSI,20210615,8405.0307,,,,8474.4772,-69.4465,-0.8195,,
H00922.CSI,20210611,8474.4772,,,,8502.2405,-27.7633,-0.3265,,
H00922.CSI,20210610,8502.2405,,,,8481.9901,20.2504,0.2387,,
H00922.CSI,20210609,8481.9901,,,,8452.9918,28.9983,0.3431,,
H00922.CSI,20210608,8452.9918,,,,8498.3598,-45.368,-0.5338,,
H00922.CSI,20210607,8498.3598,,,,8513.5797,-15.2199,-0.1788,,
H00922.CSI,20210604,8513.5797,,,,8538.4055,-24.8258,-0.2908,,
H00922.CSI,20210603,8538.4055,,,,8544.9989,-6.5934,-0.0772,,
H00922.CSI,20210602,8544.9989,,,,8588.1766,-43.1777,-0.5028,,
H00922.CSI,20210601,8588.1766,,,,8527.1836,60.993,0.7153,,
H00922.CSI,20210531,8527.1836,,,,8450.4471,76.7365,0.9081,,
H00922.CSI,20210528,8450.4471,,,,8432.928,17.5191,0.2077,,
H00922.CSI,20210527,8432.928,,,,8392.6578,40.2702,0.4798,,
H00922.CSI,20210526,8392.6578,,,,8332.6139,60.0439,0.7206,,
H00922.CSI,20210525,8332.6139,,,,8229.1334,103.4805,1.2575,,
H00922.CSI,20210524,8229.1334,,,,8175.7223,53.4111,0.6533,,
H00922.CSI,20210521,8175.7223,,,,8139.7513,35.971,0.4419,,
H00922.CSI,20210520,8139.7513,,,,8258.8032,-119.0519,-1.4415,,
H00922.CSI,20210519,8258.8032,,,,8262.0601,-3.2569,-0.0394,,
H00922.CSI,20210518,8262.0601,,,,8216.7084,45.3517,0.5519,,
H00922.CSI,20210517,8216.7084,,,,8227.9705,-11.2621,-0.1369,,
H00922.CSI,20210514,8227.9705,,,,8171.435,56.5355,0.6919,,
H00922.CSI,20210513,8171.435,,,,8265.7118,-94.2768,-1.1406,,
H00922.CSI,20210512,8265.7118,,,,8189.8487,75.8631,0.9263,,
H00922.CSI,20210511,8189.8487,,,,8266.5624,-76.7137,-0.928,,
H00922.CSI,20210510,8266.5624,,,,8196.5487,70.0137,0.8542,,
H00922.CSI,20210507,8196.5487,,,,8180.0596,16.4891,0.2016,,
H00922.CSI,20210506,8180.0596,,,,8061.4828,118.5768,1.4709,,
H00922.CSI,20210430,8061.4828,,,,8099.3366,-37.8538,-0.4674,,
H00922.CSI,20210429,8099.3366,,,,8052.6638,46.6728,0.5796,,
H00922.CSI,20210428,8052.6638,,,,8001.034,51.6298,0.6453,,
H00922.CSI,20210427,8001.034,,,,7998.7361,2.2979,0.0287,,
H00922.CSI,20210426,7998.7361,,,,8055.4922,-56.7561,-0.7046,,
H00922.CSI,20210423,8055.4922,,,,8079.6172,-24.125,-0.2986,,
H00922.CSI,20210422,8079.6172,,,,8045.6797,33.9375,0.4218,,
H00922.CSI,20210421,8045.6797,,,,8054.1553,-8.4756,-0.1052,,
H00922.CSI,20210420,8054.1553,,,,8058.1417,-3.9864,-0.0495,,
H00922.CSI,20210419,8058.1417,,,,8009.5236,48.6181,0.607,,
H00922.CSI,20210416,8009.5236,,,,7913.5506,95.973,1.2128,,
H00922.CSI,20210415,7913.5506,,,,7905.0534,8.4972,0.1075,,
H00922.CSI,20210414,7905.0534,,,,7846.4404,58.613,0.747,,
H00922.CSI,20210413,7846.4404,,,,7915.242,-68.8016,-0.8692,,
H00922.CSI,20210412,7915.242,,,,7951.6289,-36.3869,-0.4576,,
H00922.CSI,20210409,7951.6289,,,,7944.0043,7.6246,0.096,,
H00922.CSI,20210408,7944.0043,,,,7961.3875,-17.3832,-0.2183,,
H00922.CSI,20210407,7961.3875,,,,7893.7095,67.678,0.8574,,
H00922.CSI,20210406,7893.7095,,,,7859.4858,34.2237,0.4354,,
H00922.CSI,20210402,7859.4858,,,,7905.4323,-45.9465,-0.5812,,
H00922.CSI,20210401,7905.4323,,,,7843.826,61.6063,0.7854,,
H00922.CSI,20210331,7843.826,,,,7867.4558,-23.6298,-0.3003,,
H00922.CSI,20210330,7867.4558,,,,7877.9505,-10.4947,-0.1332,,
H00922.CSI,20210329,7877.9505,,,,7790.7603,87.1902,1.1191,,
H00922.CSI,20210326,7790.7603,,,,7695.0207,95.7396,1.2442,,
H00922.CSI,20210325,7695.0207,,,,7723.5782,-28.5575,-0.3697,,
H00922.CSI,20210324,7723.5782,,,,7845.6888,-122.1106,-1.5564,,
H00922.CSI,20210323,7845.6888,,,,7959.8047,-114.1159,-1.4337,,
H00922.CSI,20210322,7959.8047,,,,7852.2392,107.5655,1.3699,,
H00922.CSI,20210319,7852.2392,,,,7931.2036,-78.9644,-0.9956,,
H00922.CSI,20210318,7931.2036,,,,7902.4519,28.7517,0.3638,,
H00922.CSI,20210317,7902.4519,,,,7940.0805,-37.6286,-0.4739,,
H00922.CSI,20210316,7940.0805,,,,7888.2697,51.8108,0.6568,,
H00922.CSI,20210315,7888.2697,,,,7869.6978,18.5719,0.236,,
H00922.CSI,20210312,7869.6978,,,,7805.0016,64.6962,0.8289,,
H00922.CSI,20210311,7805.0016,,,,7630.7249,174.2767,2.2839,,
H00922.CSI,20210310,7630.7249,,,,7671.8136,-41.0887,-0.5356,,
H00922.CSI,20210309,7671.8136,,,,7735.2956,-63.482,-0.8207,,
H00922.CSI,20210308,7735.2956,,,,7803.511,-68.2154,-0.8742,,
H00922.CSI,20210305,7803.511,,,,7853.1191,-49.6081,-0.6317,,
H00922.CSI,20210304,7853.1191,,,,7913.828,-60.7089,-0.7671,,
H00922.CSI,20210303,7913.828,,,,7733.7942,180.0338,2.3279,,
H00922.CSI,20210302,7733.7942,,,,7801.5774,-67.7832,-0.8688,,
H00922.CSI,20210301,7801.5774,,,,7646.2814,155.296,2.031,,
H00922.CSI,20210226,7646.2814,,,,7808.0924,-161.811,-2.0723,,
H00922.CSI,20210225,7808.0924,,,,7698.5031,109.5893,1.4235,,
H00922.CSI,20210224,7698.5031,,,,7783.3162,-84.8131,-1.0897,,
H00922.CSI,20210223,7783.3162,,,,7842.0172,-58.701,-0.7485,,
H00922.CSI,20210222,7842.0172,,,,7758.1139,83.9033,1.0815,,
H00922.CSI,20210219,7758.1139,,,,7624.8699,133.244,1.7475,,
H00922.CSI,20210218,7624.8699,,,,7444.2084,180.6615,2.4269,,
H00922.CSI,20210210,7444.2084,,,,7390.9133,53.2951,0.7211,,
H00922.CSI,20210209,7390.9133,,,,7299.4566,91.4567,1.2529,,
H00922.CSI,20210208,7299.4566,,,,7226.4414,73.0152,1.0104,,
H00922.CSI,20210205,7226.4414,,,,7200.5286,25.9128,0.3599,,
H00922.CSI,20210204,7200.5286,,,,7272.7383,-72.2097,-0.9929,,
H00922.CSI,20210203,7272.7383,,,,7332.1878,-59.4495,-0.8108,,
H00922.CSI,20210202,7332.1878,,,,7283.0745,49.1133,0.6743,,
H00922.CSI,20210201,7283.0745,,,,7201.0403,82.0342,1.1392,,
H00922.CSI,20210129,7201.0403,,,,7262.8919,-61.8516,-0.8516,,
H00922.CSI,20210128,7262.8919,,,,7367.254,-104.3621,-1.4166,,
H00922.CSI,20210127,7367.254,,,,7361.3488,5.9052,0.0802,,
H00922.CSI,20210126,7361.3488,,,,7408.8042,-47.4554,-0.6405,,
H00922.CSI,20210125,7408.8042,,,,7517.2346,-108.4304,-1.4424,,
H00922.CSI,20210122,7517.2346,,,,7599.6874,-82.4528,-1.0849,,
H00922.CSI,20210121,7599.6874,,,,7566.5157,33.1717,0.4384,,
H00922.CSI,20210120,7566.5157,,,,7577.536,-11.0203,-0.1454,,
H00922.CSI,20210119,7577.536,,,,7537.5024,40.0336,0.5311,,
H00922.CSI,20210118,7537.5024,,,,7480.6871,56.8153,0.7595,,
H00922.CSI,20210115,7480.6871,,,,7437.1278,43.5593,0.5857,,
H00922.CSI,20210114,7437.1278,,,,7463.9139,-26.7861,-0.3589,,
H00922.CSI,20210113,7463.9139,,,,7474.9892,-11.0753,-0.1482,,
H00922.CSI,20210112,7474.9892,,,,7414.515,60.4742,0.8156,,
H00922.CSI,20210111,7414.515,,,,7497.6859,-83.1709,-1.1093,,
H00922.CSI,20210108,7497.6859,,,,7475.9075,21.7784,0.2913,,
H00922.CSI,20210107,7475.9075,,,,7526.9748,-51.0673,-0.6785,,
H00922.CSI,20210106,7526.9748,,,,7509.616,17.3588,0.2312,,
H00922.CSI,20210105,7509.616,,,,7493.0197,16.5963,0.2215,,
H00922.CSI,20210104,7493.0197,,,,7467.4864,25.5333,0.3419,,
H00922.CSI,20201231,7467.4864,,,,7412.9062,54.5802,0.7363,,
H00922.CSI,20201230,7412.9062,,,,7383.0538,29.8524,0.4043,,
H00922.CSI,20201229,7383.0538,,,,7445.6291,-62.5753,-0.8404,,
H00922.CSI,20201228,7445.6291,,,,7495.5485,-49.9194,-0.666,,
H00922.CSI,20201225,7495.5485,,,,7442.3221,53.2264,0.7152,,
H00922.CSI,20201224,7442.3221,,,,7511.6341,-69.312,-0.9227,,
H00922.CSI,20201223,7511.6341,,,,7507.5785,4.0556,0.054,,
H00922.CSI,20201222,7507.5785,,,,7683.443,-175.8645,-2.2889,,
H00922.CSI,20201221,7683.443,,,,7658.7398,24.7032,0.3225,,
H00922.CSI,20201218,7658.7398,,,,7625.0652,33.6746,0.4416,,
H00922.CSI,20201217,7625.0652,,,,7548.7526,76.3126,1.0109,,
H00922.CSI,20201216,7548.7526,,,,7579.8318,-31.0792,-0.41,,
H00922.CSI,20201215,7579.8318,,,,7594.9811,-15.1493,-0.1995,,
H00922.CSI,20201214,7594.9811,,,,7648.147,-53.1659,-0.6951,,
H00922.CSI,20201211,7648.147,,,,7694.4091,-46.2621,-0.6012,,
H00922.CSI,20201210,7694.4091,,,,7681.5209,12.8882,0.1678,,
H00922.CSI,20201209,7681.5209,,,,7777.8415,-96.3206,-1.2384,,
H00922.CSI,20201208,7777.8415,,,,7800.8751,-23.0336,-0.2953,,
H00922.CSI,20201207,7800.8751,,,,7880.5099,-79.6348,-1.0105,,
H00922.CSI,20201204,7880.5099,,,,7891.4793,-10.9694,-0.139,,
H00922.CSI,20201203,7891.4793,,,,7947.6719,-56.1926,-0.707,,
H00922.CSI,20201202,7947.6719,,,,7934.5706,13.1013,0.1651,,
H00922.CSI,20201201,7934.5706,,,,7828.3041,106.2665,1.3575,,
H00922.CSI,20201130,7828.3041,,,,7914.8105,-86.5064,-1.093,,
H00922.CSI,20201127,7914.8105,,,,7859.4798,55.3307,0.704,,
H00922.CSI,20201126,7859.4798,,,,7890.5519,-31.0721,-0.3938,,
H00922.CSI,20201125,7890.5519,,,,7999.7937,-109.2418,-1.3656,,
H00922.CSI,20201124,7999.7937,,,,8031.0488,-31.2551,-0.3892,,
H00922.CSI,20201123,8031.0488,,,,7920.2205,110.8283,1.3993,,
H00922.CSI,20201120,7920.2205,,,,7879.757,40.4635,0.5135,,
H00922.CSI,20201119,7879.757,,,,7912.9961,-33.2391,-0.4201,,
H00922.CSI,20201118,7912.9961,,,,7882.7301,30.266,0.384,,
H00922.CSI,20201117,7882.7301,,,,7830.0359,52.6942,0.673,,
H00922.CSI,20201116,7830.0359,,,,7669.7998,160.2361,2.0892,,
H00922.CSI,20201113,7669.7998,,,,7721.2069,-51.4071,-0.6658,,
H00922.CSI,20201112,7721.2069,,,,7678.0852,43.1217,0.5616,,
H00922.CSI,20201111,7678.0852,,,,7643.6632,34.422,0.4503,,
H00922.CSI,20201110,7643.6632,,,,7668.297,-24.6338,-0.3212,,
H00922.CSI,20201109,7668.297,,,,7544.7417,123.5553,1.6376,,
H00922.CSI,20201106,7544.7417,,,,7532.7678,11.9739,0.159,,
H00922.CSI,20201105,7532.7678,,,,7404.8852,127.8826,1.727,,
H00922.CSI,20201104,7404.8852,,,,7363.8786,41.0066,0.5569,,
H00922.CSI,20201103,7363.8786,,,,7273.071,90.8076,1.2485,,
H00922.CSI,20201102,7273.071,,,,7202.8662,70.2048,0.9747,,
H00922.CSI,20201030,7202.8662,,,,7313.81,-110.9438,-1.5169,,
H00922.CSI,20201029,7313.81,,,,7275.6539,38.1561,0.5244,,
H00922.CSI,20201028,7275.6539,,,,7276.42,-0.7661,-0.0105,,
H00922.CSI,20201027,7276.42,,,,7300.7412,-24.3212,-0.3331,,
H00922.CSI,20201026,7300.7412,,,,7289.5338,11.2074,0.1537,,
H00922.CSI,20201023,7289.5338,,,,7346.9645,-57.4307,-0.7817,,
H00922.CSI,20201022,7346.9645,,,,7404.7082,-57.7437,-0.7798,,
H00922.CSI,20201021,7404.7082,,,,7429.2535,-24.5453,-0.3304,,
H00922.CSI,20201020,7429.2535,,,,7422.2005,7.053,0.095,,
H00922.CSI,20201019,7422.2005,,,,7473.6414,-51.4409,-0.6883,,
H00922.CSI,20201016,7473.6414,,,,7453.8531,19.7883,0.2655,,
H00922.CSI,20201015,7453.8531,,,,7483.9406,-30.0875,-0.402,,
H00922.CSI,20201014,7483.9406,,,,7485.1566,-1.216,-0.0162,,
H00922.CSI,20201013,7485.1566,,,,7470.3654,14.7912,0.198,,
H00922.CSI,20201012,7470.3654,,,,7289.6488,180.7166,2.4791,,
H00922.CSI,20201009,7289.6488,,,,7132.7006,156.9482,2.2004,,
H00922.CSI,20200930,7132.7006,,,,7168.212,-35.5114,-0.4954,,
H00922.CSI,20200929,7168.212,,,,7139.2256,28.9864,0.406,,
H00922.CSI,20200928,7139.2256,,,,7145.425,-6.1994,-0.0868,,
H00922.CSI,20200925,7145.425,,,,7187.2741,-41.8491,-0.5823,,
H00922.CSI,20200924,7187.2741,,,,7323.2109,-135.9368,-1.8562,,
H00922.CSI,20200923,7323.2109,,,,7312.7213,10.4896,0.1434,,
H00922.CSI,20200922,7312.7213,,,,7419.637,-106.9157,-1.441,,
H00922.CSI,20200921,7419.637,,,,7465.171,-45.534,-0.61,,
H00922.CSI,20200918,7465.171,,,,7349.8126,115.3584,1.5695,,
H00922.CSI,20200917,7349.8126,,,,7321.6163,28.1963,0.3851,,
H00922.CSI,20200916,7321.6163,,,,7324.1859,-2.5696,-0.0351,,
H00922.CSI,20200915,7324.1859,,,,7290.6742,33.5117,0.4597,,
H00922.CSI,20200914,7290.6742,,,,7259.2754,31.3988,0.4325,,
H00922.CSI,20200911,7259.2754,,,,7229.1853,30.0901,0.4162,,
H00922.CSI,20200910,7229.1853,,,,7296.9421,-67.7568,-0.9286,,
H00922.CSI,20200909,7296.9421,,,,7409.2476,-112.3055,-1.5157,,
H00922.CSI,20200908,7409.2476,,,,7366.434,42.8136,0.5812,,
H00922.CSI,20200907,7366.434,,,,7451.6635,-85.2295,-1.1438,,
H00922.CSI,20200904,7451.6635,,,,7473.0508,-21.3873,-0.2862,,
H00922.CSI,20200903,7473.0508,,,,7484.5384,-11.4876,-0.1535,,
H00922.CSI,20200902,7484.5384,,,,7490.9414,-6.403,-0.0855,,
H00922.CSI,20200901,7490.9414,,,,7476.6518,14.2896,0.1911,,
H00922.CSI,20200831,7476.6518,,,,7516.4781,-39.8263,-0.5299,,
H00922.CSI,20200828,7516.4781,,,,7386.5277,129.9504,1.7593,,
H00922.CSI,20200827,7386.5277,,,,7342.8951,43.6326,0.5942,,
H00922.CSI,20200826,7342.8951,,,,7467.3463,-124.4512,-1.6666,,
H00922.CSI,20200825,7467.3463,,,,7473.1375,-5.7912,-0.0775,,
H00922.CSI,20200824,7473.1375,,,,7430.4003,42.7372,0.5752,,
H00922.CSI,20200821,7430.4003,,,,7434.5297,-4.1294,-0.0555,,
H00922.CSI,20200820,7434.5297,,,,7491.4342,-56.9045,-0.7596,,
H00922.CSI,20200819,7491.4342,,,,7563.5123,-72.0781,-0.953,,
H00922.CSI,20200818,7563.5123,,,,7548.9688,14.5435,0.1927,,
H00922.CSI,20200817,7548.9688,,,,7395.0987,153.8701,2.0807,,
H00922.CSI,20200814,7395.0987,,,,7337.3074,57.7913,0.7876,,
H00922.CSI,20200813,7337.3074,,,,7309.7899,27.5175,0.3764,,
H00922.CSI,20200812,7309.7899,,,,7356.3812,-46.5913,-0.6333,,
H00922.CSI,20200811,7356.3812,,,,7431.2326,-74.8514,-1.0073,,
H00922.CSI,20200810,7431.2326,,,,7335.9827,95.2499,1.2984,,
H00922.CSI,20200807,7335.9827,,,,7392.5449,-56.5622,-0.7651,,
H00922.CSI,20200806,7392.5449,,,,7387.2374,5.3075,0.0718,,
H00922.CSI,20200805,7387.2374,,,,7391.513,-4.2756,-0.0578,,
H00922.CSI,20200804,7391.513,,,,7370.8306,20.6824,0.2806,,
H00922.CSI,20200803,7370.8306,,,,7230.281,140.5496,1.9439,,
H00922.CSI,20200731,7230.281,,,,7167.1532,63.1278,0.8808,,
H00922.CSI,20200730,7167.1532,,,,7170.7103,-3.5571,-0.0496,,
H00922.CSI,20200729,7170.7103,,,,7050.8232,119.8871,1.7003,,
H00922.CSI,20200728,7050.8232,,,,6984.1355,66.6877,0.9548,,
H00922.CSI,20200727,6984.1355,,,,7002.9436,-18.8081,-0.2686,,
H00922.CSI,20200724,7002.9436,,,,7274.6558,-271.7122,-3.7351,,
H00922.CSI,20200723,7274.6558,,,,7358.2623,-83.6065,-1.1362,,
H00922.CSI,20200722,7358.2623,,,,7363.8926,-5.6303,-0.0765,,
H00922.CSI,20200721,7363.8926,,,,7377.2375,-13.3449,-0.1809,,
H00922.CSI,20200720,7377.2375,,,,7070.5404,306.6971,4.3377,,
H00922.CSI,20200717,7070.5404,,,,7025.2863,45.2541,0.6442,,
H00922.CSI,20200716,7025.2863,,,,7254.4193,-229.133,-3.1585,,
H00922.CSI,20200715,7254.4193,,,,7383.2776,-128.8583,-1.7453,,
H00922.CSI,20200714,7383.2776,,,,7417.8835,-34.6059,-0.4665,,
H00922.CSI,20200713,7417.8835,,,,7220.1623,197.7212,2.7385,,
H00922.CSI,20200710,7220.1623,,,,7368.6078,-148.4455,-2.0146,,
H00922.CSI,20200709,7368.6078,,,,7298.812,69.7958,0.9563,,
H00922.CSI,20200708,7298.812,,,,7210.2039,88.6081,1.2289,,
H00922.CSI,20200707,7210.2039,,,,7238.2114,-28.0075,-0.3869,,
H00922.CSI,20200706,7238.2114,,,,6875.065,363.1464,5.2821,,
H00922.CSI,20200703,6875.065,,,,6799.8688,75.1962,1.1058,,
H00922.CSI,20200702,6799.8688,,,,6643.301,156.5678,2.3568,,
H00922.CSI,20200701,6643.301,,,,6526.151,117.15,1.7951,,
H00922.CSI,20200630,6526.151,,,,6466.9939,59.1571,0.9148,,
H00922.CSI,20200629,6466.9939,,,,6497.3985,-30.4046,-0.468,,
H00922.CSI,20200624,6497.3985,,,,6483.8464,13.5521,0.209,,
H00922.CSI,20200623,6483.8464,,,,6484.7112,-0.8648,-0.0133,,
H00922.CSI,20200622,6484.7112,,,,6527.9536,-43.2424,-0.6624,,
H00922.CSI,20200619,6527.9536,,,,6514.0767,13.8769,0.213,,
H00922.CSI,20200618,6514.0767,,,,6455.2841,58.7926,0.9108,,
H00922.CSI,20200617,6455.2841,,,,6442.0003,13.2838,0.2062,,
H00922.CSI,20200616,6442.0003,,,,6334.1073,107.893,1.7034,,
H00922.CSI,20200615,6334.1073,,,,6378.7529,-44.6456,-0.6999,,
H00922.CSI,20200612,6378.7529,,,,6387.8685,-9.1156,-0.1427,,
H00922.CSI,20200611,6387.8685,,,,6439.4927,-51.6242,-0.8017,,
H00922.CSI,20200610,6439.4927,,,,6465.3406,-25.8479,-0.3998,,
H00922.CSI,20200609,6465.3406,,,,6439.267,26.0736,0.4049,,
H00922.CSI,20200608,6439.267,,,,6434.2568,5.0102,0.0779,,
H00922.CSI,20200605,6434.2568,,,,6454.9529,-20.6961,-0.3206,,
H00922.CSI,20200604,6454.9529,,,,6434.8704,20.0825,0.3121,,
H00922.CSI,20200603,6434.8704,,,,6430.229,4.6414,0.0722,,
H00922.CSI,20200602,6430.229,,,,6411.9727,18.2563,0.2847,,
H00922.CSI,20200601,6411.9727,,,,6285.1727,126.8,2.0174,,
H00922.CSI,20200529,6285.1727,,,,6311.2425,-26.0698,-0.4131,,
H00922.CSI,20200528,6311.2425,,,,6311.162,0.0805,0.0013,,
H00922.CSI,20200527,6311.162,,,,6283.9477,27.2143,0.4331,,
H00922.CSI,20200526,6283.9477,,,,6235.4967,48.451,0.777,,
H00922.CSI,20200525,6235.4967,,,,6203.9419,31.5548,0.5086,,
H00922.CSI,20200522,6203.9419,,,,6308.2256,-104.2837,-1.6531,,
H00922.CSI,20200521,6308.2256,,,,6342.9156,-34.69,-0.5469,,
H00922.CSI,20200520,6342.9156,,,,6390.682,-47.7664,-0.7474,,
H00922.CSI,20200519,6390.682,,,,6351.6782,39.0038,0.6141,,
H00922.CSI,20200518,6351.6782,,,,6350.5306,1.1476,0.0181,,
H00922.CSI,20200515,6350.5306,,,,6373.4408,-22.9102,-0.3595,,
H00922.CSI,20200514,6373.4408,,,,6441.4153,-67.9745,-1.0553,,
H00922.CSI,20200513,6441.4153,,,,6427.0559,14.3594,0.2234,,
H00922.CSI,20200512,6427.0559,,,,6448.001,-20.9451,-0.3248,,
H00922.CSI,20200511,6448.001,,,,6444.6781,3.3229,0.0516,,
H00922.CSI,20200508,6444.6781,,,,6394.2703,50.4078,0.7883,,
H00922.CSI,20200507,6394.2703,,,,6384.4708,9.7995,0.1535,,
H00922.CSI,20200506,6384.4708,,,,6378.1165,6.3543,0.0996,,
H00922.CSI,20200430,6378.1165,,,,6315.1359,62.9806,0.9973,,
H00922.CSI,20200429,6315.1359,,,,6253.9175,61.2184,0.9789,,
H00922.CSI,20200428,6253.9175,,,,6292.0137,-38.0962,-0.6055,,
H00922.CSI,20200427,6292.0137,,,,6255.3388,36.6749,0.5863,,
H00922.CSI,20200424,6255.3388,,,,6293.3694,-38.0306,-0.6043,,
H00922.CSI,20200423,6293.3694,,,,6312.9555,-19.5861,-0.3103,,
H00922.CSI,20200422,6312.9555,,,,6284.5929,28.3626,0.4513,,
H00922.CSI,20200421,6284.5929,,,,6322.8754,-38.2825,-0.6055,,
H00922.CSI,20200420,6322.8754,,,,6286.4797,36.3957,0.579,,
H00922.CSI,20200417,6286.4797,,,,6267.9426,18.5371,0.2957,,
H00922.CSI,20200416,6267.9426,,,,6287.2175,-19.2749,-0.3066,,
H00922.CSI,20200415,6287.2175,,,,6321.936,-34.7185,-0.5492,,
H00922.CSI,20200414,6321.936,,,,6242.4074,79.5286,1.274,,
H00922.CSI,20200413,6242.4074,,,,6258.7302,-16.3228,-0.2608,,
H00922.CSI,20200410,6258.7302,,,,6324.65,-65.9198,-1.0423,,
H00922.CSI,20200409,6324.65,,,,6307.2773,17.3727,0.2754,,
H00922.CSI,20200408,6307.2773,,,,6312.6003,-5.323,-0.0843,,
H00922.CSI,20200407,6312.6003,,,,6198.0546,114.5457,1.8481,,
H00922.CSI,20200403,6198.0546,,,,6230.9399,-32.8853,-0.5278,,
H00922.CSI,20200402,6230.9399,,,,6141.4336,89.5063,1.4574,,
H00922.CSI,20200401,6141.4336,,,,6179.02,-37.5864,-0.6083,,
H00922.CSI,20200331,6179.02,,,,6189.7332,-10.7132,-0.1731,,
H00922.CSI,20200330,6189.7332,,,,6270.4326,-80.6994,-1.287,,
H00922.CSI,20200327,6270.4326,,,,6224.8288,45.6038,0.7326,,
H00922.CSI,20200326,6224.8288,,,,6286.474,-61.6452,-0.9806,,
H00922.CSI,20200325,6286.474,,,,6158.7473,127.7267,2.0739,,
H00922.CSI,20200324,6158.7473,,,,6010.2568,148.4905,2.4706,,
H00922.CSI,20200323,6010.2568,,,,6189.1364,-178.8796,-2.8902,,
H00922.CSI,20200320,6189.1364,,,,6104.2872,84.8492,1.39,,
H00922.CSI,20200319,6104.2872,,,,6166.5296,-62.2424,-1.0094,,
H00922.CSI,20200318,6166.5296,,,,6257.1126,-90.583,-1.4477,,
H00922.CSI,20200317,6257.1126,,,,6279.9222,-22.8096,-0.3632,,
H00922.CSI,20200316,6279.9222,,,,6480.9821,-201.0599,-3.1023,,
H00922.CSI,20200313,6480.9821,,,,6584.2766,-103.2945,-1.5688,,
H00922.CSI,20200312,6584.2766,,,,6704.3369,-120.0603,-1.7908,,
H00922.CSI,20200311,6704.3369,,,,6763.4522,-59.1153,-0.874,,
H00922.CSI,20200310,6763.4522,,,,6645.0435,118.4087,1.7819,,
H00922.CSI,20200309,6645.0435,,,,6857.5256,-212.4821,-3.0985,,
H00922.CSI,20200306,6857.5256,,,,6939.8657,-82.3401,-1.1865,,
H00922.CSI,20200305,6939.8657,,,,6854.8912,84.9745,1.2396,,
H00922.CSI,20200304,6854.8912,,,,6767.6911,87.2001,1.2885,,
H00922.CSI,20200303,6767.6911,,,,6768.9415,-1.2504,-0.0185,,
H00922.CSI,20200302,6768.9415,,,,6512.0996,256.8419,3.9441,,
H00922.CSI,20200228,6512.0996,,,,6720.578,-208.4784,-3.1021,,
H00922.CSI,20200227,6720.578,,,,6712.0397,8.5383,0.1272,,
H00922.CSI,20200226,6712.0397,,,,6715.2143,-3.1746,-0.0473,,
H00922.CSI,20200225,6715.2143,,,,6782.8554,-67.6411,-0.9972,,
H00922.CSI,20200224,6782.8554,,,,6830.3966,-47.5412,-0.696,,
H00922.CSI,20200221,6830.3966,,,,6804.6039,25.7927,0.379,,
H00922.CSI,20200220,6804.6039,,,,6709.5732,95.0307,1.4163,,
H00922.CSI,20200219,6709.5732,,,,6736.4527,-26.8795,-0.399,,
H00922.CSI,20200218,6736.4527,,,,6722.5428,13.9099,0.2069,,
H00922.CSI,20200217,6722.5428,,,,6585.9331,136.6097,2.0743,,
H00922.CSI,20200214,6585.9331,,,,6536.4999,49.4332,0.7563,,
H00922.CSI,20200213,6536.4999,,,,6576.7455,-40.2456,-0.6119,,
H00922.CSI,20200212,6576.7455,,,,6535.1315,41.614,0.6368,,
H00922.CSI,20200211,6535.1315,,,,6512.8357,22.2958,0.3423,,
H00922.CSI,20200210,6512.8357,,,,6415.2601,97.5756,1.521,,
H00922.CSI,20200207,6415.2601,,,,6393.4963,21.7638,0.3404,,
H00922.CSI,20200206,6393.4963,,,,6314.3177,79.1786,1.254,,
H00922.CSI,20200205,6314.3177,,,,6242.0903,72.2274,1.1571,,
H00922.CSI,20200204,6242.0903,,,,6114.1233,127.967,2.093,,
H00922.CSI,20200203,6114.1233,,,,6712.0353,-597.912,-8.9081,,
H00922.CSI,20200123,6712.0353,,,,6898.5805,-186.5452,-2.7041,,
H00922.CSI,20200122,6898.5805,,,,6874.5088,24.0717,0.3502,,
H00922.CSI,20200121,6874.5088,,,,7003.264,-128.7552,-1.8385,,
H00922.CSI,20200120,7003.264,,,,6994.8715,8.3925,0.12,,
H00922.CSI,20200117,6994.8715,,,,6991.9307,2.9408,0.0421,,
H00922.CSI,20200116,6991.9307,,,,7028.653,-36.7223,-0.5225,,
H00922.CSI,20200115,7028.653,,,,7065.0819,-36.4289,-0.5156,,
H00922.CSI,20200114,7065.0819,,,,7057.745,7.3369,0.104,,
H00922.CSI,20200113,7057.745,,,,7008.5547,49.1903,0.7019,,
H00922.CSI,20200110,7008.5547,,,,7035.0957,-26.541,-0.3773,,
H00922.CSI,20200109,7035.0957,,,,6947.4345,87.6612,1.2618,,
H00922.CSI,20200108,6947.4345,,,,7029.4203,-81.9858,-1.1663,,
H00922.CSI,20200107,7029.4203,,,,6972.7726,56.6477,0.8124,,
H00922.CSI,20200106,6972.7726,,,,6997.4241,-24.6515,-0.3523,,
H00922.CSI,20200103,6997.4241,,,,6999.6775,-2.2534,-0.0322,,
H00922.CSI,20200102,6999.6775,,,,6902.5338,97.1437,1.4074,,
H00922.CSI,20191231,6902.5338,,,,6858.9778,43.556,0.635,,
H00922.CSI,20191230,6858.9778,,,,6768.7928,90.185,1.3324,,
H00922.CSI,20191227,6768.7928,,,,6781.4994,-12.7066,-0.1874,,
H00922.CSI,20191226,6781.4994,,,,6705.3348,76.1646,1.1359,,
H00922.CSI,20191225,6705.3348,,,,6714.5323,-9.1975,-0.137,,
H00922.CSI,20191224,6714.5323,,,,6677.0781,37.4542,0.5609,,
H00922.CSI,20191223,6677.0781,,,,6761.4907,-84.4126,-1.2484,,
H00922.CSI,20191220,6761.4907,,,,6792.1743,-30.6836,-0.4517,,
H00922.CSI,20191219,6792.1743,,,,6783.3616,8.8127,0.1299,,
H00922.CSI,20191218,6783.3616,,,,6796.3699,-13.0083,-0.1914,,
H00922.CSI,20191217,6796.3699,,,,6744.0402,52.3297,0.7759,,
H00922.CSI,20191216,6744.0402,,,,6693.848,50.1922,0.7498,,
H00922.CSI,20191213,6693.848,,,,6630.4488,63.3992,0.9562,,
H00922.CSI,20191212,6630.4488,,,,6621.8957,8.5531,0.1292,,
H00922.CSI,20191211,6621.8957,,,,6580.7749,41.1208,0.6249,,
H00922.CSI,20191210,6580.7749,,,,6584.4921,-3.7172,-0.0565,,
H00922.CSI,20191209,6584.4921,,,,6556.4464,28.0457,0.4278,,
H00922.CSI,20191206,6556.4464,,,,6546.2345,10.2119,0.156,,
H00922.CSI,20191205,6546.2345,,,,6516.3562,29.8783,0.4585,,
H00922.CSI,20191204,6516.3562,,,,6549.6042,-33.248,-0.5076,,
H00922.CSI,20191203,6549.6042,,,,6523.6572,25.947,0.3977,,
H00922.CSI,20191202,6523.6572,,,,6501.066,22.5912,0.3475,,
H00922.CSI,20191129,6501.066,,,,6513.6741,-12.6081,-0.1936,,
H00922.CSI,20191128,6513.6741,,,,6534.2369,-20.5628,-0.3147,,
H00922.CSI,20191127,6534.2369,,,,6567.5021,-33.2652,-0.5065,,
H00922.CSI,20191126,6567.5021,,,,6581.439,-13.9369,-0.2118,,
H00922.CSI,20191125,6581.439,,,,6495.8944,85.5446,1.3169,,
H00922.CSI,20191122,6495.8944,,,,6519.9929,-24.0985,-0.3696,,
H00922.CSI,20191121,6519.9929,,,,6524.9777,-4.9848,-0.0764,,
H00922.CSI,20191120,6524.9777,,,,6577.513,-52.5353,-0.7987,,
H00922.CSI,20191119,6577.513,,,,6508.4744,69.0386,1.0607,,
H00922.CSI,20191118,6508.4744,,,,6443.3255,65.1489,1.0111,,
H00922.CSI,20191115,6443.3255,,,,6511.2716,-67.9461,-1.0435,,
H00922.CSI,20191114,6511.2716,,,,6508.2248,3.0468,0.0468,,
H00922.CSI,20191113,6508.2248,,,,6540.0724,-31.8476,-0.487,,
H00922.CSI,20191112,6540.0724,,,,6522.1879,17.8845,0.2742,,
H00922.CSI,20191111,6522.1879,,,,6642.9258,-120.7379,-1.8175,,
H00922.CSI,20191108,6642.9258,,,,6656.1231,-13.1973,-0.1983,,
H00922.CSI,20191107,6656.1231,,,,6634.3505,21.7726,0.3282,,
H00922.CSI,20191106,6634.3505,,,,6682.9438,-48.5933,-0.7271,,
H00922.CSI,20191105,6682.9438,,,,6653.9279,29.0159,0.4361,,
H00922.CSI,20191104,6653.9279,,,,6639.4996,14.4283,0.2173,,
H00922.CSI,20191101,6639.4996,,,,6555.9821,83.5175,1.2739,,
H00922.CSI,20191031,6555.9821,,,,6596.486,-40.5039,-0.614,,
H00922.CSI,20191030,6596.486,,,,6652.0428,-55.5568,-0.8352,,
H00922.CSI,20191029,6652.0428,,,,6697.3676,-45.3248,-0.6768,,
H00922.CSI,20191028,6697.3676,,,,6663.4468,33.9208,0.5091,,
H00922.CSI,20191025,6663.4468,,,,6625.3586,38.0882,0.5749,,
H00922.CSI,20191024,6625.3586,,,,6614.7154,10.6432,0.1609,,
H00922.CSI,20191023,6614.7154,,,,6642.2631,-27.5477,-0.4147,,
H00922.CSI,20191022,6642.2631,,,,6612.1578,30.1053,0.4553,,
H00922.CSI,20191021,6612.1578,,,,6587.3239,24.8339,0.377,,
H00922.CSI,20191018,6587.3239,,,,6676.4027,-89.0788,-1.3342,,
H00922.CSI,20191017,6676.4027,,,,6698.0644,-21.6617,-0.3234,,
H00922.CSI,20191016,6698.0644,,,,6725.5509,-27.4865,-0.4087,,
H00922.CSI,20191015,6725.5509,,,,6773.0596,-47.5087,-0.7014,,
H00922.CSI,20191014,6773.0596,,,,6698.2017,74.8579,1.1176,,
H00922.CSI,20191011,6698.2017,,,,6658.9655,39.2362,0.5892,,
H00922.CSI,20191010,6658.9655,,,,6620.9723,37.9932,0.5738,,
H00922.CSI,20191009,6620.9723,,,,6563.4438,57.5285,0.8765,,
H00922.CSI,20191008,6563.4438,,,,6513.8626,49.5812,0.7612,,
H00922.CSI,20190930,6513.8626,,,,6549.7487,-35.8861,-0.5479,,
H00922.CSI,20190927,6549.7487,,,,6566.3612,-16.6125,-0.253,,
H00922.CSI,20190926,6566.3612,,,,6609.8487,-43.4875,-0.6579,,
H00922.CSI,20190925,6609.8487,,,,6691.362,-81.5133,-1.2182,,
H00922.CSI,20190924,6691.362,,,,6686.9398,4.4222,0.0661,,
H00922.CSI,20190923,6686.9398,,,,6776.3417,-89.4019,-1.3193,,
H00922.CSI,20190920,6776.3417,,,,6757.5751,18.7666,0.2777,,
H00922.CSI,20190919,6757.5751,,,,6743.7032,13.8719,0.2057,,
H00922.CSI,20190918,6743.7032,,,,6703.9155,39.7877,0.5935,,
H00922.CSI,20190917,6703.9155,,,,6814.7866,-110.8711,-1.6269,,
H00922.CSI,20190916,6814.7866,,,,6814.1071,0.6795,0.01,,
H00922.CSI,20190912,6814.1071,,,,6771.029,43.0781,0.6362,,
H00922.CSI,20190911,6771.029,,,,6795.4285,-24.3995,-0.3591,,
H00922.CSI,20190910,6795.4285,,,,6826.4882,-31.0597,-0.455,,
H00922.CSI,20190909,6826.4882,,,,6783.8173,42.6709,0.629,,
H00922.CSI,20190906,6783.8173,,,,6737.5322,46.2851,0.687,,
H00922.CSI,20190905,6737.5322,,,,6699.4979,38.0343,0.5677,,
H00922.CSI,20190904,6699.4979,,,,6615.3489,84.149,1.272,,
H00922.CSI,20190903,6615.3489,,,,6604.0636,11.2853,0.1709,,
H00922.CSI,20190902,6604.0636,,,,6509.3024,94.7612,1.4558,,
H00922.CSI,20190830,6509.3024,,,,6544.6528,-35.3504,-0.5401,,
H00922.CSI,20190829,6544.6528,,,,6576.9209,-32.2681,-0.4906,,
H00922.CSI,20190828,6576.9209,,,,6570.8297,6.0912,0.0927,,
H00922.CSI,20190827,6570.8297,,,,6485.9921,84.8376,1.308,,
H00922.CSI,20190826,6485.9921,,,,6559.3625,-73.3704,-1.1186,,
H00922.CSI,20190823,6559.3625,,,,6545.9412,13.4213,0.205,,
H00922.CSI,20190822,6545.9412,,,,6548.363,-2.4218,-0.037,,
H00922.CSI,20190821,6548.363,,,,6560.2913,-11.9283,-0.1818,,
H00922.CSI,20190820,6560.2913,,,,6563.9902,-3.6989,-0.0564,,
H00922.CSI,20190819,6563.9902,,,,6438.6677,125.3225,1.9464,,
H00922.CSI,20190816,6438.6677,,,,6430.6481,8.0196,0.1247,,
H00922.CSI,20190815,6430.6481,,,,6413.4673,17.1808,0.2679,,
H00922.CSI,20190814,6413.4673,,,,6381.371,32.0963,0.503,,
H00922.CSI,20190813,6381.371,,,,6427.7269,-46.3559,-0.7212,,
H00922.CSI,20190812,6427.7269,,,,6334.394,93.3329,1.4734,,
H00922.CSI,20190809,6334.394,,,,6389.9684,-55.5744,-0.8697,,
H00922.CSI,20190808,6389.9684,,,,6343.4602,46.5082,0.7332,,
H00922.CSI,20190807,6343.4602,,,,6359.9726,-16.5124,-0.2596,,
H00922.CSI,20190806,6359.9726,,,,6475.0224,-115.0498,-1.7768,,
H00922.CSI,20190805,6475.0224,,,,6577.2049,-102.1825,-1.5536,,
H00922.CSI,20190802,6577.2049,,,,6680.9296,-103.7247,-1.5525,,
H00922.CSI,20190801,6680.9296,,,,6728.47,-47.5404,-0.7066,,
H00922.CSI,20190731,6728.47,,,,6789.8114,-61.3414,-0.9034,,
H00922.CSI,20190730,6789.8114,,,,6749.174,40.6374,0.6021,,
H00922.CSI,20190729,6749.174,,,,6756.6998,-7.5258,-0.1114,,
H00922.CSI,20190726,6756.6998,,,,6739.2029,17.4969,0.2596,,
H00922.CSI,20190725,6739.2029,,,,6719.3717,19.8312,0.2951,,
H00922.CSI,20190724,6719.3717,,,,6682.2695,37.1022,0.5552,,
H00922.CSI,20190723,6682.2695,,,,6644.6481,37.6214,0.5662,,
H00922.CSI,20190722,6644.6481,,,,6722.2787,-77.6306,-1.1548,,
H00922.CSI,20190719,6722.2787,,,,6670.8912,51.3875,0.7703,,
H00922.CSI,20190718,6670.8912,,,,6763.2543,-92.3631,-1.3657,,
H00922.CSI,20190717,6763.2543,,,,6765.8024,-2.5481,-0.0377,,
H00922.CSI,20190716,6765.8024,,,,6766.3099,-0.5075,-0.0075,,
H00922.CSI,20190715,6766.3099,,,,6727.1612,39.1487,0.5819,,
H00922.CSI,20190712,6727.1612,,,,6688.5248,38.6364,0.5777,,
H00922.CSI,20190711,6688.5248,,,,6696.7959,-8.2711,-0.1235,,
H00922.CSI,20190710,6696.7959,,,,6749.5969,-52.801,-0.7823,,
H00922.CSI,20190709,6749.5969,,,,6727.7777,21.8192,0.3243,,
H00922.CSI,20190708,6727.7777,,,,6890.3043,-162.5266,-2.3588,,
H00922.CSI,20190705,6890.3043,,,,6859.1653,31.139,0.454,,
H00922.CSI,20190704,6859.1653,,,,6874.7535,-15.5882,-0.2267,,
H00922.CSI,20190703,6874.7535,,,,6888.1474,-13.3939,-0.1944,,
H00922.CSI,20190702,6888.1474,,,,6849.8168,38.3306,0.5596,,
H00922.CSI,20190701,6849.8168,,,,6727.8996,121.9172,1.8121,,
H00922.CSI,20190628,6727.8996,,,,6760.3588,-32.4592,-0.4801,,
H00922.CSI,20190627,6760.3588,,,,6721.4909,38.8679,0.5783,,
H00922.CSI,20190626,6721.4909,,,,6715.4191,6.0718,0.0904,,
H00922.CSI,20190625,6715.4191,,,,6792.5077,-77.0886,-1.1349,,
H00922.CSI,20190624,6792.5077,,,,6768.271,24.2367,0.3581,,
H00922.CSI,20190621,6768.271,,,,6755.818,12.453,0.1843,,
H00922.CSI,20190620,6755.818,,,,6645.8253,109.9927,1.6551,,
H00922.CSI,20190619,6645.8253,,,,6597.3986,48.4267,0.734,,
H00922.CSI,20190618,6597.3986,,,,6602.3723,-4.9737,-0.0753,,
H00922.CSI,20190617,6602.3723,,,,6601.2468,1.1255,0.017,,
H00922.CSI,20190614,6601.2468,,,,6663.4158,-62.169,-0.933,,
H00922.CSI,20190613,6663.4158,,,,6679.1405,-15.7247,-0.2354,,
H00922.CSI,20190612,6679.1405,,,,6743.2034,-64.0629,-0.95,,
H00922.CSI,20190611,6743.2034,,,,6559.473,183.7304,2.801,,
H00922.CSI,20190610,6559.473,,,,6501.7874,57.6856,0.8872,,
H00922.CSI,20190606,6501.7874,,,,6577.9429,-76.1555,-1.1577,,
H00922.CSI,20190605,6577.9429,,,,6599.2266,-21.2837,-0.3225,,
H00922.CSI,20190604,6599.2266,,,,6664.7915,-65.5649,-0.9838,,
H00922.CSI,20190603,6664.7915,,,,6723.688,-58.8965,-0.876,,
H00922.CSI,20190531,6723.688,,,,6718.3956,5.2924,0.0788,,
H00922.CSI,20190530,6718.3956,,,,6726.4856,-8.09,-0.1203,,
H00922.CSI,20190529,6726.4856,,,,6742.3627,-15.8771,-0.2355,,
H00922.CSI,20190528,6742.3627,,,,6679.8822,62.4805,0.9354,,
H00922.CSI,20190527,6679.8822,,,,6597.6039,82.2783,1.2471,,
H00922.CSI,20190524,6597.6039,,,,6599.4884,-1.8845,-0.0286,,
H00922.CSI,20190523,6599.4884,,,,6683.8889,-84.4005,-1.2627,,
H00922.CSI,20190522,6683.8889,,,,6719.5049,-35.616,-0.53,,
H00922.CSI,20190521,6719.5049,,,,6593.5872,125.9177,1.9097,,
H00922.CSI,20190520,6593.5872,,,,6647.1573,-53.5701,-0.8059,,
H00922.CSI,20190517,6647.1573,,,,6818.6578,-171.5005,-2.5152,,
H00922.CSI,20190516,6818.6578,,,,6787.6887,30.9691,0.4563,,
H00922.CSI,20190515,6787.6887,,,,6663.0026,124.6861,1.8713,,
H00922.CSI,20190514,6663.0026,,,,6700.3861,-37.3835,-0.5579,,
H00922.CSI,20190513,6700.3861,,,,6756.5125,-56.1264,-0.8307,,
H00922.CSI,20190510,6756.5125,,,,6575.7083,180.8042,2.7496,,
H00922.CSI,20190509,6575.7083,,,,6682.6822,-106.9739,-1.6008,,
H00922.CSI,20190508,6682.6822,,,,6760.2167,-77.5345,-1.1469,,
H00922.CSI,20190507,6760.2167,,,,6672.349,87.8677,1.3169,,
H00922.CSI,20190506,6672.349,,,,7059.9074,-387.5584,-5.4896,,
H00922.CSI,20190430,7059.9074,,,,6960.7507,99.1567,1.4245,,
H00922.CSI,20190429,6960.7507,,,,7010.348,-49.5973,-0.7075,,
H00922.CSI,20190426,7010.348,,,,7105.4519,-95.1039,-1.3385,,
H00922.CSI,20190425,7105.4519,,,,7295.5913,-190.1394,-2.6062,,
H00922.CSI,20190424,7295.5913,,,,7230.4342,65.1571,0.9012,,
H00922.CSI,20190423,7230.4342,,,,7286.2257,-55.7915,-0.7657,,
H00922.CSI,20190422,7286.2257,,,,7433.2755,-147.0498,-1.9783,,
H00922.CSI,20190419,7433.2755,,,,7395.9809,37.2946,0.5043,,
H00922.CSI,20190418,7395.9809,,,,7490.3538,-94.3729,-1.2599,,
H00922.CSI,20190417,7490.3538,,,,7460.0414,30.3124,0.4063,,
H00922.CSI,20190416,7460.0414,,,,7353.6965,106.3449,1.4461,,
H00922.CSI,20190415,7353.6965,,,,7432.7864,-79.0899,-1.0641,,
H00922.CSI,20190412,7432.7864,,,,7470.06,-37.2736,-0.499,,
H00922.CSI,20190411,7470.06,,,,7562.5733,-92.5133,-1.2233,,
H00922.CSI,20190410,7562.5733,,,,7542.3274,20.2459,0.2684,,
H00922.CSI,20190409,7542.3274,,,,7549.8552,-7.5278,-0.0997,,
H00922.CSI,20190408,7549.8552,,,,7474.0265,75.8287,1.0146,,
H00922.CSI,20190404,7474.0265,,,,7373.0858,100.9407,1.369,,
H00922.CSI,20190403,7373.0858,,,,7271.2698,101.816,1.4003,,
H00922.CSI,20190402,7271.2698,,,,7264.5733,6.6965,0.0922,,
H00922.CSI,20190401,7264.5733,,,,7058.9583,205.615,2.9128,,
H00922.CSI,20190329,7058.9583,,,,6865.5086,193.4497,2.8177,,
H00922.CSI,20190328,6865.5086,,,,6935.1488,-69.6402,-1.0042,,
H00922.CSI,20190327,6935.1488,,,,6834.8139,100.3349,1.468,,
H00922.CSI,20190326,6834.8139,,,,6939.1356,-104.3217,-1.5034,,
H00922.CSI,20190325,6939.1356,,,,7046.2237,-107.0881,-1.5198,,
H00922.CSI,20190322,7046.2237,,,,7003.1406,43.0831,0.6152,,
H00922.CSI,20190321,7003.1406,,,,6972.7773,30.3633,0.4355,,
H00922.CSI,20190320,6972.7773,,,,6963.8735,8.9038,0.1279,,
H00922.CSI,20190319,6963.8735,,,,7000.194,-36.3205,-0.5188,,
H00922.CSI,20190318,7000.194,,,,6807.5514,192.6426,2.8298,,
H00922.CSI,20190315,6807.5514,,,,6688.4014,119.15,1.7814,,
H00922.CSI,20190314,6688.4014,,,,6782.3533,-93.9519,-1.3852,,
H00922.CSI,20190313,6782.3533,,,,6844.4923,-62.139,-0.9079,,
H00922.CSI,20190312,6844.4923,,,,6790.03,54.4623,0.8021,,
H00922.CSI,20190311,6790.03,,,,6652.1929,137.8371,2.0721,,
H00922.CSI,20190308,6652.1929,,,,6933.6561,-281.4632,-4.0594,,
H00922.CSI,20190307,6933.6561,,,,6941.7975,-8.1414,-0.1173,,
H00922.CSI,20190306,6941.7975,,,,6858.1301,83.6674,1.22,,
H00922.CSI,20190305,6858.1301,,,,6780.4119,77.7182,1.1462,,
H00922.CSI,20190304,6780.4119,,,,6700.395,80.0169,1.1942,,
H00922.CSI,20190301,6700.395,,,,6609.3583,91.0367,1.3774,,
H00922.CSI,20190228,6609.3583,,,,6614.3498,-4.9915,-0.0755,,
H00922.CSI,20190227,6614.3498,,,,6628.5735,-14.2237,-0.2146,,
H00922.CSI,20190226,6628.5735,,,,6653.1102,-24.5367,-0.3688,,
H00922.CSI,20190225,6653.1102,,,,6380.9679,272.1423,4.2649,,
H00922.CSI,20190222,6380.9679,,,,6296.0901,84.8778,1.3481,,
H00922.CSI,20190221,6296.0901,,,,6337.5677,-41.4776,-0.6545,,
H00922.CSI,20190220,6337.5677,,,,6333.0591,4.5086,0.0712,,
H00922.CSI,20190219,6333.0591,,,,6340.6375,-7.5784,-0.1195,,
H00922.CSI,20190218,6340.6375,,,,6191.2523,149.3852,2.4128,,
H00922.CSI,20190215,6191.2523,,,,6275.9187,-84.6664,-1.3491,,
H00922.CSI,20190214,6275.9187,,,,6275.5944,0.3243,0.0052,,
H00922.CSI,20190213,6275.5944,,,,6196.8132,78.7812,1.2713,,
H00922.CSI,20190212,6196.8132,,,,6142.2269,54.5863,0.8887,,
H00922.CSI,20190211,6142.2269,,,,6050.3088,91.9181,1.5192,,
H00922.CSI,20190201,6050.3088,,,,5971.177,79.1318,1.3252,,
H00922.CSI,20190131,5971.177,,,,5954.3158,16.8612,0.2832,,
H00922.CSI,20190130,5954.3158,,,,5990.4502,-36.1344,-0.6032,,
H00922.CSI,20190129,5990.4502,,,,5974.8363,15.6139,0.2613,,
H00922.CSI,20190128,5974.8363,,,,5973.4102,1.4261,0.0239,,
H00922.CSI,20190125,5973.4102,,,,5944.5305,28.8797,0.4858,,
H00922.CSI,20190124,5944.5305,,,,5922.8919,21.6386,0.3653,,
H00922.CSI,20190123,5922.8919,,,,5897.7148,25.1771,0.4269,,
H00922.CSI,20190122,5897.7148,,,,5954.2803,-56.5655,-0.95,,
H00922.CSI,20190121,5954.2803,,,,5945.1136,9.1667,0.1542,,
H00922.CSI,20190118,5945.1136,,,,5879.6001,65.5135,1.1143,,
H00922.CSI,20190117,5879.6001,,,,5892.241,-12.6409,-0.2145,,
H00922.CSI,20190116,5892.241,,,,5885.2119,7.0291,0.1194,,
H00922.CSI,20190115,5885.2119,,,,5829.796,55.4159,0.9506,,
H00922.CSI,20190114,5829.796,,,,5838.8266,-9.0306,-0.1547,,
H00922.CSI,20190111,5838.8266,,,,5815.9326,22.894,0.3936,,
H00922.CSI,20190110,5815.9326,,,,5839.2291,-23.2965,-0.399,,
H00922.CSI,20190109,5839.2291,,,,5790.2863,48.9428,0.8453,,
H00922.CSI,20190108,5790.2863,,,,5779.6144,10.6719,0.1846,,
H00922.CSI,20190107,5779.6144,,,,5701.5843,78.0301,1.3686,,
H00922.CSI,20190104,5701.5843,,,,5591.1982,110.3861,1.9743,,
H00922.CSI,20190103,5591.1982,,,,5624.6675,-33.4693,-0.595,,
H00922.CSI,20190102,5624.6675,,,,5710.4283,-85.7608,-1.5018,,
H00922.CSI,20181228,5710.4283,,,,5691.1616,19.2667,0.3385,,
H00922.CSI,20181227,5691.1616,,,,5717.3679,-26.2063,-0.4584,,
H00922.CSI,20181226,5717.3679,,,,5719.7091,-2.3412,-0.0409,,
H00922.CSI,20181225,5719.7091,,,,5755.6214,-35.9123,-0.624,,
H00922.CSI,20181224,5755.6214,,,,5714.9865,40.6349,0.711,,
H00922.CSI,20181221,5714.9865,,,,5755.6878,-40.7013,-0.7071,,
H00922.CSI,20181220,5755.6878,,,,5760.4231,-4.7353,-0.0822,,
H00922.CSI,20181219,5760.4231,,,,5799.1588,-38.7357,-0.668,,
H00922.CSI,20181218,5799.1588,,,,5841.2209,-42.0621,-0.7201,,
H00922.CSI,20181217,5841.2209,,,,5802.7124,38.5085,0.6636,,
H00922.CSI,20181214,5802.7124,,,,5889.1632,-86.4508,-1.468,,
H00922.CSI,20181213,5889.1632,,,,5815.769,73.3942,1.262,,
H00922.CSI,20181212,5815.769,,,,5776.1043,39.6647,0.6867,,
H00922.CSI,20181211,5776.1043,,,,5751.9084,24.1959,0.4207,,
H00922.CSI,20181210,5751.9084,,,,5805.9293,-54.0209,-0.9304,,
H00922.CSI,20181207,5805.9293,,,,5767.5661,38.3632,0.6652,,
H00922.CSI,20181206,5767.5661,,,,5863.2508,-95.6847,-1.6319,,
H00922.CSI,20181205,5863.2508,,,,5883.697,-20.4462,-0.3475,,
H00922.CSI,20181204,5883.697,,,,5866.4125,17.2845,0.2946,,
H00922.CSI,20181203,5866.4125,,,,5719.8922,146.5203,2.5616,,
H00922.CSI,20181130,5719.8922,,,,5670.3483,49.5439,0.8737,,
H00922.CSI,20181129,5670.3483,,,,5732.1128,-61.7645,-1.0775,,
H00922.CSI,20181128,5732.1128,,,,5669.7294,62.3834,1.1003,,
H00922.CSI,20181127,5669.7294,,,,5682.9092,-13.1798,-0.2319,,
H00922.CSI,20181126,5682.9092,,,,5684.2576,-1.3484,-0.0237,,
H00922.CSI,20181123,5684.2576,,,,5815.311,-131.0534,-2.2536,,
H00922.CSI,20181122,5815.311,,,,5834.5174,-19.2064,-0.3292,,
H00922.CSI,20181121,5834.5174,,,,5815.4469,19.0705,0.3279,,
H00922.CSI,20181120,5815.4469,,,,5946.6555,-131.2086,-2.2064,,
H00922.CSI,20181119,5946.6555,,,,5884.6232,62.0323,1.0541,,
H00922.CSI,20181116,5884.6232,,,,5842.0161,42.6071,0.7293,,
H00922.CSI,20181115,5842.0161,,,,5788.7633,53.2528,0.9199,,
H00922.CSI,20181114,5788.7633,,,,5835.1986,-46.4353,-0.7958,,
H00922.CSI,20181113,5835.1986,,,,5785.4974,49.7012,0.8591,,
H00922.CSI,20181112,5785.4974,,,,5694.2083,91.2891,1.6032,,
H00922.CSI,20181109,5694.2083,,,,5755.084,-60.8757,-1.0578,,
H00922.CSI,20181108,5755.084,,,,5763.0673,-7.9833,-0.1385,,
H00922.CSI,20181107,5763.0673,,,,5790.1917,-27.1244,-0.4685,,
H00922.CSI,20181106,5790.1917,,,,5802.6093,-12.4176,-0.214,,
H00922.CSI,20181105,5802.6093,,,,5821.7569,-19.1476,-0.3289,,
H00922.CSI,20181102,5821.7569,,,,5672.6564,149.1005,2.6284,,
H00922.CSI,20181101,5672.6564,,,,5661.7758,10.8806,0.1922,,
H00922.CSI,20181031,5661.7758,,,,5597.4735,64.3023,1.1488,,
H00922.CSI,20181030,5597.4735,,,,5543.9124,53.5611,0.9661,,
H00922.CSI,20181029,5543.9124,,,,5684.4093,-140.4969,-2.4716,,
H00922.CSI,20181026,5684.4093,,,,5681.3803,3.029,0.0533,,
H00922.CSI,20181025,5681.3803,,,,5666.7088,14.6715,0.2589,,
H00922.CSI,20181024,5666.7088,,,,5666.1804,0.5284,0.0093,,
H00922.CSI,20181023,5666.1804,,,,5801.8349,-135.6545,-2.3381,,
H00922.CSI,20181022,5801.8349,,,,5575.9778,225.8571,4.0505,,
H00922.CSI,20181019,5575.9778,,,,5425.4067,150.5711,2.7753,,
H00922.CSI,20181018,5425.4067,,,,5539.9438,-114.5371,-2.0675,,
H00922.CSI,20181017,5539.9438,,,,5498.4268,41.517,0.7551,,
H00922.CSI,20181016,5498.4268,,,,5554.5087,-56.0819,-1.0097,,
H00922.CSI,20181015,5554.5087,,,,5664.9159,-110.4072,-1.949,,
H00922.CSI,20181012,5664.9159,,,,5602.9042,62.0117,1.1068,,
H00922.CSI,20181011,5602.9042,,,,5885.8642,-282.96,-4.8075,,
H00922.CSI,20181010,5885.8642,,,,5876.7996,9.0646,0.1542,,
H00922.CSI,20181009,5876.7996,,,,5889.2669,-12.4673,-0.2117,,
H00922.CSI,20181008,5889.2669,,,,6105.4451,-216.1782,-3.5407,,
H00922.CSI,20180928,6105.4451,,,,6040.5144,64.9307,1.0749,,
H00922.CSI,20180927,6040.5144,,,,6056.9818,-16.4674,-0.2719,,
H00922.CSI,20180926,6056.9818,,,,6016.2524,40.7294,0.677,,
H00922.CSI,20180925,6016.2524,,,,6065.7725,-49.5201,-0.8164,,
H00922.CSI,20180921,6065.7725,,,,5910.1567,155.6158,2.633,,
H00922.CSI,20180920,5910.1567,,,,5911.0977,-0.941,-0.0159,,
H00922.CSI,20180919,5911.0977,,,,5829.8543,81.2434,1.3936,,
H00922.CSI,20180918,5829.8543,,,,5742.8321,87.0222,1.5153,,
H00922.CSI,20180917,5742.8321,,,,5796.2863,-53.4542,-0.9222,,
H00922.CSI,20180914,5796.2863,,,,5782.6208,13.6655,0.2363,,
H00922.CSI,20180913,5782.6208,,,,5730.3867,52.2341,0.9115,,
H00922.CSI,20180912,5730.3867,,,,5739.0914,-8.7047,-0.1517,,
H00922.CSI,20180911,5739.0914,,,,5752.0724,-12.981,-0.2257,,
H00922.CSI,20180910,5752.0724,,,,5805.0934,-53.021,-0.9134,,
H00922.CSI,20180907,5805.0934,,,,5785.6451,19.4483,0.3361,,
H00922.CSI,20180906,5785.6451,,,,5841.8223,-56.1772,-0.9616,,
H00922.CSI,20180905,5841.8223,,,,5935.8976,-94.0753,-1.5849,,
H00922.CSI,20180904,5935.8976,,,,5878.1848,57.7128,0.9818,,
H00922.CSI,20180903,5878.1848,,,,5893.0124,-14.8276,-0.2516,,
H00922.CSI,20180831,5893.0124,,,,5922.255,-29.2426,-0.4938,,
H00922.CSI,20180830,5922.255,,,,5952.0196,-29.7646,-0.5001,,
H00922.CSI,20180829,5952.0196,,,,5988.2898,-36.2702,-0.6057,,
H00922.CSI,20180828,5988.2898,,,,5994.6926,-6.4028,-0.1068,,
H00922.CSI,20180827,5994.6926,,,,5871.4713,123.2213,2.0986,,
H00922.CSI,20180824,5871.4713,,,,5851.7616,19.7097,0.3368,,
H00922.CSI,20180823,5851.7616,,,,5834.2314,17.5302,0.3005,,
H00922.CSI,20180822,5834.2314,,,,5872.7617,-38.5303,-0.6561,,
H00922.CSI,20180821,5872.7617,,,,5799.7339,73.0278,1.2592,,
H00922.CSI,20180820,5799.7339,,,,5745.9869,53.747,0.9354,,
H00922.CSI,20180817,5745.9869,,,,5809.6384,-63.6515,-1.0956,,
H00922.CSI,20180816,5809.6384,,,,5843.6856,-34.0472,-0.5826,,
H00922.CSI,20180815,5843.6856,,,,5962.1601,-118.4745,-1.9871,,
H00922.CSI,20180814,5962.1601,,,,5966.3946,-4.2345,-0.071,,
H00922.CSI,20180813,5966.3946,,,,6000.8588,-34.4642,-0.5743,,
H00922.CSI,20180810,6000.8588,,,,6010.6755,-9.8167,-0.1633,,
H00922.CSI,20180809,6010.6755,,,,5905.7566,104.9189,1.7766,,
H00922.CSI,20180808,5905.7566,,,,5983.8882,-78.1316,-1.3057,,
H00922.CSI,20180807,5983.8882,,,,5833.6838,150.2044,2.5748,,
H00922.CSI,20180806,5833.6838,,,,5910.5068,-76.823,-1.2998,,
H00922.CSI,20180803,5910.5068,,,,5984.5382,-74.0314,-1.237,,
H00922.CSI,20180802,5984.5382,,,,6106.2654,-121.7272,-1.9935,,
H00922.CSI,20180801,6106.2654,,,,6222.3876,-116.1222,-1.8662,,
H00922.CSI,20180731,6222.3876,,,,6214.7569,7.6307,0.1228,,
H00922.CSI,20180730,6214.7569,,,,6209.1308,5.6261,0.0906,,
H00922.CSI,20180727,6209.1308,,,,6225.3989,-16.2681,-0.2613,,
H00922.CSI,20180726,6225.3989,,,,6266.6724,-41.2735,-0.6586,,
H00922.CSI,20180725,6266.6724,,,,6276.4581,-9.7857,-0.1559,,
H00922.CSI,20180724,6276.4581,,,,6193.4437,83.0144,1.3404,,
H00922.CSI,20180723,6193.4437,,,,6130.1377,63.306,1.0327,,
H00922.CSI,20180720,6130.1377,,,,6022.0106,108.1271,1.7955,,
H00922.CSI,20180719,6022.0106,,,,6030.0385,-8.0279,-0.1331,,
H00922.CSI,20180718,6030.0385,,,,6018.1939,11.8446,0.1968,,
H00922.CSI,20180717,6018.1939,,,,6044.265,-26.0711,-0.4313,,
H00922.CSI,20180716,6044.265,,,,6072.9099,-28.6449,-0.4717,,
H00922.CSI,20180713,6072.9099,,,,6049.9572,22.9527,0.3794,,
H00922.CSI,20180712,6049.9572,,,,5934.6087,115.3485,1.9437,,
H00922.CSI,20180711,5934.6087,,,,6030.8812,-96.2725,-1.5963,,
H00922.CSI,20180710,6030.8812,,,,6010.5295,20.3517,0.3386,,
H00922.CSI,20180709,6010.5295,,,,5863.5877,146.9418,2.506,,
H00922.CSI,20180706,5863.5877,,,,5842.7651,20.8226,0.3564,,
H00922.CSI,20180705,5842.7651,,,,5899.0451,-56.28,-0.9541,,
H00922.CSI,20180704,5899.0451,,,,5952.7439,-53.6988,-0.9021,,
H00922.CSI,20180703,5952.7439,,,,5939.7688,12.9751,0.2184,,
H00922.CSI,20180702,5939.7688,,,,6101.2093,-161.4405,-2.646,,
H00922.CSI,20180629,6101.2093,,,,5967.8271,133.3822,2.235,,
H00922.CSI,20180628,5967.8271,,,,6042.1116,-74.2845,-1.2294,,
H00922.CSI,20180627,6042.1116,,,,6112.5431,-70.4315,-1.1522,,
H00922.CSI,20180626,6112.5431,,,,6183.7858,-71.2427,-1.1521,,
H00922.CSI,20180625,6183.7858,,,,6241.0452,-57.2594,-0.9175,,
H00922.CSI,20180622,6241.0452,,,,6213.4644,27.5808,0.4439,,
H00922.CSI,20180621,6213.4644,,,,6266.9548,-53.4904,-0.8535,,
H00922.CSI,20180620,6266.9548,,,,6230.3281,36.6267,0.5879,,
H00922.CSI,20180619,6230.3281,,,,6475.6664,-245.3383,-3.7886,,
H00922.CSI,20180615,6475.6664,,,,6492.3219,-16.6555,-0.2565,,
H00922.CSI,20180614,6492.3219,,,,6521.5196,-29.1977,-0.4477,,
H00922.CSI,20180613,6521.5196,,,,6570.8877,-49.3681,-0.7513,,
H00922.CSI,20180612,6570.8877,,,,6491.9416,78.9461,1.2161,,
H00922.CSI,20180611,6491.9416,,,,6500.5686,-8.627,-0.1327,,
H00922.CSI,20180608,6500.5686,,,,6574.9221,-74.3535,-1.1309,,
H00922.CSI,20180607,6574.9221,,,,6607.5083,-32.5862,-0.4932,,
H00922.CSI,20180606,6607.5083,,,,6606.4085,1.0998,0.0166,,
H00922.CSI,20180605,6606.4085,,,,6571.5272,34.8813,0.5308,,
H00922.CSI,20180604,6571.5272,,,,6524.5622,46.965,0.7198,,
H00922.CSI,20180601,6524.5622,,,,6571.4366,-46.8744,-0.7133,,
H00922.CSI,20180531,6571.4366,,,,6433.859,137.5776,2.1383,,
H00922.CSI,20180530,6433.859,,,,6555.5519,-121.6929,-1.8563,,
H00922.CSI,20180529,6555.5519,,,,6572.212,-16.6601,-0.2535,,
H00922.CSI,20180528,6572.212,,,,6551.6359,20.5761,0.3141,,
H00922.CSI,20180525,6551.6359,,,,6561.8196,-10.1837,-0.1552,,
H00922.CSI,20180524,6561.8196,,,,6604.5234,-42.7038,-0.6466,,
H00922.CSI,20180523,6604.5234,,,,6670.5718,-66.0484,-0.9901,,
H00922.CSI,20180522,6670.5718,,,,6688.9831,-18.4113,-0.2752,,
H00922.CSI,20180521,6688.9831,,,,6658.1894,30.7937,0.4625,,
H00922.CSI,20180518,6658.1894,,,,6594.4643,63.7251,0.9663,,
H00922.CSI,20180517,6594.4643,,,,6617.0945,-22.6302,-0.342,,
H00922.CSI,20180516,6617.0945,,,,6654.0637,-36.9692,-0.5556,,
H00922.CSI,20180515,6654.0637,,,,6626.459,27.6047,0.4166,,
H00922.CSI,20180514,6626.459,,,,6597.439,29.02,0.4399,,
H00922.CSI,20180511,6597.439,,,,6626.4289,-28.9899,-0.4375,,
H00922.CSI,20180510,6626.4289,,,,6587.0839,39.345,0.5973,,
H00922.CSI,20180509,6587.0839,,,,6594.4147,-7.3308,-0.1112,,
H00922.CSI,20180508,6594.4147,,,,6540.5645,53.8502,0.8233,,
H00922.CSI,20180507,6540.5645,,,,6444.7888,95.7757,1.4861,,
H00922.CSI,20180504,6444.7888,,,,6461.0093,-16.2205,-0.2511,,
H00922.CSI,20180503,6461.0093,,,,6413.3108,47.6985,0.7437,,
H00922.CSI,20180502,6413.3108,,,,6383.4004,29.9104,0.4686,,
H00922.CSI,20180427,6383.4004,,,,6376.4746,6.9258,0.1086,,
H00922.CSI,20180426,6376.4746,,,,6473.8875,-97.4129,-1.5047,,
H00922.CSI,20180425,6473.8875,,,,6492.9829,-19.0954,-0.2941,,
H00922.CSI,20180424,6492.9829,,,,6363.8126,129.1703,2.0298,,
H00922.CSI,20180423,6363.8126,,,,6360.9367,2.8759,0.0452,,
H00922.CSI,20180420,6360.9367,,,,6450.3596,-89.4229,-1.3863,,
H00922.CSI,20180419,6450.3596,,,,6388.2843,62.0753,0.9717,,
H00922.CSI,20180418,6388.2843,,,,6361.8078,26.4765,0.4162,,
H00922.CSI,20180417,6361.8078,,,,6436.0707,-74.2629,-1.1539,,
H00922.CSI,20180416,6436.0707,,,,6545.2521,-109.1814,-1.6681,,
H00922.CSI,20180413,6545.2521,,,,6575.3421,-30.09,-0.4576,,
H00922.CSI,20180412,6575.3421,,,,6635.3372,-59.9951,-0.9042,,
H00922.CSI,20180411,6635.3372,,,,6598.8718,36.4654,0.5526,,
H00922.CSI,20180410,6598.8718,,,,6489.3663,109.5055,1.6875,,
H00922.CSI,20180409,6489.3663,,,,6502.0558,-12.6895,-0.1952,,
H00922.CSI,20180404,6502.0558,,,,6507.0214,-4.9656,-0.0763,,
H00922.CSI,20180403,6507.0214,,,,6572.043,-65.0216,-0.9894,,
H00922.CSI,20180402,6572.043,,,,6605.5666,-33.5236,-0.5075,,
H00922.CSI,20180330,6605.5666,,,,6602.0722,3.4944,0.0529,,
H00922.CSI,20180329,6602.0722,,,,6489.9192,112.153,1.7281,,
H00922.CSI,20180328,6489.9192,,,,6583.9001,-93.9809,-1.4274,,
H00922.CSI,20180327,6583.9001,,,,6549.0875,34.8126,0.5316,,
H00922.CSI,20180326,6549.0875,,,,6604.775,-55.6875,-0.8431,,
H00922.CSI,20180323,6604.775,,,,6800.4987,-195.7237,-2.8781,,
H00922.CSI,20180322,6800.4987,,,,6854.5768,-54.0781,-0.7889,,
H00922.CSI,20180321,6854.5768,,,,6867.1808,-12.604,-0.1835,,
H00922.CSI,20180320,6867.1808,,,,6869.0008,-1.82,-0.0265,,
H00922.CSI,20180319,6869.0008,,,,6899.7856,-30.7848,-0.4462,,
H00922.CSI,20180316,6899.7856,,,,6954.5422,-54.7566,-0.7874,,
H00922.CSI,20180315,6954.5422,,,,6945.8336,8.7086,0.1254,,
H00922.CSI,20180314,6945.8336,,,,6973.3315,-27.4979,-0.3943,,
H00922.CSI,20180313,6973.3315,,,,7016.3084,-42.9769,-0.6125,,
H00922.CSI,20180312,7016.3084,,,,7002.0424,14.266,0.2037,,
H00922.CSI,20180309,7002.0424,,,,6977.6625,24.3799,0.3494,,
H00922.CSI,20180308,6977.6625,,,,6912.8636,64.7989,0.9374,,
H00922.CSI,20180307,6912.8636,,,,6940.184,-27.3204,-0.3937,,
H00922.CSI,20180306,6940.184,,,,6848.6368,91.5472,1.3367,,
H00922.CSI,20180305,6848.6368,,,,6857.9752,-9.3384,-0.1362,,
H00922.CSI,20180302,6857.9752,,,,6875.8476,-17.8724,-0.2599,,
H00922.CSI,20180301,6875.8476,,,,6866.3776,9.47,0.1379,,
H00922.CSI,20180228,6866.3776,,,,6913.0814,-46.7038,-0.6756,,
H00922.CSI,20180227,6913.0814,,,,7023.0559,-109.9745,-1.5659,,
H00922.CSI,20180226,7023.0559,,,,6957.5203,65.5356,0.9419,,
H00922.CSI,20180223,6957.5203,,,,6937.2939,20.2264,0.2916,,
H00922.CSI,20180222,6937.2939,,,,6790.0888,147.2051,2.1679,,
H00922.CSI,20180214,6790.0888,,,,6772.2346,17.8542,0.2636,,
H00922.CSI,20180213,6772.2346,,,,6698.5584,73.6762,1.0999,,
H00922.CSI,20180212,6698.5584,,,,6623.3182,75.2402,1.136,,
H00922.CSI,20180209,6623.3182,,,,6891.2981,-267.9799,-3.8887,,
H00922.CSI,20180208,6891.2981,,,,6956.2861,-64.988,-0.9342,,
H00922.CSI,20180207,6956.2861,,,,7100.249,-143.9629,-2.0276,,
H00922.CSI,20180206,7100.249,,,,7309.5755,-209.3265,-2.8637,,
H00922.CSI,20180205,7309.5755,,,,7255.9383,53.6372,0.7392,,
H00922.CSI,20180202,7255.9383,,,,7196.6695,59.2688,0.8236,,
H00922.CSI,20180201,7196.6695,,,,7270.687,-74.0175,-1.018,,
H00922.CSI,20180131,7270.687,,,,7279.0387,-8.3517,-0.1147,,
H00922.CSI,20180130,7279.0387,,,,7367.6688,-88.6301,-1.203,,
H00922.CSI,20180129,7367.6688,,,,7440.5294,-72.8606,-0.9792,,
H00922.CSI,20180126,7440.5294,,,,7391.7783,48.7511,0.6595,,
H00922.CSI,20180125,7391.7783,,,,7421.9903,-30.212,-0.4071,,
H00922.CSI,20180124,7421.9903,,,,7410.8312,11.1591,0.1506,,
H00922.CSI,20180123,7410.8312,,,,7323.855,86.9762,1.1876,,
H00922.CSI,20180122,7323.855,,,,7252.2892,71.5658,0.9868,,
H00922.CSI,20180119,7252.2892,,,,7255.2575,-2.9683,-0.0409,,
H00922.CSI,20180118,7255.2575,,,,7197.5336,57.7239,0.802,,
H00922.CSI,20180117,7197.5336,,,,7206.7765,-9.2429,-0.1283,,
H00922.CSI,20180116,7206.7765,,,,7105.6353,101.1412,1.4234,,
H00922.CSI,20180115,7105.6353,,,,7131.6604,-26.0251,-0.3649,,
H00922.CSI,20180112,7131.6604,,,,7097.1411,34.5193,0.4864,,
H00922.CSI,20180111,7097.1411,,,,7116.1291,-18.988,-0.2668,,
H00922.CSI,20180110,7116.1291,,,,7094.8686,21.2605,0.2997,,
H00922.CSI,20180109,7094.8686,,,,7099.9638,-5.0952,-0.0718,,
H00922.CSI,20180108,7099.9638,,,,7042.2123,57.7515,0.8201,,
H00922.CSI,20180105,7042.2123,,,,6992.3255,49.8868,0.7135,,
H00922.CSI,20180104,6992.3255,,,,6966.6207,25.7048,0.369,,
H00922.CSI,20180103,6966.6207,,,,6932.7553,33.8654,0.4885,,
H00922.CSI,20180102,6932.7553,,,,6810.4858,122.2695,1.7953,,
H00922.CSI,20171229,6810.4858,,,,6764.2791,46.2067,0.6831,,
H00922.CSI,20171228,6764.2791,,,,6732.9139,31.3652,0.4658,,
H00922.CSI,20171227,6732.9139,,,,6781.7771,-48.8632,-0.7205,,
H00922.CSI,20171226,6781.7771,,,,6753.1649,28.6122,0.4237,,
H00922.CSI,20171225,6753.1649,,,,6761.9103,-8.7454,-0.1293,,
H00922.CSI,20171222,6761.9103,,,,6761.0618,0.8485,0.0125,,
H00922.CSI,20171221,6761.0618,,,,6724.1378,36.924,0.5491,,
H00922.CSI,20171220,6724.1378,,,,6742.8744,-18.7366,-0.2779,,
H00922.CSI,20171219,6742.8744,,,,6686.2783,56.5961,0.8465,,
H00922.CSI,20171218,6686.2783,,,,6687.302,-1.0237,-0.0153,,
H00922.CSI,20171215,6687.302,,,,6741.1173,-53.8153,-0.7983,,
H00922.CSI,20171214,6741.1173,,,,6756.7734,-15.6561,-0.2317,,
H00922.CSI,20171213,6756.7734,,,,6705.5849,51.1885,0.7634,,
H00922.CSI,20171212,6705.5849,,,,6773.7721,-68.1872,-1.0066,,
H00922.CSI,20171211,6773.7721,,,,6703.0449,70.7272,1.0552,,
H00922.CSI,20171208,6703.0449,,,,6681.5395,21.5054,0.3219,,
H00922.CSI,20171207,6681.5395,,,,6750.1531,-68.6136,-1.0165,,
H00922.CSI,20171206,6750.1531,,,,6788.7177,-38.5646,-0.5681,,
H00922.CSI,20171205,6788.7177,,,,6770.1153,18.6024,0.2748,,
H00922.CSI,20171204,6770.1153,,,,6761.6738,8.4415,0.1248,,
H00922.CSI,20171201,6761.6738,,,,6772.6325,-10.9587,-0.1618,,
H00922.CSI,20171130,6772.6325,,,,6815.8819,-43.2494,-0.6345,,
H00922.CSI,20171129,6815.8819,,,,6822.8026,-6.9207,-0.1014,,
H00922.CSI,20171128,6822.8026,,,,6816.6411,6.1615,0.0904,,
H00922.CSI,20171127,6816.6411,,,,6876.8715,-60.2304,-0.8758,,
H00922.CSI,20171124,6876.8715,,,,6876.9202,-0.0487,-0.0007,,
H00922.CSI,20171123,6876.9202,,,,7062.9001,-185.9799,-2.6332,,
H00922.CSI,20171122,7062.9001,,,,7052.7883,10.1118,0.1434,,
H00922.CSI,20171121,7052.7883,,,,6961.1624,91.6259,1.3162,,
H00922.CSI,20171120,6961.1624,,,,6929.6843,31.4781,0.4543,,
H00922.CSI,20171117,6929.6843,,,,6918.3627,11.3216,0.1636,,
H00922.CSI,20171116,6918.3627,,,,6900.1819,18.1808,0.2635,,
H00922.CSI,20171115,6900.1819,,,,6930.6601,-30.4782,-0.4398,,
H00922.CSI,20171114,6930.6601,,,,6976.1831,-45.523,-0.6525,,
H00922.CSI,20171113,6976.1831,,,,6938.2948,37.8883,0.5461,,
H00922.CSI,20171110,6938.2948,,,,6899.6551,38.6397,0.56,,
H00922.CSI,20171109,6899.6551,,,,6863.0154,36.6397,0.5339,,
H00922.CSI,20171108,6863.0154,,,,6859.7943,3.2211,0.047,,
H00922.CSI,20171107,6859.7943,,,,6817.483,42.3113,0.6206,,
H00922.CSI,20171106,6817.483,,,,6770.4819,47.0011,0.6942,,
H00922.CSI,20171103,6770.4819,,,,6799.2901,-28.8082,-0.4237,,
H00922.CSI,20171102,6799.2901,,,,6799.2643,0.0258,0.0004,,
H00922.CSI,20171101,6799.2643,,,,6832.4954,-33.2311,-0.4864,,
H00922.CSI,20171031,6832.4954,,,,6858.9945,-26.4991,-0.3863,,
H00922.CSI,20171030,6858.9945,,,,6888.4947,-29.5002,-0.4283,,
H00922.CSI,20171027,6888.4947,,,,6867.3125,21.1822,0.3084,,
H00922.CSI,20171026,6867.3125,,,,6860.3785,6.934,0.1011,,
H00922.CSI,20171025,6860.3785,,,,6843.3613,17.0172,0.2487,,
H00922.CSI,20171024,6843.3613,,,,6802.3245,41.0368,0.6033,,
H00922.CSI,20171023,6802.3245,,,,6796.3144,6.0101,0.0884,,
H00922.CSI,20171020,6796.3144,,,,6793.6288,2.6856,0.0395,,
H00922.CSI,20171019,6793.6288,,,,6794.199,-0.5702,-0.0084,,
H00922.CSI,20171018,6794.199,,,,6748.2885,45.9105,0.6803,,
H00922.CSI,20171017,6748.2885,,,,6748.4161,-0.1276,-0.0019,,
H00922.CSI,20171016,6748.4161,,,,6795.1831,-46.767,-0.6882,,
H00922.CSI,20171013,6795.1831,,,,6793.4384,1.7447,0.0257,,
H00922.CSI,20171012,6793.4384,,,,6792.4547,0.9837,0.0145,,
H00922.CSI,20171011,6792.4547,,,,6773.0804,19.3743,0.286,,
H00922.CSI,20171010,6773.0804,,,,6764.2984,8.782,0.1298,,
H00922.CSI,20171009,6764.2984,,,,6695.9159,68.3825,1.0213,,
H00922.CSI,20170929,6695.9159,,,,6683.0357,12.8802,0.1927,,
H00922.CSI,20170928,6683.0357,,,,6697.424,-14.3883,-0.2148,,
H00922.CSI,20170927,6697.424,,,,6687.5452,9.8788,0.1477,,
H00922.CSI,20170926,6687.5452,,,,6690.2465,-2.7013,-0.0404,,
H00922.CSI,20170925,6690.2465,,,,6720.6917,-30.4452,-0.453,,
H00922.CSI,20170922,6720.6917,,,,6711.7663,8.9254,0.133,,
H00922.CSI,20170921,6711.7663,,,,6714.762,-2.9957,-0.0446,,
H00922.CSI,20170920,6714.762,,,,6681.0843,33.6777,0.5041,,
H00922.CSI,20170919,6681.0843,,,,6700.7623,-19.678,-0.2937,,
H00922.CSI,20170918,6700.7623,,,,6686.4167,14.3456,0.2145,,
H00922.CSI,20170915,6686.4167,,,,6698.1867,-11.77,-0.1757,,
H00922.CSI,20170914,6698.1867,,,,6714.9,-16.7133,-0.2489,,
H00922.CSI,20170913,6714.9,,,,6701.1519,13.7481,0.2052,,
H00922.CSI,20170912,6701.1519,,,,6673.249,27.9029,0.4181,,
H00922.CSI,20170911,6673.249,,,,6661.184,12.065,0.1811,,
H00922.CSI,20170908,6661.184,,,,6667.9592,-6.7752,-0.1016,,
H00922.CSI,20170907,6667.9592,,,,6682.784,-14.8248,-0.2218,,
H00922.CSI,20170906,6682.784,,,,6694.0836,-11.2996,-0.1688,,
H00922.CSI,20170905,6694.0836,,,,6690.0635,4.0201,0.0601,,
H00922.CSI,20170904,6690.0635,,,,6681.3169,8.7466,0.1309,,
H00922.CSI,20170901,6681.3169,,,,6666.8095,14.5074,0.2176,,
H00922.CSI,20170831,6666.8095,,,,6706.5388,-39.7293,-0.5924,,
H00922.CSI,20170830,6706.5388,,,,6700.0299,6.5089,0.0971,,
H00922.CSI,20170829,6700.0299,,,,6702.5063,-2.4764,-0.0369,,
H00922.CSI,20170828,6702.5063,,,,6654.8852,47.6211,0.7156,,
H00922.CSI,20170825,6654.8852,,,,6568.2323,86.6529,1.3193,,
H00922.CSI,20170824,6568.2323,,,,6571.873,-3.6407,-0.0554,,
H00922.CSI,20170823,6571.873,,,,6574.786,-2.913,-0.0443,,
H00922.CSI,20170822,6574.786,,,,6573.3056,1.4804,0.0225,,
H00922.CSI,20170821,6573.3056,,,,6547.0985,26.2071,0.4003,,
H00922.CSI,20170818,6547.0985,,,,6531.634,15.4645,0.2368,,
H00922.CSI,20170817,6531.634,,,,6499.8431,31.7909,0.4891,,
H00922.CSI,20170816,6499.8431,,,,6522.2393,-22.3962,-0.3434,,
H00922.CSI,20170815,6522.2393,,,,6482.0199,40.2194,0.6205,,
H00922.CSI,20170814,6482.0199,,,,6429.2125,52.8074,0.8214,,
H00922.CSI,20170811,6429.2125,,,,6543.4801,-114.2676,-1.7463,,
H00922.CSI,20170810,6543.4801,,,,6561.3708,-17.8907,-0.2727,,
H00922.CSI,20170809,6561.3708,,,,6543.6861,17.6847,0.2703,,
H00922.CSI,20170808,6543.6861,,,,6550.192,-6.5059,-0.0993,,
H00922.CSI,20170807,6550.192,,,,6508.5941,41.5979,0.6391,,
H00922.CSI,20170804,6508.5941,,,,6538.607,-30.0129,-0.459,,
H00922.CSI,20170803,6538.607,,,,6591.74,-53.133,-0.8061,,
H00922.CSI,20170802,6591.74,,,,6621.0037,-29.2637,-0.442,,
H00922.CSI,20170801,6621.0037,,,,6580.6536,40.3501,0.6132,,
H00922.CSI,20170731,6580.6536,,,,6551.6808,28.9728,0.4422,,
H00922.CSI,20170728,6551.6808,,,,6527.234,24.4468,0.3745,,
H00922.CSI,20170727,6527.234,,,,6533.7983,-6.5643,-0.1005,,
H00922.CSI,20170726,6533.7983,,,,6567.4236,-33.6253,-0.512,,
H00922.CSI,20170725,6567.4236,,,,6599.0473,-31.6237,-0.4792,,
H00922.CSI,20170724,6599.0473,,,,6556.6081,42.4392,0.6473,,
H00922.CSI,20170721,6556.6081,,,,6557.4548,-0.8467,-0.0129,,
H00922.CSI,20170720,6557.4548,,,,6502.5998,54.855,0.8436,,
H00922.CSI,20170719,6502.5998,,,,6413.6788,88.921,1.3864,,
H00922.CSI,20170718,6413.6788,,,,6409.6751,4.0037,0.0625,,
H00922.CSI,20170717,6409.6751,,,,6488.8405,-79.1654,-1.22,,
H00922.CSI,20170714,6488.8405,,,,6439.5996,49.2409,0.7647,,
H00922.CSI,20170713,6439.5996,,,,6418.1242,21.4754,0.3346,,
H00922.CSI,20170712,6418.1242,,,,6447.5716,-29.4474,-0.4567,,
H00922.CSI,20170711,6447.5716,,,,6411.9254,35.6462,0.5559,,
H00922.CSI,20170710,6411.9254,,,,6410.9459,0.9795,0.0153,,
H00922.CSI,20170707,6410.9459,,,,6404.5091,6.4368,0.1005,,
H00922.CSI,20170706,6404.5091,,,,6401.442,3.0671,0.0479,,
H00922.CSI,20170705,6401.442,,,,6345.7185,55.7235,0.8781,,
H00922.CSI,20170704,6345.7185,,,,6392.2765,-46.558,-0.7283,,
H00922.CSI,20170703,6392.2765,,,,6404.048,-11.7715,-0.1838,,
H00922.CSI,20170630,6404.048,,,,6392.2719,11.7761,0.1842,,
H00922.CSI,20170629,6392.2719,,,,6364.6058,27.6661,0.4347,,
H00922.CSI,20170628,6364.6058,,,,6399.1188,-34.513,-0.5393,,
H00922.CSI,20170627,6399.1188,,,,6386.1473,12.9715,0.2031,,
H00922.CSI,20170626,6386.1473,,,,6314.6013,71.546,1.133,,
H00922.CSI,20170623,6314.6013,,,,6261.7195,52.8818,0.8445,,
H00922.CSI,20170622,6261.7195,,,,6263.0566,-1.3371,-0.0213,,
H00922.CSI,20170621,6263.0566,,,,6188.5562,74.5004,1.2038,,
H00922.CSI,20170620,6188.5562,,,,6194.9143,-6.3581,-0.1026,,
H00922.CSI,20170619,6194.9143,,,,6150.0874,44.8269,0.7289,,
H00922.CSI,20170616,6150.0874,,,,6174.1833,-24.0959,-0.3903,,
H00922.CSI,20170615,6174.1833,,,,6198.2001,-24.0168,-0.3875,,
H00922.CSI,20170614,6198.2001,,,,6274.6751,-76.475,-1.2188,,
H00922.CSI,20170613,6274.6751,,,,6253.7532,20.9219,0.3345,,
H00922.CSI,20170612,6253.7532,,,,6233.0641,20.6891,0.3319,,
H00922.CSI,20170609,6233.0641,,,,6211.5036,21.5605,0.3471,,
H00922.CSI,20170608,6211.5036,,,,6155.0586,56.445,0.9171,,
H00922.CSI,20170607,6155.0586,,,,6070.485,84.5736,1.3932,,
H00922.CSI,20170606,6070.485,,,,6038.4848,32.0002,0.5299,,
H00922.CSI,20170605,6038.4848,,,,6061.0136,-22.5288,-0.3717,,
H00922.CSI,20170602,6061.0136,,,,6050.4302,10.5834,0.1749,,
H00922.CSI,20170601,6050.4302,,,,6060.7889,-10.3587,-0.1709,,
H00922.CSI,20170531,6060.7889,,,,6050.4243,10.3646,0.1713,,
H00922.CSI,20170526,6050.4243,,,,6037.7617,12.6626,0.2097,,
H00922.CSI,20170525,6037.7617,,,,5951.6621,86.0996,1.4466,,
H00922.CSI,20170524,5951.6621,,,,5941.2889,10.3732,0.1746,,
H00922.CSI,20170523,5941.2889,,,,5925.8101,15.4788,0.2612,,
H00922.CSI,20170522,5925.8101,,,,5943.8362,-18.0261,-0.3033,,
H00922.CSI,20170519,5943.8362,,,,5921.5247,22.3115,0.3768,,
H00922.CSI,20170518,5921.5247,,,,5949.0077,-27.483,-0.462,,
H00922.CSI,20170517,5949.0077,,,,5966.514,-17.5063,-0.2934,,
H00922.CSI,20170516,5966.514,,,,5897.9894,68.5246,1.1618,,
H00922.CSI,20170515,5897.9894,,,,5856.4333,41.5561,0.7096,,
H00922.CSI,20170512,5856.4333,,,,5811.0643,45.369,0.7807,,
H00922.CSI,20170511,5811.0643,,,,5771.9068,39.1575,0.6784,,
H00922.CSI,20170510,5771.9068,,,,5830.6271,-58.7203,-1.0071,,
H00922.CSI,20170509,5830.6271,,,,5831.1719,-0.5448,-0.0093,,
H00922.CSI,20170508,5831.1719,,,,5879.6421,-48.4702,-0.8244,,
H00922.CSI,20170505,5879.6421,,,,5911.3003,-31.6582,-0.5356,,
H00922.CSI,20170504,5911.3003,,,,5913.9365,-2.6362,-0.0446,,
H00922.CSI,20170503,5913.9365,,,,5951.204,-37.2675,-0.6262,,
H00922.CSI,20170502,5951.204,,,,5981.3844,-30.1804,-0.5046,,
H00922.CSI,20170428,5981.3844,,,,6016.3568,-34.9724,-0.5813,,
H00922.CSI,20170427,6016.3568,,,,6030.0433,-13.6865,-0.227,,
H00922.CSI,20170426,6030.0433,,,,6024.3388,5.7045,0.0947,,
H00922.CSI,20170425,6024.3388,,,,5996.2974,28.0414,0.4676,,
H00922.CSI,20170424,5996.2974,,,,6071.5493,-75.2519,-1.2394,,
H00922.CSI,20170421,6071.5493,,,,6067.1563,4.393,0.0724,,
H00922.CSI,20170420,6067.1563,,,,6040.9187,26.2376,0.4343,,
H00922.CSI,20170419,6040.9187,,,,6063.6389,-22.7202,-0.3747,,
H00922.CSI,20170418,6063.6389,,,,6078.2423,-14.6034,-0.2403,,
H00922.CSI,20170417,6078.2423,,,,6108.597,-30.3547,-0.4969,,
H00922.CSI,20170414,6108.597,,,,6182.0671,-73.4701,-1.1884,,
H00922.CSI,20170413,6182.0671,,,,6144.0779,37.9892,0.6183,,
H00922.CSI,20170412,6144.0779,,,,6141.7087,2.3692,0.0386,,
H00922.CSI,20170411,6141.7087,,,,6119.8752,21.8335,0.3568,,
H00922.CSI,20170410,6119.8752,,,,6122.5106,-2.6354,-0.043,,
H00922.CSI,20170407,6122.5106,,,,6111.8178,10.6928,0.175,,
H00922.CSI,20170406,6111.8178,,,,6087.3341,24.4837,0.4022,,
H00922.CSI,20170405,6087.3341,,,,6006.13,81.2041,1.352,,
H00922.CSI,20170331,6006.13,,,,5960.0911,46.0389,0.7725,,
H00922.CSI,20170330,5960.0911,,,,6000.1007,-40.0096,-0.6668,,
H00922.CSI,20170329,6000.1007,,,,6009.4647,-9.364,-0.1558,,
H00922.CSI,20170328,6009.4647,,,,6030.1945,-20.7298,-0.3438,,
H00922.CSI,20170327,6030.1945,,,,6048.2861,-18.0916,-0.2991,,
H00922.CSI,20170324,6048.2861,,,,5995.2408,53.0453,0.8848,,
H00922.CSI,20170323,5995.2408,,,,5983.0936,12.1472,0.203,,
H00922.CSI,20170322,5983.0936,,,,6016.3593,-33.2657,-0.5529,,
H00922.CSI,20170321,6016.3593,,,,5957.9876,58.3717,0.9797,,
H00922.CSI,20170320,5957.9876,,,,5929.4758,28.5118,0.4808,,
H00922.CSI,20170317,5929.4758,,,,5992.7426,-63.2668,-1.0557,,
H00922.CSI,20170316,5992.7426,,,,5970.1841,22.5585,0.3779,,
H00922.CSI,20170315,5970.1841,,,,5950.1626,20.0215,0.3365,,
H00922.CSI,20170314,5950.1626,,,,5952.6713,-2.5087,-0.0421,,
H00922.CSI,20170313,5952.6713,,,,5896.0233,56.648,0.9608,,
H00922.CSI,20170310,5896.0233,,,,5890.8319,5.1914,0.0881,,
H00922.CSI,20170309,5890.8319,,,,5937.4932,-46.6613,-0.7859,,
H00922.CSI,20170308,5937.4932,,,,5953.276,-15.7828,-0.2651,,
H00922.CSI,20170307,5953.276,,,,5946.4175,6.8585,0.1153,,
H00922.CSI,20170306,5946.4175,,,,5916.1776,30.2399,0.5111,,
H00922.CSI,20170303,5916.1776,,,,5913.8771,2.3005,0.0389,,
H00922.CSI,20170302,5913.8771,,,,5943.6031,-29.726,-0.5001,,
H00922.CSI,20170301,5943.6031,,,,5938.7198,4.8833,0.0822,,
H00922.CSI,20170228,5938.7198,,,,5912.9276,25.7922,0.4362,,
H00922.CSI,20170227,5912.9276,,,,5968.005,-55.0774,-0.9229,,
H00922.CSI,20170224,5968.005,,,,5976.559,-8.554,-0.1431,,
H00922.CSI,20170223,5976.559,,,,6006.9346,-30.3756,-0.5057,,
H00922.CSI,20170222,6006.9346,,,,5972.8558,34.0788,0.5706,,
H00922.CSI,20170221,5972.8558,,,,5963.253,9.6028,0.161,,
H00922.CSI,20170220,5963.253,,,,5859.7222,103.5308,1.7668,,
H00922.CSI,20170217,5859.7222,,,,5901.0847,-41.3625,-0.7009,,
H00922.CSI,20170216,5901.0847,,,,5869.6043,31.4804,0.5363,,
H00922.CSI,20170215,5869.6043,,,,5873.8825,-4.2782,-0.0728,,
H00922.CSI,20170214,5873.8825,,,,5886.2487,-12.3662,-0.2101,,
H00922.CSI,20170213,5886.2487,,,,5842.6753,43.5734,0.7458,,
H00922.CSI,20170210,5842.6753,,,,5805.8482,36.8271,0.6343,,
H00922.CSI,20170209,5805.8482,,,,5780.8168,25.0314,0.433,,
H00922.CSI,20170208,5780.8168,,,,5760.1307,20.6861,0.3591,,
H00922.CSI,20170207,5760.1307,,,,5756.2339,3.8968,0.0677,,
H00922.CSI,20170206,5756.2339,,,,5739.1717,17.0622,0.2973,,
H00922.CSI,20170203,5739.1717,,,,5775.4306,-36.2589,-0.6278,,
H00922.CSI,20170126,5775.4306,,,,5764.5831,10.8475,0.1882,,
H00922.CSI,20170125,5764.5831,,,,5756.4355,8.1476,0.1415,,
H00922.CSI,20170124,5756.4355,,,,5734.6613,21.7742,0.3797,,
H00922.CSI,20170123,5734.6613,,,,5727.949,6.7123,0.1172,,
H00922.CSI,20170120,5727.949,,,,5677.9188,50.0302,0.8811,,
H00922.CSI,20170119,5677.9188,,,,5690.7043,-12.7855,-0.2247,,
H00922.CSI,20170118,5690.7043,,,,5655.561,35.1433,0.6214,,
H00922.CSI,20170117,5655.561,,,,5643.6558,11.9052,0.2109,,
H00922.CSI,20170116,5643.6558,,,,5639.4602,4.1956,0.0744,,
H00922.CSI,20170113,5639.4602,,,,5635.6069,3.8533,0.0684,,
H00922.CSI,20170112,5635.6069,,,,5670.1235,-34.5166,-0.6087,,
H00922.CSI,20170111,5670.1235,,,,5715.0129,-44.8894,-0.7855,,
H00922.CSI,20170110,5715.0129,,,,5730.9091,-15.8962,-0.2774,,
H00922.CSI,20170109,5730.9091,,,,5698.2745,32.6346,0.5727,,
H00922.CSI,20170106,5698.2745,,,,5722.8918,-24.6173,-0.4302,,
H00922.CSI,20170105,5722.8918,,,,5716.6067,6.2851,0.1099,,
H00922.CSI,20170104,5716.6067,,,,5669.759,46.8477,0.8263,,
H00922.CSI,20170103,5669.759,,,,5612.7133,57.0457,1.0164,,
H00922.CSI,20161230,5612.7133,,,,5585.6299,27.0834,0.4849,,
H00922.CSI,20161229,5585.6299,,,,5593.5138,-7.8839,-0.1409,,
H00922.CSI,20161228,5593.5138,,,,5615.9833,-22.4695,-0.4001,,
H00922.CSI,20161227,5615.9833,,,,5612.7722,3.2111,0.0572,,
H00922.CSI,20161226,5612.7722,,,,5596.2111,16.5611,0.2959,,
H00922.CSI,20161223,5596.2111,,,,5656.3732,-60.1621,-1.0636,,
H00922.CSI,20161222,5656.3732,,,,5646.5432,9.83,0.1741,,
H00922.CSI,20161221,5646.5432,,,,5591.7886,54.7546,0.9792,,
H00922.CSI,20161220,5591.7886,,,,5627.7818,-35.9932,-0.6396,,
H00922.CSI,20161219,5627.7818,,,,5632.9174,-5.1356,-0.0912,,
H00922.CSI,20161216,5632.9174,,,,5618.5197,14.3977,0.2563,,
H00922.CSI,20161215,5618.5197,,,,5680.3027,-61.783,-1.0877,,
H00922.CSI,20161214,5680.3027,,,,5723.0171,-42.7144,-0.7464,,
H00922.CSI,20161213,5723.0171,,,,5732.2385,-9.2214,-0.1609,,
H00922.CSI,20161212,5732.2385,,,,5875.7504,-143.5119,-2.4424,,
H00922.CSI,20161209,5875.7504,,,,5825.1611,50.5893,0.8685,,
H00922.CSI,20161208,5825.1611,,,,5828.4364,-3.2753,-0.0562,,
H00922.CSI,20161207,5828.4364,,,,5799.8131,28.6233,0.4935,,
H00922.CSI,20161206,5799.8131,,,,5808.1445,-8.3314,-0.1434,,
H00922.CSI,20161205,5808.1445,,,,5900.0771,-91.9326,-1.5582,,
H00922.CSI,20161202,5900.0771,,,,5962.4114,-62.3343,-1.0455,,
H00922.CSI,20161201,5962.4114,,,,5903.7399,58.6715,0.9938,,
H00922.CSI,20161130,5903.7399,,,,5968.7996,-65.0597,-1.09,,
H00922.CSI,20161129,5968.7996,,,,5943.7708,25.0288,0.4211,,
H00922.CSI,20161128,5943.7708,,,,5910.0945,33.6763,0.5698,,
H00922.CSI,20161125,5910.0945,,,,5858.6426,51.4519,0.8782,,
H00922.CSI,20161124,5858.6426,,,,5825.3834,33.2592,0.5709,,
H00922.CSI,20161123,5825.3834,,,,5804.5761,20.8073,0.3585,,
H00922.CSI,20161122,5804.5761,,,,5769.2661,35.31,0.612,,
H00922.CSI,20161121,5769.2661,,,,5724.6016,44.6645,0.7802,,
H00922.CSI,20161118,5724.6016,,,,5740.6523,-16.0507,-0.2796,,
H00922.CSI,20161117,5740.6523,,,,5714.1773,26.475,0.4633,,
H00922.CSI,20161116,5714.1773,,,,5717.9232,-3.7459,-0.0655,,
H00922.CSI,20161115,5717.9232,,,,5714.276,3.6472,0.0638,,
H00922.CSI,20161114,5714.276,,,,5711.2945,2.9815,0.0522,,
H00922.CSI,20161111,5711.2945,,,,5684.0733,27.2212,0.4789,,
H00922.CSI,20161110,5684.0733,,,,5611.9516,72.1217,1.2851,,
H00922.CSI,20161109,5611.9516,,,,5642.5245,-30.5729,-0.5418,,
H00922.CSI,20161108,5642.5245,,,,5614.472,28.0525,0.4996,,
H00922.CSI,20161107,5614.472,,,,5603.7947,10.6773,0.1905,,
H00922.CSI,20161104,5603.7947,,,,5623.1519,-19.3572,-0.3442,,
H00922.CSI,20161103,5623.1519,,,,5584.4675,38.6844,0.6927,,
H00922.CSI,20161102,5584.4675,,,,5637.0001,-52.5326,-0.9319,,
H00922.CSI,20161101,5637.0001,,,,5599.8721,37.128,0.663,,
H00922.CSI,20161031,5599.8721,,,,5596.1337,3.7384,0.0668,,
H00922.CSI,20161028,5596.1337,,,,5629.1348,-33.0011,-0.5863,,
H00922.CSI,20161027,5629.1348,,,,5636.8221,-7.6873,-0.1364,,
H00922.CSI,20161026,5636.8221,,,,5675.6063,-38.7842,-0.6833,,
H00922.CSI,20161025,5675.6063,,,,5653.8071,21.7992,0.3856,,
H00922.CSI,20161024,5653.8071,,,,5599.5503,54.2568,0.9689,,
H00922.CSI,20161021,5599.5503,,,,5573.7461,25.8042,0.463,,
H00922.CSI,20161020,5573.7461,,,,5567.1607,6.5854,0.1183,,
H00922.CSI,20161019,5567.1607,,,,5576.9325,-9.7718,-0.1752,,
H00922.CSI,20161018,5576.9325,,,,5503.0114,73.9211,1.3433,,
H00922.CSI,20161017,5503.0114,,,,5542.5004,-39.489,-0.7125,,
H00922.CSI,20161014,5542.5004,,,,5541.983,0.5174,0.0093,,
H00922.CSI,20161013,5541.983,,,,5526.7545,15.2285,0.2755,,
H00922.CSI,20161012,5526.7545,,,,5537.4683,-10.7138,-0.1935,,
H00922.CSI,20161011,5537.4683,,,,5523.2004,14.2679,0.2583,,
H00922.CSI,20161010,5523.2004,,,,5451.2171,71.9833,1.3205,,
H00922.CSI,20160930,5451.2171,,,,5436.2004,15.0167,0.2762,,
H00922.CSI,20160929,5436.2004,,,,5417.6319,18.5685,0.3427,,
H00922.CSI,20160928,5417.6319,,,,5426.3414,-8.7095,-0.1605,,
H00922.CSI,20160927,5426.3414,,,,5392.9115,33.4299,0.6199,,
H00922.CSI,20160926,5392.9115,,,,5473.7208,-80.8093,-1.4763,,
H00922.CSI,20160923,5473.7208,,,,5499.3192,-25.5984,-0.4655,,
H00922.CSI,20160922,5499.3192,,,,5449.003,50.3162,0.9234,,
H00922.CSI,20160921,5449.003,,,,5443.1822,5.8208,0.1069,,
H00922.CSI,20160920,5443.1822,,,,5437.8373,5.3449,0.0983,,
H00922.CSI,20160919,5437.8373,,,,5383.5189,54.3184,1.009,,
H00922.CSI,20160914,5383.5189,,,,5435.871,-52.3521,-0.9631,,
H00922.CSI,20160913,5435.871,,,,5427.0495,8.8215,0.1625,,
H00922.CSI,20160912,5427.0495,,,,5528.2206,-101.1711,-1.8301,,
H00922.CSI,20160909,5528.2206,,,,5574.4599,-46.2393,-0.8295,,
H00922.CSI,20160908,5574.4599,,,,5566.7687,7.6912,0.1382,,
H00922.CSI,20160907,5566.7687,,,,5562.2348,4.5339,0.0815,,
H00922.CSI,20160906,5562.2348,,,,5516.5114,45.7234,0.8288,,
H00922.CSI,20160905,5516.5114,,,,5494.3822,22.1292,0.4028,,
H00922.CSI,20160902,5494.3822,,,,5481.9239,12.4583,0.2273,,
H00922.CSI,20160901,5481.9239,,,,5530.3464,-48.4225,-0.8756,,
H00922.CSI,20160831,5530.3464,,,,5506.2419,24.1045,0.4378,,
H00922.CSI,20160830,5506.2419,,,,5495.4989,10.743,0.1955,,
H00922.CSI,20160829,5495.4989,,,,5496.5656,-1.0667,-0.0194,,
H00922.CSI,20160826,5496.5656,,,,5505.912,-9.3464,-0.1698,,
H00922.CSI,20160825,5505.912,,,,5533.0638,-27.1518,-0.4907,,
H00922.CSI,20160824,5533.0638,,,,5549.5151,-16.4513,-0.2964,,
H00922.CSI,20160823,5549.5151,,,,5545.3871,4.128,0.0744,,
H00922.CSI,20160822,5545.3871,,,,5579.493,-34.1059,-0.6113,,
H00922.CSI,20160819,5579.493,,,,5572.7389,6.7541,0.1212,,
H00922.CSI,20160818,5572.7389,,,,5584.5403,-11.8014,-0.2113,,
H00922.CSI,20160817,5584.5403,,,,5584.732,-0.1917,-0.0034,,
H00922.CSI,20160816,5584.732,,,,5608.3712,-23.6392,-0.4215,,
H00922.CSI,20160815,5608.3712,,,,5473.1783,135.1929,2.4701,,
H00922.CSI,20160812,5473.1783,,,,5366.0131,107.1652,1.9971,,
H00922.CSI,20160811,5366.0131,,,,5387.637,-21.6239,-0.4014,,
H00922.CSI,20160810,5387.637,,,,5412.1901,-24.5531,-0.4537,,
H00922.CSI,20160809,5412.1901,,,,5377.6961,34.494,0.6414,,
H00922.CSI,20160808,5377.6961,,,,5321.9563,55.7398,1.0474,,
H00922.CSI,20160805,5321.9563,,,,5316.7632,5.1931,0.0977,,
H00922.CSI,20160804,5316.7632,,,,5305.7563,11.0069,0.2075,,
H00922.CSI,20160803,5305.7563,,,,5292.9494,12.8069,0.242,,
H00922.CSI,20160802,5292.9494,,,,5272.5823,20.3671,0.3863,,
H00922.CSI,20160801,5272.5823,,,,5320.3251,-47.7428,-0.8974,,
H00922.CSI,20160729,5320.3251,,,,5321.6795,-1.3544,-0.0255,,
H00922.CSI,20160728,5321.6795,,,,5254.0095,67.67,1.288,,
H00922.CSI,20160727,5254.0095,,,,5331.1942,-77.1847,-1.4478,,
H00922.CSI,20160726,5331.1942,,,,5260.1774,71.0168,1.3501,,
H00922.CSI,20160725,5260.1774,,,,5239.0383,21.1391,0.4035,,
H00922.CSI,20160722,5239.0383,,,,5294.2303,-55.192,-1.0425,,
H00922.CSI,20160721,5294.2303,,,,5264.5574,29.6729,0.5636,,
H00922.CSI,20160720,5264.5574,,,,5280.444,-15.8866,-0.3009,,
H00922.CSI,20160719,5280.444,,,,5304.1114,-23.6674,-0.4462,,
H00922.CSI,20160718,5304.1114,,,,5296.1057,8.0057,0.1512,,
H00922.CSI,20160715,5296.1057,,,,5282.7902,13.3155,0.2521,,
H00922.CSI,20160714,5282.7902,,,,5303.6814,-20.8912,-0.3939,,
H00922.CSI,20160713,5303.6814,,,,5276.628,27.0534,0.5127,,
H00922.CSI,20160712,5276.628,,,,5156.5012,120.1268,2.3296,,
H00922.CSI,20160711,5156.5012,,,,5141.2819,15.2193,0.296,,
H00922.CSI,20160708,5141.2819,,,,5160.859,-19.5771,-0.3793,,
H00922.CSI,20160707,5160.859,,,,5169.8326,-8.9736,-0.1736,,
H00922.CSI,20160706,5169.8326,,,,5148.3926,21.44,0.4164,,
H00922.CSI,20160705,5148.3926,,,,5139.6223,8.7703,0.1706,,
H00922.CSI,20160704,5139.6223,,,,5062.7343,76.888,1.5187,,
H00922.CSI,20160701,5062.7343,,,,5057.9332,4.8011,0.0949,,
H00922.CSI,20160630,5057.9332,,,,5051.3228,6.6104,0.1309,,
H00922.CSI,20160629,5051.3228,,,,5035.6857,15.6371,0.3105,,
H00922.CSI,20160628,5035.6857,,,,5005.2913,30.3944,0.6072,,
H00922.CSI,20160627,5005.2913,,,,4938.7327,66.5586,1.3477,,
H00922.CSI,20160624,4938.7327,,,,4995.2513,-56.5186,-1.1314,,
H00922.CSI,20160623,4995.2513,,,,5018.471,-23.2197,-0.4627,,
H00922.CSI,20160622,5018.471,,,,4975.5616,42.9094,0.8624,,
H00922.CSI,20160621,4975.5616,,,,4989.5838,-14.0222,-0.281,,
H00922.CSI,20160620,4989.5838,,,,4986.051,3.5328,0.0709,,
H00922.CSI,20160617,4986.051,,,,4944.6157,41.4353,0.838,,
H00922.CSI,20160616,4944.6157,,,,4970.3245,-25.7088,-0.5172,,
H00922.CSI,20160615,4970.3245,,,,4900.8051,69.5194,1.4185,,
H00922.CSI,20160614,4900.8051,,,,4887.9189,12.8862,0.2636,,
H00922.CSI,20160613,4887.9189,,,,5029.1299,-141.211,-2.8079,,
H00922.CSI,20160608,5029.1299,,,,5051.7454,-22.6155,-0.4477,,
H00922.CSI,20160607,5051.7454,,,,5059.1822,-7.4368,-0.147,,
H00922.CSI,20160606,5059.1822,,,,5056.9659,2.2163,0.0438,,
H00922.CSI,20160603,5056.9659,,,,5029.2572,27.7087,0.551,,
H00922.CSI,20160602,5029.2572,,,,5016.0245,13.2327,0.2638,,
H00922.CSI,20160601,5016.0245,,,,5015.3713,0.6532,0.013,,
H00922.CSI,20160531,5015.3713,,,,4877.4675,137.9038,2.8274,,
H00922.CSI,20160530,4877.4675,,,,4876.0342,1.4333,0.0294,,
H00922.CSI,20160527,4876.0342,,,,4863.4451,12.5891,0.2589,,
H00922.CSI,20160526,4863.4451,,,,4853.0656,10.3795,0.2139,,
H00922.CSI,20160525,4853.0656,,,,4848.8463,4.2193,0.087,,
H00922.CSI,20160524,4848.8463,,,,4886.9683,-38.122,-0.7801,,
H00922.CSI,20160523,4886.9683,,,,4859.083,27.8853,0.5739,,
H00922.CSI,20160520,4859.083,,,,4839.7137,19.3693,0.4002,,
H00922.CSI,20160519,4839.7137,,,,4842.0532,-2.3395,-0.0483,,
H00922.CSI,20160518,4842.0532,,,,4908.3547,-66.3015,-1.3508,,
H00922.CSI,20160517,4908.3547,,,,4926.8778,-18.5231,-0.376,,
H00922.CSI,20160516,4926.8778,,,,4893.368,33.5098,0.6848,,
H00922.CSI,20160513,4893.368,,,,4903.9549,-10.5869,-0.2159,,
H00922.CSI,20160512,4903.9549,,,,4896.0058,7.9491,0.1624,,
H00922.CSI,20160511,4896.0058,,,,4867.9158,28.09,0.577,,
H00922.CSI,20160510,4867.9158,,,,4852.4356,15.4802,0.319,,
H00922.CSI,20160509,4852.4356,,,,4971.9458,-119.5102,-2.4037,,
H00922.CSI,20160506,4971.9458,,,,5109.4047,-137.4589,-2.6903,,
H00922.CSI,20160505,5109.4047,,,,5107.3032,2.1015,0.0411,,
H00922.CSI,20160504,5107.3032,,,,5123.5005,-16.1973,-0.3161,,
H00922.CSI,20160503,5123.5005,,,,5034.26,89.2405,1.7727,,
H00922.CSI,20160429,5034.26,,,,5041.9693,-7.7093,-0.1529,,
H00922.CSI,20160428,5041.9693,,,,5047.8276,-5.8583,-0.1161,,
H00922.CSI,20160427,5047.8276,,,,5066.3963,-18.5687,-0.3665,,
H00922.CSI,20160426,5066.3963,,,,5039.7708,26.6255,0.5283,,
H00922.CSI,20160425,5039.7708,,,,5035.6091,4.1617,0.0826,,
H00922.CSI,20160422,5035.6091,,,,5008.9813,26.6278,0.5316,,
H00922.CSI,20160421,5008.9813,,,,5032.799,-23.8177,-0.4732,,
H00922.CSI,20160420,5032.799,,,,5149.1952,-116.3962,-2.2605,,
H00922.CSI,20160419,5149.1952,,,,5136.5001,12.6951,0.2472,,
H00922.CSI,20160418,5136.5001,,,,5191.016,-54.5159,-1.0502,,
H00922.CSI,20160415,5191.016,,,,5204.9651,-13.9491,-0.268,,
H00922.CSI,20160414,5204.9651,,,,5186.7785,18.1866,0.3506,,
H00922.CSI,20160413,5186.7785,,,,5116.272,70.5065,1.3781,,
H00922.CSI,20160412,5116.272,,,,5137.1694,-20.8974,-0.4068,,
H00922.CSI,20160411,5137.1694,,,,5059.8399,77.3295,1.5283,,
H00922.CSI,20160408,5059.8399,,,,5094.4506,-34.6107,-0.6794,,
H00922.CSI,20160407,5094.4506,,,,5170.0312,-75.5806,-1.4619,,
H00922.CSI,20160406,5170.0312,,,,5171.4388,-1.4076,-0.0272,,
H00922.CSI,20160405,5171.4388,,,,5090.0049,81.4339,1.5999,,
H00922.CSI,20160401,5090.0049,,,,5085.3256,4.6793,0.092,,
H00922.CSI,20160331,5085.3256,,,,5080.5027,4.8229,0.0949,,
H00922.CSI,20160330,5080.5027,,,,4962.9417,117.561,2.3688,,
H00922.CSI,20160329,4962.9417,,,,5016.5942,-53.6525,-1.0695,,
H00922.CSI,20160328,5016.5942,,,,5034.9193,-18.3251,-0.364,,
H00922.CSI,20160325,5034.9193,,,,4997.2892,37.6301,0.753,,
H00922.CSI,20160324,4997.2892,,,,5067.7936,-70.5044,-1.3912,,
H00922.CSI,20160323,5067.7936,,,,5070.3518,-2.5582,-0.0505,,
H00922.CSI,20160322,5070.3518,,,,5091.5869,-21.2351,-0.4171,,
H00922.CSI,20160321,5091.5869,,,,5012.133,79.4539,1.5852,,
H00922.CSI,20160318,5012.133,,,,4935.0733,77.0597,1.5615,,
H00922.CSI,20160317,4935.0733,,,,4875.2583,59.815,1.2269,,
H00922.CSI,20160316,4875.2583,,,,4862.0069,13.2514,0.2726,,
H00922.CSI,20160315,4862.0069,,,,4854.8224,7.1845,0.148,,
H00922.CSI,20160314,4854.8224,,,,4770.5889,84.2335,1.7657,,
H00922.CSI,20160311,4770.5889,,,,4771.9997,-1.4108,-0.0296,,
H00922.CSI,20160310,4771.9997,,,,4839.7734,-67.7737,-1.4003,,
H00922.CSI,20160309,4839.7734,,,,4912.627,-72.8536,-1.483,,
H00922.CSI,20160308,4912.627,,,,4916.8019,-4.1749,-0.0849,,
H00922.CSI,20160307,4916.8019,,,,4865.6935,51.1084,1.0504,,
H00922.CSI,20160304,4865.6935,,,,4856.5736,9.1199,0.1878,,
H00922.CSI,20160303,4856.5736,,,,4851.5529,5.0207,0.1035,,
H00922.CSI,20160302,4851.5529,,,,4641.5782,209.9747,4.5238,,
H00922.CSI,20160301,4641.5782,,,,4551.3789,90.1993,1.9818,,
H00922.CSI,20160229,4551.3789,,,,4669.9455,-118.5666,-2.5389,,
H00922.CSI,20160226,4669.9455,,,,4621.1197,48.8258,1.0566,,
H00922.CSI,20160225,4621.1197,,,,4927.4144,-306.2947,-6.2161,,
H00922.CSI,20160224,4927.4144,,,,4892.603,34.8114,0.7115,,
H00922.CSI,20160223,4892.603,,,,4926.7416,-34.1386,-0.6929,,
H00922.CSI,20160222,4926.7416,,,,4818.2008,108.5408,2.2527,,
H00922.CSI,20160219,4818.2008,,,,4817.0651,1.1357,0.0236,,
H00922.CSI,20160218,4817.0651,,,,4816.4925,0.5726,0.0119,,
H00922.CSI,20160217,4816.4925,,,,4768.1637,48.3288,1.0136,,
H00922.CSI,20160216,4768.1637,,,,4630.1131,138.0506,2.9816,,
H00922.CSI,20160215,4630.1131,,,,4660.1742,-30.0611,-0.6451,,
H00922.CSI,20160205,4660.1742,,,,4675.5302,-15.356,-0.3284,,
H00922.CSI,20160204,4675.5302,,,,4622.1332,53.397,1.1552,,
H00922.CSI,20160203,4622.1332,,,,4639.6688,-17.5356,-0.3779,,
H00922.CSI,20160202,4639.6688,,,,4542.9569,96.7119,2.1288,,
H00922.CSI,20160201,4542.9569,,,,4599.2494,-56.2925,-1.2239,,
H00922.CSI,20160129,4599.2494,,,,4464.9822,134.2672,3.0071,,
H00922.CSI,20160128,4464.9822,,,,4584.5805,-119.5983,-2.6087,,
H00922.CSI,20160127,4584.5805,,,,4608.5026,-23.9221,-0.5191,,
H00922.CSI,20160126,4608.5026,,,,4913.7101,-305.2075,-6.2113,,
H00922.CSI,20160125,4913.7101,,,,4880.1161,33.594,0.6884,,
H00922.CSI,20160122,4880.1161,,,,4826.0653,54.0508,1.12,,
H00922.CSI,20160121,4826.0653,,,,4969.7014,-143.6361,-2.8902,,
H00922.CSI,20160120,4969.7014,,,,5030.6053,-60.9039,-1.2107,,
H00922.CSI,20160119,5030.6053,,,,4876.0475,154.5578,3.1697,,
H00922.CSI,20160118,4876.0475,,,,4862.3198,13.7277,0.2823,,
H00922.CSI,20160115,4862.3198,,,,5045.4361,-183.1163,-3.6293,,
H00922.CSI,20160114,5045.4361,,,,4941.5862,103.8499,2.1015,,
H00922.CSI,20160113,4941.5862,,,,5037.5018,-95.9156,-1.904,,
H00922.CSI,20160112,5037.5018,,,,5038.8516,-1.3498,-0.0268,,
H00922.CSI,20160111,5038.8516,,,,5340.9586,-302.107,-5.6564,,
H00922.CSI,20160108,5340.9586,,,,5214.2206,126.738,2.4306,,
H00922.CSI,20160107,5214.2206,,,,5604.9623,-390.7417,-6.9714,,
H00922.CSI,20160106,5604.9623,,,,5469.2416,135.7207,2.4815,,
H00922.CSI,20160105,5469.2416,,,,5449.9831,19.2585,0.3534,,
H00922.CSI,20160104,5449.9831,,,,5865.1305,-415.1474,-7.0782,,
H00922.CSI,20151231,5865.1305,,,,5922.368,-57.2375,-0.9665,,
H00922.CSI,20151230,5922.368,,,,5912.2642,10.1038,0.1709,,
H00922.CSI,20151229,5912.2642,,,,5854.896,57.3682,0.9798,,
H00922.CSI,20151228,5854.896,,,,6003.4426,-148.5466,-2.4744,,
H00922.CSI,20151225,6003.4426,,,,5975.2422,28.2004,0.472,,
H00922.CSI,20151224,5975.2422,,,,6051.0248,-75.7826,-1.2524,,
H00922.CSI,20151223,6051.0248,,,,6059.3001,-8.2753,-0.1366,,
H00922.CSI,20151222,6059.3001,,,,6028.4508,30.8493,0.5117,,
H00922.CSI,20151221,6028.4508,,,,5868.5798,159.871,2.7242,,
H00922.CSI,20151218,5868.5798,,,,5872.6921,-4.1123,-0.07,,
H00922.CSI,20151217,5872.6921,,,,5747.3421,125.35,2.181,,
H00922.CSI,20151216,5747.3421,,,,5757.955,-10.6129,-0.1843,,
H00922.CSI,20151215,5757.955,,,,5763.9764,-6.0214,-0.1045,,
H00922.CSI,20151214,5763.9764,,,,5637.3142,126.6622,2.2469,,
H00922.CSI,20151211,5637.3142,,,,5691.5652,-54.251,-0.9532,,
H00922.CSI,20151210,5691.5652,,,,5702.3579,-10.7927,-0.1893,,
H00922.CSI,20151209,5702.3579,,,,5673.2808,29.0771,0.5125,,
H00922.CSI,20151208,5673.2808,,,,5796.0889,-122.8081,-2.1188,,
H00922.CSI,20151207,5796.0889,,,,5771.1496,24.9393,0.4321,,
H00922.CSI,20151204,5771.1496,,,,5857.8459,-86.6963,-1.48,,
H00922.CSI,20151203,5857.8459,,,,5781.1563,76.6896,1.3265,,
H00922.CSI,20151202,5781.1563,,,,5680.5913,100.565,1.7703,,
H00922.CSI,20151201,5680.5913,,,,5673.6761,6.9152,0.1219,,
H00922.CSI,20151130,5673.6761,,,,5607.5657,66.1104,1.179,,
H00922.CSI,20151127,5607.5657,,,,5911.4182,-303.8525,-5.1401,,
H00922.CSI,20151126,5911.4182,,,,5942.0756,-30.6574,-0.5159,,
H00922.CSI,20151125,5942.0756,,,,5860.0112,82.0644,1.4004,,
H00922.CSI,20151124,5860.0112,,,,5840.3425,19.6687,0.3368,,
H00922.CSI,20151123,5840.3425,,,,5845.8378,-5.4953,-0.094,,
H00922.CSI,20151120,5845.8378,,,,5807.5149,38.3229,0.6599,,
H00922.CSI,20151119,5807.5149,,,,5710.2107,97.3042,1.704,,
H00922.CSI,20151118,5710.2107,,,,5776.0866,-65.8759,-1.1405,,
H00922.CSI,20151117,5776.0866,,,,5779.2646,-3.178,-0.055,,
H00922.CSI,20151116,5779.2646,,,,5705.6139,73.6507,1.2908,,
H00922.CSI,20151113,5705.6139,,,,5760.8713,-55.2574,-0.9592,,
H00922.CSI,20151112,5760.8713,,,,5806.6765,-45.8052,-0.7888,,
H00922.CSI,20151111,5806.6765,,,,5776.8015,29.875,0.5172,,
H00922.CSI,20151110,5776.8015,,,,5769.6784,7.1231,0.1235,,
H00922.CSI,20151109,5769.6784,,,,5689.4861,80.1923,1.4095,,
H00922.CSI,20151106,5689.4861,,,,5583.4404,106.0457,1.8993,,
H00922.CSI,20151105,5583.4404,,,,5498.6398,84.8006,1.5422,,
H00922.CSI,20151104,5498.6398,,,,5260.2338,238.406,4.5322,,
H00922.CSI,20151103,5260.2338,,,,5284.4704,-24.2366,-0.4586,,
H00922.CSI,20151102,5284.4704,,,,5384.0944,-99.624,-1.8503,,
H00922.CSI,20151030,5384.0944,,,,5409.7437,-25.6493,-0.4741,,
H00922.CSI,20151029,5409.7437,,,,5389.3065,20.4372,0.3792,,
H00922.CSI,20151028,5389.3065,,,,5480.2415,-90.935,-1.6593,,
H00922.CSI,20151027,5480.2415,,,,5461.6154,18.6261,0.341,,
H00922.CSI,20151026,5461.6154,,,,5425.6186,35.9968,0.6635,,
H00922.CSI,20151023,5425.6186,,,,5320.814,104.8046,1.9697,,
H00922.CSI,20151022,5320.814,,,,5216.1338,104.6802,2.0069,,
H00922.CSI,20151021,5216.1338,,,,5478.7989,-262.6651,-4.7942,,
H00922.CSI,20151020,5478.7989,,,,5419.0117,59.7872,1.1033,,
H00922.CSI,20151019,5419.0117,,,,5373.6276,45.3841,0.8446,,
H00922.CSI,20151016,5373.6276,,,,5280.671,92.9566,1.7603,,
H00922.CSI,20151015,5280.671,,,,5134.4954,146.1756,2.8469,,
H00922.CSI,20151014,5134.4954,,,,5222.8658,-88.3704,-1.692,,
H00922.CSI,20151013,5222.8658,,,,5203.1595,19.7063,0.3787,,
H00922.CSI,20151012,5203.1595,,,,5016.4388,186.7207,3.7222,,
H00922.CSI,20151009,5016.4388,,,,4970.3348,46.104,0.9276,,
H00922.CSI,20151008,4970.3348,,,,4813.5709,156.7639,3.2567,,
H00922.CSI,20150930,4813.5709,,,,4792.7566,20.8143,0.4343,,
H00922.CSI,20150929,4792.7566,,,,4875.9259,-83.1693,-1.7057,,
H00922.CSI,20150928,4875.9259,,,,4818.2837,57.6422,1.1963,,
H00922.CSI,20150925,4818.2837,,,,4910.1316,-91.8479,-1.8706,,
H00922.CSI,20150924,4910.1316,,,,4858.1968,51.9348,1.069,,
H00922.CSI,20150923,4858.1968,,,,4948.1897,-89.9929,-1.8187,,
H00922.CSI,20150922,4948.1897,,,,4911.6296,36.5601,0.7444,,
H00922.CSI,20150921,4911.6296,,,,4805.1403,106.4893,2.2162,,
H00922.CSI,20150918,4805.1403,,,,4762.2542,42.8861,0.9005,,
H00922.CSI,20150917,4762.2542,,,,4875.9874,-113.7332,-2.3325,,
H00922.CSI,20150916,4875.9874,,,,4595.3363,280.6511,6.1073,,
H00922.CSI,20150915,4595.3363,,,,4824.4505,-229.1142,-4.749,,
H00922.CSI,20150914,4824.4505,,,,5044.4645,-220.014,-4.3615,,
H00922.CSI,20150911,5044.4645,,,,5032.0243,12.4402,0.2472,,
H00922.CSI,20150910,5032.0243,,,,5113.1873,-81.163,-1.5873,,
H00922.CSI,20150909,5113.1873,,,,4995.6143,117.573,2.3535,,
H00922.CSI,20150908,4995.6143,,,,4831.9613,163.653,3.3869,,
H00922.CSI,20150907,4831.9613,,,,4934.0219,-102.0606,-2.0685,,
H00922.CSI,20150902,4934.0219,,,,4928.2255,5.7964,0.1176,,
H00922.CSI,20150901,4928.2255,,,,5066.4695,-138.244,-2.7286,,
H00922.CSI,20150831,5066.4695,,,,5157.1178,-90.6483,-1.7577,,
H00922.CSI,20150828,5157.1178,,,,4886.9291,270.1887,5.5288,,
H00922.CSI,20150827,4886.9291,,,,4654.9453,231.9838,4.9836,,
H00922.CSI,20150826,4654.9453,,,,4713.913,-58.9677,-1.2509,,
H00922.CSI,20150825,4713.913,,,,5136.1471,-422.2341,-8.2208,,
H00922.CSI,20150824,5136.1471,,,,5622.2232,-486.0761,-8.6456,,
H00922.CSI,20150821,5622.2232,,,,5940.2684,-318.0452,-5.3541,,
H00922.CSI,20150820,5940.2684,,,,6157.9014,-217.633,-3.5342,,
H00922.CSI,20150819,6157.9014,,,,6059.1679,98.7335,1.6295,,
H00922.CSI,20150818,6059.1679,,,,6534.2924,-475.1245,-7.2712,,
H00922.CSI,20150817,6534.2924,,,,6438.7749,95.5175,1.4835,,
H00922.CSI,20150814,6438.7749,,,,6458.3172,-19.5423,-0.3026,,
H00922.CSI,20150813,6458.3172,,,,6303.5116,154.8056,2.4559,,
H00922.CSI,20150812,6303.5116,,,,6399.0283,-95.5167,-1.4927,,
H00922.CSI,20150811,6399.0283,,,,6380.2976,18.7307,0.2936,,
H00922.CSI,20150810,6380.2976,,,,6097.752,282.5456,4.6336,,
H00922.CSI,20150807,6097.752,,,,5963.2084,134.5436,2.2562,,
H00922.CSI,20150806,5963.2084,,,,6002.4986,-39.2902,-0.6546,,
H00922.CSI,20150805,6002.4986,,,,6068.0567,-65.5581,-1.0804,,
H00922.CSI,20150804,6068.0567,,,,5852.9195,215.1372,3.6757,,
H00922.CSI,20150803,5852.9195,,,,5816.2396,36.6799,0.6306,,
